Lens ID,Title,Publication Year,Abstract,Keywords,MeSH Terms
000-247-520-313-487,"Evaluation of Multiple Ability (K-6) Beginning Teacher Competencies. For Class B Certification in Elementary Education, Early Childhood Education, and Mild Disabilities.",1993,,,
000-315-279-343-20X,Research-Based Practices for Emergent Bilinguals with Moderate Intellectual Disability: A Review of Literature,2019,"Emergent Bilinguals (EB), particularly those of Latino descent, who have a moderate intellectual disability (ID) are arguably one of the most underserved and under researched populations. Although ...",,
000-339-941-862-458,"Childhood Health Shocks, Comparative Advantage, and Long-Term Outcomes: Evidence from the Last Danish Polio Epidemic",2018,"A large literature documents that childhood health shocks have lasting negative consequences for adult outcomes. This paper demonstrates that the adversity of childhood physical disability can be mediated by individuals' educational and occupational choices, which reflect their comparative advantage. We merge records on children hospitalized with poliomyelitis during the 1952 Danish epidemic to census and administrative data, and exploit quasi-random variation in paralysis incidence. While childhood disability increases the likelihood of early retirement and disability pension receipt at age 50, paralytic polio survivors obtain higher education and are more likely to work in white-collar and computer-demanding jobs than their non-paralytic counterparts.",,
000-818-335-825-399,Comparative Educational Considerations in Special Secondary Education in Greece (2015 – 2019),2023,"<jats:p>Our article examines policies for Special Vocational Secondary Education in Greece. Emphasis is placed on the presentation of legislation with references to the organization and operation of schools and education structures. The aim is to highlight either the different policies for Special Education compared to previous periods, or the evolution of previous policies. As can be seen from our study, the period 2015 – 2019 is considered to be decisive in the evolution of policies for Special Secondary Education. Gradually, Greece is harmonizing with policies of the European Union and International Organizations for the performance of the policy of the rights of people with disabilities. Especially the organization of Secondary Vocational Education changes the model of Education of people with disabilities with emphasis on the acquisition of skills, in order to integrate into the labour market. Thus, in the expanded study framework, the policies of the Organisation for Economic Co-operation and Development (O.E.C.D.) are also examined in order to highlight the particular scientific – economic capital that is being formed and evolving on the role of education in the labour market. The increased attendance of people with disabilities in public educational structures is related to their right to education, quality of life and social integration, so that they can be integrated into social and professional life without discrimination, avoiding social exclusion and marginalization.</jats:p>",,
000-963-951-077-583,Using the Multiple Intelligences to Enhance Instruction for Young Children and Young Children with Disabilities,2005,The theory of the multiple intelligences are discussed in relation to working with young children and young children with disabilities. A rationale for the use of the multiple intelligences is discussed as well as practical suggestions on how they can be incorporated into early childhood programs.,,
001-140-199-311-667,"Quality Inclusive Practices for Preschoolers with Disabilities : Providing Access, Opportunities for Participation, and Supports",2019,"For over 30 years research and policy in early childhood special education (ECSE) has supported inclusive environments for children with disabilities. High-quality inclusive educational experiences include a combination of exemplary practices in general early childhood education (EC) along with recommended practices in ECSE. Two documents highlight recommendations for the inclusion of children with disabilities in educational and community settings. The first document, Early Childhood Inclusion: A Joint Position Statement of the Division for Early Childhood of the Council for Exceptional Children and the National Association for the Education of Young Children (2009), was co-authored by the two largest organizations representing EC and ECSE professionals. It provides a definition for the inclusion of children with disabilities and offers recommendations to expand inclusive opportunities (DEC /NAEYC, 2009). The second document, co-authored by the U.S. Department of Health and Human Services and the U.S. Department of Education (2015), provides recommendations to states to further the inclusion of children with disabilities in early education and care settings. This chapter draws upon these statements as we highlight research on high-quality inclusive settings for preschoolers with disabilities. We include suggestions for research and increased support for inclusive preschool education.",,
001-641-778-155-06X,Changes in the Empirical Representation of Pre-service Early Childhood Teachers on Disabilities and Inclusive Education: with priority given to early childhood education students taking courses related to special education,2017,"<jats:p>The purpose of this study was to examine what changes pre-service early childhood teachers underwent in empirical representation on disabilities and inclusive education by taking courses that were related to special education and put emphasis on practical knowledge, skills and reflective deliberation. The subjects in this study were 106 selected early childhood education students who were in their third year at a college. Data were collected from September 1 to December 15, 2016. Their images of disabilities and inclusive education were collected, and words that they used to represent disabilities and inclusive education were gathered as well. As a result of analyzing the; collected data, the change that the pre-service early childhood teachers experienced in empirical representation on disabilities after taking the courses related to special education was  escaping from otherness . And there were three subcategories:  From reified discrimination to the universality of value ,  from pity to recognition , and  from; someone who doesn t concern me to someone to whom I should reach out . The change in their empirical representation on inclusive education after taking the courses related to special education was  intentional endeavor for coexistence and co-living . And there were three subcategories:  From something to mind to seeking value that can be embodied by coming together ,  from simple arrangement to environments that should be prepared to ensure diversity , and  from vague fear to confidence and will for practice . The findings of the study are expected to provide information on how to provide teacher education to guarantee the successful spread and fulfillment of inclusive; early childhood education.</jats:p>",,
001-783-983-679-413,Collaboration Is the Key: A Conversation With Dr. Vivian I. Correa,2024,"<jats:p> Dr. Correa is a professor emerita in the Department of Child Development and Family Studies at the University of North Carolina, Charlotte. Throughout her career, Dr. Correa’s research focused on young children with disabilities, bilingual special education, teacher education, and the intersection of early childhood special education with early childhood education. These foci resulted in research that crosses boundaries, involving strong collaborative partnerships across special education and general education within school settings, departments within universities, and multiple universities nationally. </jats:p>",,
002-187-001-451-141,Development of a staff training prototype for early childhood centers.,1971,,,"Child, Preschool; Persons with Disabilities; Education of Persons with Intellectual Disabilities; Education, Special; Government Agencies; Humans; Legislation as Topic; United States"
002-370-633-560-667,A Review of Transition Research in Early Intervention/Early Childhood Special Education Field: Peer-reviewed Journals Published Since 2000,2014,,,
002-497-236-953-422,A Study on Understanding on the Resilience Process of Families of Younger Children with Disabilities: With a Special Reference to the Grounded Theory Approach,2015,,,
002-825-498-616-899,Education for Parenthood/Vitamin Sales Limited/Indian Education Examined/California's Early Childhood Education,1973,,,
002-840-534-794-568,Meeting the mandate of Public Law 99-457: early childhood intervention in the nineties.,1989,"The Education of the Handicapped Act Amendments of 1986 (PL 99-457) represents the most far-reaching public legislation ever enacted for disabled and developmentally vulnerable young children. This paper presents the basic requirements of the law and discusses the elements of a comprehensive system of early childhood intervention. The challenges and problems created by the law are delineated, and recommendations presented.",,"Child; Child, Preschool; Developmental Disabilities/rehabilitation; Persons with Disabilities/psychology; Education, Special/legislation & jurisprudence; Eligibility Determination/legislation & jurisprudence; Forecasting; Humans; Risk Factors; United States"
003-176-316-923-425,"'This may not be represented in the curriculum documents', an analysis of early childhood education curriculum from Ontario college programs.",2023,"<jats:p>This study examines the way in which Early Childhood Educators trained in Ontario college programs are prepared to work with queer populations upon entering the field. This study used post-structuralist, queer feminist, and critical disability theoretical frameworks while analysing the data. A content analysis, informed by critical discourse analysis, was used to assess program documents. Course descriptions from ECE program websites were collected, as well as a total of 33 course outlines from 11 different Ontario college ECE programs, and 9 textbooks identified through the course outlines. Queer content was found to be absent from all but 5 course outlines and 4 textbooks. The need to have queer issues included formally in Ontario ECE curriculum, the othering of queer populations, and the erasure of queer identities are discussed.; Key</jats:p>",queer inclusion; early childhood education; curriculum; critical discourse analysis,
003-182-999-150-281,The impact of public policies on families with young handicapped children,1981,,,
003-198-833-128-865,Early childhood inclusion in Australia,2016,"<jats:p>From the introduction of early intervention services in Australian in the mid-1970s, the families of children with intellectual and multiple disabilities have been encouraged to enroll their children in local preschools and childcare centers. Children with disabilities have also accessed a range of alternatives to full inclusion, such as reverse inclusion and partial inclusion; however, the availability of the range of inclusive options has been limited. Although federal and state governments provide funding to support inclusion, the value of the support has been diminished by difficulties associated with the funding application processes and the lack of skills of early childhood staff and supporting specialists. Recent changes to early childhood provision in Australia have increased the potential of early childhood services to better provide for children with a range of disabilities. The barrier of specialist staff inadequately prepared to support early childhood professionals to promote full participation in center activities remains.</jats:p>",,
003-275-031-689-800,Attitudes of early childhood and preschool education students and teachers towards inclusion of children with Down syndrome,2020,"This study sought to see the difference in attitudes between early childhood and preschool education teachers and students towards the inclusion of children with Down syndrome in kindergartens. The research included teachers from three kindergartens in the City of Split, as well as early childhood and preschool education students at the Faculty of Humanities and Social Sciences in Split. A questionnaire on the assessment of attitudes towards the inclusion of children with Down syndrome was used. The results are presented through thematic statements grouped by content as follows: personal attitude towards inclusion of children with Down syndrome; inclusion success; knowledge and training; kindergarten and inclusion; and attitudes towards parents of children with Down syndrome. The results showed that there was no statistically significant difference between teachers and students in terms of their attitudes towards inclusion. The results of teachers towards the partial integration of children with Down syndrome are significant. Based on the conducted research, it can be concluded there is a need for additional education in this field due to the lack of content, in formal and non-formal education of teachers, addressing the issue of the inclusion of children with Down syndrome and children with disabilities in general. It is necessary to follow the topic of inclusion in the context of kindergarten through a long-term research, using a more sensitive and comprehensive instrument, and a larger sample. If its sensitivity is increased, this instrument can be recommended to be used for all children with developmental disabilities, not just children with DS. Contribution /Originality: This study contributes to the existing literature and research on attitudes towards inclusion of children with Down syndrome. It brings results on the difference in attitudes of teachers with work experience and early childhood and preschool education students on the inclusion of children with Down syndrome in kindergartens.",,
003-333-036-958-507,The effects of using a learning cycle model - based curriculum modification for the development of mathematical abilities of preschoolers with disabilities in inclusive settings.,2012,,,
003-390-104-061-963,Peer Effects in Early Childhood Education Testing the Assumptions of Special-Education Inclusion,2014,"There has been a push in recent years for students with disabilities to be educated alongside their typically developing peers, a practice called inclusion. In this study, we sought to determine whether peer effects operate within early-childhood special-education (ECSE) classrooms in which preschoolers with disabilities are educated alongside typical peers. Peer effects specific to language growth were assessed for 670 preschoolers (mean age = 52 months) in 83 ECSE classrooms; 55% of the children had disabilities. We found that the average language skills of classmates, as assessed in the fall of the year, significantly predicted children's language skills in the spring (after controlling for their relative skill level in the fall); in addition, there was a significant interactive effect of disability status (i.e., the presence or absence of a disability) and peers' language skills. Peer effects were the least consequential for children without disabilities whose classmates had relatively strong language skills, and the most consequential for children with disabilities whose classmates had relatively poor language skills.",childhood development; disabilities; language; language development; schools,"Child Development; Child, Preschool; Developmental Disabilities; Education, Special; Female; Humans; Language Development; Mainstreaming, Education; Male; Peer Group"
003-554-576-885-301,A Successful Kindergarten Transition for Children with Disabilities: Collaboration Throughout the Process.,2021,"The transition to kindergarten can be a memorable, yet stressful time for children and families. For children with disabilities and their caregivers, the transition to kindergarten can be especially difficult due to changes in environment, supports, and services that occur as part of the transition. The purpose of this article is to highlight specific practices and strategies that can enhance collaboration throughout the transition to kindergarten. Fictional vignettes are used to describe the perspectives of, and also the practices and strategies used by, members of an education team as they support a child with a disability and her caregiver. Readers are provided with examples of practices and planning tools that can be used to support children with disabilities throughout the transition to kindergarten process. High-intensity transition practices and strategies that can be used before, during, and after kindergarten transition are specifically highlighted. Additionally, the need for both preschool and kindergarten collaboration and support is emphasized.",Collaboration; Disabilities; Kindergarten; Preschool; Transition,
003-708-769-785-330,An Analysis of Research Trends Regarding Under the Age of 36 Months Children with Disabilities in Korea: Literature Review of the Studies Published in 2006∼2015,2016,,,
003-737-117-044-855,Empowering Culturally Diverse Families of Young Children with Disabilities: The Double ABCX Model,2007,"Many culturally diverse families and their young children with disabilities or delays are not provided appropriate early intervention/early childhood special education services, especially not in a culturally sensitive and meaningful context. Families with diverse backgrounds often feel helpless and stressful because their values are not respected, concerns are not identified, and therefore their needs are not met due to the lack of support from appropriate resources. The purpose of this article is to provide a positive strategy to empower families of young children with special needs and who are from culturally diverse backgrounds through a family-centered, strength-focused family system model: Double ABCX model. Procedures of implementing the double ABCX model was described and discussed. Supported by previous research and the current case studies, the double ABCX family adaptation model has found to be an effective approach to serving diverse families of children with disabilities.",family empowerment; cultural diversity; coping strategies; ABCX model,
003-786-440-289-984,Academic Behavior and Grades of Mainstreamed Students with Mild Disabilities,1992,"This study examined the relationship between the classroom behaviors and final grades of mainstreamed students with mild disabilities in three urban schools in Grades 3-9. Significant correlations were found for all academic behaviors except attendance and homework at the elementary level and written work at the junior high level. In addition, significant differences in reading scores were found between mainstreamed and regular elementary school students. Findings indicate that mainstreamed students with mild disabilities may participate in academic lessons as well or nearly as well as their peers without disabilities.",,"Achievement; Adolescent; Aptitude; Attention; Child; Female; Humans; Learning Disabilities/psychology; Mainstreaming, Education; Male; Peer Group"
003-916-445-020-047,Understanding Disability,2020,,,
004-010-254-291-587,Early Childhood Special Education Teachers’ Job Burnout and Psychological Stress,2021,"Research Findings: All teachers have demanding jobs and work with limited resources. However, working with young children with disabilities may place additional demands on early childhood special e...",Early childhood special education teacher; internal resources; job burnout; job demands; job resources; psychological stress; teacher well-being,
004-195-148-501-898,Inclusion in early childhood education and care (ECEC),2026,"This chapter is written at a time when it seems that more and more children are presenting with special educational needs and disabilities (SEND) in early childhood education and care (ECEC). Although the chapter is based within the United Kingdom context, several world events have highlighted the need for more robust inclusive practice, so that all young children are able to fully access early education. A definition of inclusion within an early childhood context is set out. Current legalisation and policies that frame inclusive practice in early education are examined. There is a discussion about how inclusion can be reframed to promote a strength-based approach in which the medical and social model of disability is explained. Notions of normality are considered. The personal and pedagogical responses of early educators to children who may need reasonable adjustments are also discussed. Readers are encouraged to complete the research and reflective tasks, which punctuate the chapter, to enhance their practice and learning.",,
004-195-263-403-978,The Comparison of Multicultural Belief and Teacher Efficacy between Pre-service Early Childhood Special Education Teachers and Pre-service Early Childhood Education Teachers,2013,,,
004-378-358-440-255,From the Guest Editors: Inclusive Early Childhood Teacher Education,2011,"The United Nations estimates that 10% of the global population has a disability, and the UN Convention on the Rights of Persons with Disabilities (2006), which has been widely ratified, explicitly ...",,
004-591-055-915-797,Experience-based factors influencing perceptions and attitudes of pre-service early childhood education teachers toward inclusive education for young children with disabilities,2014,,,
005-223-773-009-876,Examining Response to Intervention Using a Framework of Best Practice from Early Childhood Special Education.,2013,"Response to Intervention (RTI) models are likely to be implemented in early childhood settings with greater frequency to target academic and developmental skills. With an increasing number of classrooms serving children with identified special needs, it is necessary to examine how current frameworks for RTI models meet the needs of all children in the classroom, including those with identified developmental delays and disabilities. To do this, we reviewed five comprehensive RTI models proposed for preschool classrooms according to a framework based on foundational tenets in early childhood special education practice. Two independent researchers coded articles that described RTI models for presence of the foundational tenets and associated evidence-based practices described by Odom and Wolery (2003). Several foundational tenets were contained in the majority of RTI models, whereas others were not addressed adequately. Results provide the early childhood education and early childhood special education field...",,
005-266-396-152-131,Pan-Canadian Approach to Convention on the Rights of Persons with Disabilities,2024,"<jats:p>&lt;p&gt;Through this study I aim to analyze the current actions taken by provinces and territories in addressing the Convention on the Rights of Persons with Disabilities (CRPD). I used the CRPD consideration of report submitted by Canada regarding steps being taken to address the Convention. The study uses Critical Disability Studies, Disabled Childhood and Human Rights Approach as a theoretical framework. The analysis in the study followed the provision, participation and protection framework to interpret the data. Lastly, I suggest some implications regarding the importance of developing a federal plan.&lt;/p&gt;</jats:p>",,
005-279-106-223-740,EFFECTS OF COMPUTER-ASSISTED INSTRUCTION USING MULTIPLE VIDEO EXEMPLARS TO INCREASE SAFETY SKILL KNOWLEDGE WITH STUDENTS WITH INTELLECTUAL DISABILITY,,"OF THESIS EFFECTS OF COMPUTER-ASSISTED INSTRUCTION USING MULTIPLE VIDEO EXEMPLARS TO INCREASE SAFETY SKILL KNOWLEDGE WITH STUDENTS WITH INTELLECTUAL DISABILITY The purpose of the study was to assess the effect of a treatment package consisting of computer-assisted instruction using multiple video exemplars to teach safety skills to students with intellectual disability. A multiple probe across participants design was used to evaluate knowledge acquisition and the generalization of knowledge to the authentic setting (e.g, the school parking lot). The results showed training was effective in knowledge acquisition and improving skills demonstrated while crossing the parking lot.",Theses and Dissertations--Early Childhood; Special Education; and Rehabilitation Counseling Early Childhood; Special Education; and Rehabilitation Counseling Moderate and severe disabilities; computer-assisted instruction; multiple exemplars; video models; safety skill,
005-641-749-876-437,Measuring Young Children’s Attitudes Toward Peers With Disabilities: Highlights From the Research,2012,"Young children with disabilities are increasingly attending inclusive early childhood programs with their typically developing peers. Within these programs, research efforts and practice have suppo...",,
005-656-490-077-098,Handbook of Early Childhood Intervention: Early Childhood Mental Health Services: A Policy and Systems Development Perspective,2000,"Knowledge about how young children develop and thrive has been growing over the past decades. So too have understandings about how environmental and biological risks can affect their cognitive, physical, and social development (Meisels & Shonkoff, 1990). This knowledge formed the basis of special education laws to create incentives for the development of family-centered services to young children with developmental delays or disabilities or, in some instances, those at risk of delays and disabilities. In theory, these laws include attention to social and emotional problems in young children. Yet, in practice, little policy or practice has focused on family-centered services to young children with emotional or behavioral disabilities or those at high risk of developing them (Knitzer, 1996a,b). Put differently, little attention has been paid to what, for the purposes of this chapter, is called “early childhood mental health.” This chapter argues that the need for early childhood mental health services and systems development is critical. To make the case, it draws on knowledge reported by practitioners and on empirical data to the extent that these are available. (Unfortunately, because this is an emerging field of public concern, it has not yet been well studied.) This chapter also highlights the potential connections between meeting publicly espoused early childhood social goals and addressing early childhood mental health issues. Finally, it argues that barriers and obstacles to creating responsive policies and nurturing a field of practice are considerable and pose some general directions for action.",,
005-660-618-904-139,Implementation Difficulties and Politic Support Needs of Directors of Child Care and Education Center for Children with Disabilities: Based on Gyeonggi Province,2012,,,
005-842-635-763-881,"Early childhood inclusive education in Thailand: a critical analysis of beliefs, knowledge, skills and practices",,"Recognising that inclusive education is critical to advancing All children’s development, social inclusion and future productivity, this doctoral thesis seeks to engage the field of Thailand’s early childhood inclusive education in a theoretical and practical conversation. Using Pierre Bourdieu’s conceptual tools (Capital, Field and Habitus), the study explores and critically analyses the facilitators and barriers to early childhood inclusive education in terms of teachers and education policy maker’s inclusive knowledge, beliefs, skills and practices in Bangkok, the capital city of Thailand. The conceptualisation from which this thesis is based, suggests that early childhood inclusive practice “exists in a social space given life through constant power struggles” (Eacott, 2010, p. 221). It is this contested space that defines the philosophy and practice of inclusive education, and arguably, teachers and policy makers’ everyday practices. Using a mixed method design underpinned by Bourdieuian eclectic methodology and analysis, the study found that the early childhood teachers have limited knowledge and understanding of inclusive education and practice which they have attributed to: (1) a lack of effective training in inclusive education (2) inclusive education for young children is a new educational concept and agenda in Thailand. The study further identified that although the policy makers agreed that legislation and policy on inclusive education is adequate, this is not backed by effective implementation in real practice. Teachers reported that they felt significant stress and helplessness in their classrooms when planning teaching to meet the learning and developmental needs of children with disability and those with additional education needs. The teachers attributed these stressors to not knowing what to do with children with disability in their classes in addition to supports that were not forthcoming in their teaching of children with disability. Furthermore, the study uncovered that relational and cultural-religious beliefs of reincarnation and hierarchical relationships posed barriers to inclusive education in the early years classrooms in Thailand. This means, a number of children in the early childhood settings that claimed to be inclusive, are actually in search of inclusion.; The major implications glean from this study highlight the need for quality professional education, training and retraining of stakeholders (teachers, policy makers, support personnel etc) in leveraging knowledge and practice in educating children with disability/additional education needs. The study underscores the need for policy monitoring, flexibility in curricula, funding and novel ways of theorising issues of exclusion and inclusion. To accomplish these, the study provides a model to inform the development of a culturally relevant inclusive education for all young children in Thailand.",,
006-091-716-620-42X,Concepts of Engagement in Inclusive Settings and Literature Review on Intervention of Engagement of Preschoolers with Disabilities,2017,,,
006-225-016-480-359,Home Literacy Experiences of Preschool Children with Single and Multiple Disabilities,1994,"The purpose of the present study was to compare the home-based literacy experiences of children with single disabilities with those of children who have multiple disabilities. Written surveys were completed by the parent or primary guardian of 168 preschool children enrolled in early childhood special education programs. The completed surveys were sorted into two groups: one representing children with a single disability and one representing children with two or more disabilities. Respondents also provided information about the materials, activities, and interactions in the home that engaged their children with print, reading, writing, or drawing. Overall, less than half of the children in either group were read to daily or engaged in writing or drawing activities on a weekly basis. Fewer respondents for children with multiple disabilities reported sitting beside their child while reading, encouraging their child during attempts to write or draw, or exposing their child to a full range of printed material...",,
006-243-804-234-094,Beyond Inclusion: Disability Studies in Early Childhood Teacher Education,2011,"Since its inception, the field of early childhood special education has been steeped in deficit model understandings of disability. From this vantage point, disability has been reduced to a set of problems or deficiencies inherent in individuals’ bodies. Entangled with problematic ideologies of racism and classism, disability labels soon became a tool for othering “other people’s children.” Recently, however, scholars in Disability Studies in Education have begun the task of troubling these shared histories of exclusion and rewriting the very text of dis/ability. Central to this work involves troubling taken-for-granted ideas about diversity and difference as well as our responses to difference in the classroom. In this chapter we explore what it might mean to embrace a disability studies perspective in early childhood special education. Specifically, we show how this shift would entail: (1) confronting ableism in theory and practice; (2) adopting an ethic of belonging and becoming; and (3) moving beyond inclusion toward honoring disability identity, culture, and politics.",,
006-249-983-283-218,An Exploration of Language and Social-Emotional Development of Children with and without Disabilities in a Statewide Pre-Kindergarten Program,2020,"This study of the relationship between early receptive vocabulary development and social-emotional competencies examines differences among typically developing children and peers with disabilities within a state-wide program that meets all 10 of National Institute for Early Education Research (Barnett et al. 2017) programmatic benchmarks for quality early learning. Findings show that children in the sample with higher total protective factors have fewer externalized behavioral concerns and higher language development, and that children with disabilities in the sample differ in their ability to self-regulate or take initiative, and are rated higher for behavioral concerns. All children, however, increased their language above expected developmental trends after 1 year in the quality pre-K classroom. Recommendations are provided for how to deliver quality early learning that includes supporting all children’s social-emotional and language development.",,
006-550-885-447-517,The Effects of the Activity Using the Picture book related to Disability on Disability Awareness and Acceptance Attitude toward Young Children with Disabilities,2016,,,
006-709-094-012-21X,CASE STUDY OF EARLY CHILDHOOD SPECIAL NEEDS IN SIDOHARJO VILLAGE,2015,"This study aimed to describe: (1) the growing number of early childhood with special needs, (2)special need in early childhood, (3) intervention that received by early childhoodspecial needs, and(4) the potentialability of early childhood with special needs in Sidoharjo Village, District Jambon, Ponorogo. Using qualitative approach withcase studymulticase method. Data were collected through observation, interviews, and documentatio nare supported by field notes. The analysis used Spradley model analysis with an examination of the validity of the data through the credibility test, transferability test, dependability test, and confirmability test. The results showed that(1) the amount of the existence of early childhood with special needs in Sidoharjo, Jambon, Ponorogo has decreased. It is because of the caring of government by health service, education, and parents awareness was increasing, (2) the special needs of early childhood are identificated: down syndrome, withdrawal, learning disability, and multiple disability, (3) interventionthat received by special needs of early childhood: physical interventions, health, and education, (4) the potential capabilities from early childhood with special need include:gross motor skills and independence, memorization of listening, gross motor skills, singing and recitation through listening, and ability to see and hear as a basic modality to have social interaction with others.",,
006-716-477-395-700,Public Policy Report. Early Childhood Programs and the Americans with Disabilities Act (ADA).,1992,,,
006-827-080-239-218,Metaphor Analysis of Pre-service Early Childhood Teachers' Inclusive education Practicum,2020,,,
006-841-680-380-574,Developmentally Appropriate Practices and Early Childhood Special Education A Reaction to Johnson and McChesney Johnson,1993,"In 1991, we published a paper in TECSE arguing that the guidelines set forth by the National Association for the Education of Young Children on Developmentally Appropriate Practice (DAP) were necessary, but not sufficient, for evaluating programs serving young children with special needs. This paper met with some criticism, most recently in a paper by Johnson and McChesney Johnson (1992). That paper provided a theoretical defense of DAP for young children with disabilities and discussed objections to some early childhood special education (ECSE) practices from a developmental perspective. In the present article, we attempt to redirect the debate about the appropriateness of DAP for young children with disabilities from an exchange about the differences between the DAP guidelines and ECSE practices to a discussion of the many areas of overlap between these two rich sources of information about educational practices for young children.",,
006-895-428-985-014,Inclusion in kindergarten? The concept of disability and inclusive education among pre-service early childhood educators,2025,"<jats:p>Context: Despite extensive research on school teachers’ attitudes, the perspectives of early childhood educators have been largely overlooked. Studies suggest that positive attitudes toward inclusion and a social understanding of disability are essential for identifying barriers, promoting participation and successfully implementing inclusive practices. Despite extensive research on school teachers’ attitudes, the perspectives of early childhood educators remain underrepresented; Methods: This study surveyed 126 pre-service educators from three Bavarian vocational schools using a mixed-methods design. While quantitative data examined attitudes toward inclusion and agreement to the social model of disability, qualitative insights were drawn from semi-structured interviews.; Findings: Confirmatory factors analysis supported the reliability of the social understanding of disability scale, while the inclusion scale did not reach acceptable fit levels. Participants showed positive attitudes toward support and social integration, but had neutral to slightly negative views of the social model of disability. A structural equation modelling showed a good fit to the data and indicated that social contact with individuals with disabilities positively influenced the agreement to the social model of disability, though such contact was infrequent (CMIN/df = 1.38, CFI = .96, IFI = .96, TLI = .93, RMSEA = .05). This relationship was mediated by parental educational background. Interview data showed that participants felt underprepared for implementing inclusive practices, primary understood disability through medical lens and are more in favour of segregated groups rather than inclusive groups.; Conclusion: Pre-service educators support inclusion but feel insufficiently trained and do not see themselves as responsible for implementing inclusive practices. Social contact and family educational background show small positive effects on adopting a social understanding of disability, highlighting the need for training programs to provide meaningful interactions with individuals with disabilities and strengthen preparation for inclusive early childhood education.</jats:p>",,
006-912-212-448-596,Reflections on the use of mixed reality to prepare early childhood educators to support diverse family needs,2022,Two instructors collaborated across programs in a School of Education to bring mixed reality simulation to preservice early childhood educators in an effort to utilize content knowledge to practice challenging conversations. The scenario chosen was a parent-teacher conference focused on supporting a child with disabilities in an inclusive early childhood preschool classroom. The authors discuss the process of implementing mixed reality simulation in Early Childhood Studies and potential implications for lifelong impact of family engagement throughout a child's schooling experiences and the use of mixed reality in teacher preparation. Interdisciplinary collaboration across programs within a school of education are considered.,,
007-063-489-739-735,Family-Directed Child Evaluation and Assessment under IDEA: Lessons from Families and Programs.,1995,"This report discusses policies and practices for family-directed child evaluation and assessment under the Individuals with Disabilities Education Act (IDEA). The scope of the report includes practices across the early childhood spectrum, from birth through 5 years. Commonly used terminology is defined. Issues discussed include: the primacy of families with respect to their children, cultural and linguistic diversity, the use of technological advances, and information about a child's health status and needs. Brief recommendations for policymakers are given and lists of the U.S. Department of Education's Early Education Program for Children with Disabilities (EEPCD) projects, as well as other resources, are included.",,
007-130-221-978-396,Influence of Resource Availability on Disability-inclusion in Under-resourced Early Childhood Development Centers,2024,"<jats:p>This study analyzed the influence of resource availability on inclusion of children with various disabilities in rural early childhood development centers in Zimbabwe. A qualitative descriptive design utilizing questionnaires and interviews was used to collect data from 36 teachers, 12 school-heads and 24 parents of children with disabilities who were purposefully sampled. Deductive thematic analysis was used to identify themes emerging from open-ended questionnaire items and interviews. The study revealed that disability-friendly commercial resources were unavailable, and this negatively influenced the inclusion of children with disabilities who were unable to freely participate in play activities and so were isolated to a large extent. This is despite widely available indigenous resources that were not utilized as inclusive supports. The study’s findings are utilized to build a case for a heritage-based model of inclusive education.</jats:p>",,
007-336-822-971-724,Collaboration of Teacher Education and Child Disability Health Care: Transdisciplinary Approach to Inclusive Practice for Early Childhood Pre-Service Teachers,2010,"The purpose of this paper is to describe the collaborative efforts between an Early Childhood Teacher Education Program and a Child Disability Health Care Program to incorporate a transdisciplinary model in the preparation of early childhood teachers in inclusive practice. Recent studies suggest essential components of teacher preparation in early childhood inclusion include: helping students construct a positive image of inclusive practice, incorporating a family-centered approach, and collaborating and relationship building across disciplines (Campbell et al. 2003; Pretti-Frontczak et al. 2002 and Able-Boone et al. 2002). In this paper, we describe the collaboration between the University of Michigan-Dearborn Early Childhood Teacher Education Program and Oakwood Health Care Center for Exceptional Families to co-teach and mentor early childhood pre-service teachers as they create a family-centered event for children with disabilities and their typically developing peers in a natural environment. Researchers analyze student reflection papers about the family-centered event for evidence of new learning about child disability and inclusive practice. The reflections demonstrate the power of the students’ active role in creating and implementing family-centered activities in a collaborative context. Other key reflective components include rewards and challenges in creating inclusive contexts, integral role of families in supporting child relationships in natural settings, and collaboration and teaming.",,
007-491-339-496-062,Early Childhood Education Interventions for Children with Disabilities Intervention Report: Social Skills Training,2013,,,
007-517-886-234-208,The Influence that the Elementary School’s Transition Support Program Focusing on the Intervention in the Daily Schedule at Special Schools for Young Children Has on School Life Preparation Skills of Young Children with Disabilities,2019,,,
007-555-594-790-250,Using a Highly Rated Classroom Environment to Foster High-Quality Inclusive Practices,2025,"<jats:p>With the November, 2023 release of the Policy Statement on Inclusion of Children with Disabilities in Early Childhood Programs by the Departments of Education and Health and Human Services, and the continuing work being done to further inclusive education, it is more important than ever to address the factors of quality early childhood programs that contribute to authentic inclusive opportunities for all students. Although there is research to support inclusion, and many classroom rating scales are validated and backed by research, there is little crossover to address how these factors, together, work to benefit a quality inclusive education for all children. In this dialog from the field article, we address the resources available to easily use the elements of a high-quality early childhood classroom to foster belonging, access, participation, and supports for students with disabilities in Head Start classrooms.</jats:p>",,
007-806-475-593-469,An R & D center focuses on early childhood education.,1971,,,"Child; Child, Preschool; Persons with Disabilities; Education of Persons with Intellectual Disabilities; Education, Special; Female; Government Agencies; Humans; Infant; Infant, Newborn; Research; United States"
007-980-580-656-656,"Early Childhood Special Education for Children with Disabilities, Ages Three through Five: An Introduction. Revised.",1999,,,
008-046-542-065-840,Pretend Play: Opportunities to Teach Social Interaction Skills to Young Children with Developmental Disabilities.,1995,"While the trend in best practice issues for young children with disabilities is to place children with their typically developing peers (Leister, Koonce, Nesbit, 1993), it is also known that just p...",,
008-547-891-001-912,Preschool children's behavioural intentions towards and perceptions of peers with disabilities in a preschool classroom,2022,"In this study, we examined and compared preschool children’s behavioural intentions towards and perceptions of peers with physical, intellectual and no disability. Capabilities and behavioural intentions scales, based on picture cards, were administered face-to-face to 144 preschool children. Significant differences were found between perceptions of and behavioural intentions towards children with physical, intellectual and no disability. When these differences were examined, it was determined that the perceptions on and behavioural intentions towards children with an intellectual disability were less positive than those towards children with a physical disability and no disability. Children’s behavioural intentions towards and perceptions of children with physical, intellectual and no disability did not differ according to participants’ variables. These findings show that in early childhood education, rather than just placing peers with disabilities in classroom environments, it is necessary to promote quality interactions.",,
008-617-455-157-620,Beyond Underrepresentation: Constructing Disability with Young Asian American Children to Preserve the “Model Minority” Stereotype,2019,,,
008-829-215-718-075,Parental Perceptions of Learning Disabilities.,2020,The research presented in this article analyses 242 written responses to interview questions conducted with families who live in the United States to explore parental perceptions of disabilities. T...,,
008-916-896-631-041,A study on the educational practicum experiences of pre-service kindergarten teachers on participation in play for young children with disabilities and teachers' play support,2020,,,
008-971-126-712-365,Compromise in Collaborating With Families: Perspectives of Beginning Special Education Teachers,2009,"This qualitative study evaluated the belief systems and professional practice of program graduates of an early childhood special education teacher preparation program regarding collaboration with families of children with disabilities. Eleven graduates were interviewed over the course of a school year to identify perceived challenges to their implementation of family-centered practices on the job. Results revealed that (a) underpreparation, (b) attitudinal barriers, (c) workload issues, and (d) language and cultural differences inhibited teachers' collaboration with families of children with disabilities. Implications concerning the role and challenges of teacher preparation and the importance of job design for early childhood teachers are addressed.",,
009-043-499-846-985,An Exploratory Study of 2007-08 Idaho Early Childhood Special Education Outcome Data,2010,"Legislation such as No Child Left Behind (NCLB) and the Individuals with Disabilities Education Improvement Act (IDEA) of 2004 include accountability and enforcement provisions for the education of all children, including children with disabilities. The United States Department of Education, through the Office of Special Education Programs (OSEP), requires all local educational agencies (LEAs) to submit, on an annual basis, data regarding the developmental outcomes and academic achievement of preschool children and youth with disabilities ages 3 through 21 in accordance with NCLB and IDEA 2004. OSEP has established indicators that are meant to inform and support Early Childhood Special Education (ECSE) performance, assessment, and reporting. Functional performance of preschool children with disabilities in the three early childhood outcome areas is measured and reported to OSEP through the completion of the Child Outcome Summary Form (COSF). The information needed to properly complete the COSF should come from multiple sources and settings. The 2007-08 school year marks the first time that Idaho has submitted ECSE/COSF data to the federal government through OSEP. An exploratory study of the Idaho sample yielded expected as well as unexpected findings. Analyses of the Idaho sample found gender, ethnicity, region, and length of intervention predictive of higher scores on one or more early childhood outcome areas. Preschool girls in the Idaho sample scored, with statistical significance, higher than preschool boys only in outcome one and outcome three.",,
009-155-476-397-300,"Children and disability in early childhood education: ""special"" or inclusive education?",2006,"In this article I look at how ""special"" education thought and practice can act as a barrier to inclusion in early childhood education for children with disabilities and their families. I suggest that changes in thought and practice are necessary if early childhood education is to progress inclusion for all children and families. Inclusion in education is about identifying and removing the barriers that get in the way of a child's full acceptance, participation, and learning, so that all children receive high-quality, inclusive early educational experiences (Ballard, 1999a; Booth & Ainscow, 2002). In this article I examine the issue of how early childhood education includes or excludes disabled children. I suggest that one of the most significant barriers that disabled children and their families face in accessing early childhood education involves the belief system of special education. In relatively recent times early childhood education in Aotearoa New Zealand has determined that it has a commitment to all children. This is evident in Te Whariki, which promotes inclusiveness and aspirations for all children ""to grow up as competent and confident learners and communicators, healthy in mind, body, and spirit, secure in their sense of belonging and in the knowledge that they make a valued contribution to society"" (Ministry of Education, 1996b, p. 9), and in government policy, which supports all children's and their families' rights to an early childhood education that is non-discriminatory and inclusive (Minister for Disability Issues, 2001; Ministry of Education, 1996a, 1998; New Zealand Government, 1993, 1998). The belief system of special education, however, reinforces the idea that disabled children are ""special""; they are different, and therefore require different treatment. Special education has been part of education in New Zealand and elsewhere for a considerable period of time and has been provided either as separate treatment within mainstream education or in segregated centres and schools. It is typically accepted as a normal and appropriate approach to issues of disability. I suggest the belief system and the language of special education are barriers to disabled children's inclusion in early childhood education. Constructing children as special In many settings children with disabilities are typically constructed as ""special"" children, having ""special educational needs"" and therefore in need of a ""special"" education. However, literature and research on inclusive education and disability highlights that the language of special needs may act as a powerful barrier to the development of inclusion in education (Barton, 1997; Booth & Ainscow, 2002; Corbett, 1996). This is because labelling children as having special needs communicates and reinforces particular beliefs about the nature of disability as a function of individual impairment. What is evident is that this language maintains the idea that there are ""two kinds of student and two kinds of education, one special and the other typical, ordinary, not 'special""' (Ballard, 1999a, p. 167). Special is a term that constructs the disabled child as different, as ""the other"", as having significantly different curriculum and teaching needs, and as belonging elsewhere (MacArthur, Dight, & Purdue, 2000; MacArthur, Purdue, & Ballard, 2003). Removing the language of special needs from centres is not an easy task because this vocabulary is firmly embedded in the legislative and policy framework of mainstream early childhood education (Ministry of Education, 1996a, b, c, 1998, 2005; New Zealand Government, 1993, 1998). The language of special needs is part of daily discourse in many early childhood settings and influences a variety of practices. Oliver (1988) states that: ... the definition of special educational need which still dominates today is one that sees it as an individual problem. …",,
009-264-161-267-491,Literacy focused service‐learning projects as a tool to augment children's literature courses,2005,"Abstract Teacher educators are often searching for methods and/or techniques to enhance and expand the content of their courses. As teacher educators, we do not want to introduce new methodology that detracts our students’ attention away from the course content. However, we need to keep our courses current and interesting for ourselves as well as for our students. Several teacher educators at one institution have begun including service‐learning projects into their preservice and inservice teachers’ courses as a way to augment the standard curriculum. The focus of this study is to illustrate how service‐learning was incorporated into the existing children's literature course and share the five cooperative projects that resulted from this integration.",,
009-582-514-087-423,Transitions in Early Childhood for Students with Disabilities: Law and Best Practice.,2002,,,
009-709-066-766-89X,Understanding the development of differentiated instruction for students with and without disabilities in co-taught classrooms,2017,"Differentiation has gained international attention as a strategy associated with responsive teaching, and as a means for ensuring access to the curriculum for all pupils. This study investigates th...",,
009-779-247-166-918,When Believers Encounter Early Intervention,2014,"This paper explores a point of contact between religion, spirituality, and the care of very young children with disabilities: the assessment interview and team meeting. One case study is presented, and interpreted in a contrast between biomedical and interactional models of disability (Smart & Smart, 2006) . Issues are addressed in the larger context of the relationship between religious values and early intervention, and implications for training of interventionists.",early intervention; religion; spirituality; team,
010-216-037-520-364,Accessing and Funding Assistive Technology for Young Children with Disabilities.,2000,,,
010-277-304-049-44X,Hurry Up and Wait: Rethinking Special Education Identification in Kindergarten,2006,"This article makes the case that it no longer makes sense to delay the process of identifying children with disabilities until after kindergarten. The purposes, expectations, and day-to-day realities of kindergarten have changed, and children who eventually will be identified for special education are put at a considerable disadvantage when their special learning needs are not addressed during the kindergarten year. The article identifies inadequate solutions and suggests strategies that teachers and schools can use to address the status quo and work to change policy and tradition regarding special education identification in kindergarten.",developmental delays; disabilities; disability identification; early childhood education; kindergarten; learning disabilities; special education; young children,
010-323-540-521-800,Bridging early childhood education and inclusive practices in classrooms that serve children with disabilities: a narrative portrait,2022,"In this paper, we report on a study that sought to examine how Early Childhood Education (ECE) teachers, working in Cypriot public schools, combine pedagogies of ECE and inclusive education. We were also interested in how having children with disabilities in their classes informed their practices. We purposively selected and interviewed seven female teachers who, according to our judgement, had good knowledge of the ECE theoretical framework and commitment to inclusive education. We followed a thematic and a narrative approach to analyse the data, and presented the findings in the form of a portrait narrative of an imaginary teacher. The discussion maps the repertoire of practices across the assumptions of inclusive and ECE pedagogies. In our conclusion, we offer these practical implications: inclusive ECE teachers should be knowledgeable of ECE theory and praxis, committed to the assumptions of inclusive pedagogies, and work individually and collectively to educate all children.",,
010-504-588-364-333,Understanding Speech-Language Pathology from the Standpoint of Families: A Systemic Analysis,2024,"<jats:p>The Inclusive Early Childhood Service System (IECSS) project is a longitudinal institutional ethnography that studies disability services in early childhood, and the interactions between these services and other systems, from the standpoint of families. In this paper, we examine speech-language services as part of a system of services and a site of participation for disabled children. We use longitudinal data from annual interviews with 117 informants to map Speech and Language services over the first six years of children’s lives. We report that speech and language pathology (SLP) as a professional discourse holds cultural significance and influences the organization of disabled children and their families. The analysis of the data illustrates the pervasiveness, organizational structure, and governance of speech and language pathology (SLP) in early childhood, leading to professional discourses of childhood and disability in early intervention, preschool, and school-based services which reinforce individualized pathology as the dominant way of understanding development. We discuss how the professional practices of SLP-related services could help to disrupt disabling constructs of childhood development and colonial practices in early childhood disability services. We emphasize how speech and language development emerges in relationship with individuals and socio-political contexts. We suggest possibilities for SLP to operate within community contexts where speech and language services contribute to reducing family workload, increasing the participation of all children, and disrupting ableism in practice.</jats:p>",,
010-830-011-847-916,Limited Representation of Individuals with Disabilities in Early Childhood Classes: Alarming or Status Quo?.,2016,"ABSTRACTUNICEF’s new Millennium Development Goals and Beyond (2015. http://www.un.org/millenniumgoals/) focus on the needs of the largest marginalised minority, individuals with disabilities, challenging us to examine issues related to exclusion and develop strategies for making an authentic sense of belonging and high-quality early childhood education a reality for over 93 million children with disabilities (United Nations Children’s Fund. 2006. Convention on the Rights of Persons with Disabilities. http://www.un.org/disabilities/default.asp?id=150). A first step in addressing stigma and the exclusion of individuals with disabilities is to examine materials in environments, given that positive representation in books and media contributes to a sense of belonging, increased self-esteem, and greater understanding of and attitudes towards others. Historically, the portrayal of individuals with disabilities in the literature and media has been absent or negative while the number of children with disabilities...",,
010-903-623-219-624,"""It Is Natural for Children With and Without Disabilities to Get Along Together""",2024,"<jats:p>Policies for early childhood inclusion in South Korea have been enacted and implemented over 3 decades. However, early childhood educators’ experiences and perceptions toward inclusion in early childhood education settings have been understudied. In this qualitative study, we interviewed 11 early childhood educators with inclusive teaching experiences using a semi-structured format. The teachers conceptualized the definition of and suggestions for inclusion in early childhood education settings and discussed the benefits of and challenges for inclusion in current South Korean education settings. We use their suggestions to provide implications for research and practice.</jats:p>",,
010-946-761-020-517,Conflict strategies and resolutions: Peer conflict in an integrated early childhood classroom☆,1996,,,
011-312-334-333-713,Pan-Canadian Approach to Convention on the Rights of Persons with Disabilities,2024,"<jats:p>&lt;p&gt;Through this study I aim to analyze the current actions taken by provinces and territories in addressing the Convention on the Rights of Persons with Disabilities (CRPD). I used the CRPD consideration of report submitted by Canada regarding steps being taken to address the Convention. The study uses Critical Disability Studies, Disabled Childhood and Human Rights Approach as a theoretical framework. The analysis in the study followed the provision, participation and protection framework to interpret the data. Lastly, I suggest some implications regarding the importance of developing a federal plan.&lt;/p&gt;</jats:p>",,
011-438-127-843-036,"Ordinary Families, Special Children: A Systems Approach to Childhood Disability",2014,"Many would agree that the growing number of children with disabilities is becoming astonishingly high. Children are being diagnosed with various disabilities including attention deficit/hyperactivity disorder, Autism Spectrum Disorder, Down Syndrome, various learning disabilities, speech and language impairments, disabilities with hearing and sight, emotional disturbance and many other health impairments. The presence of a child with a disability in a family has an immense impact on the way the family functions. Milton Seligman and Rosalyn Benjamin Darling, in their book Ordinary Families, Special Children, explains and provides a multi-systems perspective on childhood disability and its effects on family life through research, suggestions and numerous real-life scenarios that depict ways families respond to having a child with a disability.",,
011-491-098-289-453,Fifteen minute consultation: Approach to a school age child with suspected learning disability.,2024,"There are an estimated 1.5 million people in the UK with a learning disability, of which 351 000 are children (2.5% of total childhood population). It is recognised that for people with learning disabilities to have the best life chance, early identification and appropriate intervention in childhood is key. However, learning disabilities often go undiagnosed. We present a structured practical approach to assessing the school-aged child who presents with a possible learning disability.",child development; paediatrics,Child; Humans; Learning Disabilities/diagnosis; Referral and Consultation
011-628-755-028-152,Lifespan Transitions and Disability,2015,"This book brings a refreshing perspective to preparing students with disabilities and their families for all aspects of independent life. Many of the transitions experienced by younger children set the stage for future changes, yet do not receive the attention they deserve in the literature. This publication offers a strengths-based approach that includes philosophical perspectives and evidence-based practices to assist this vulnerable population with lifespan changes and challenges. Each chapter addresses transitional needs and their assessment, and relevant interventions from the perspectives of an application to schools, families and communities. Multicultural perspectives are integral to all these chapters. The book covers transition from: - home to early childhood education - early childhood education to primary school - primary school to secondary school -&nbsp;primary school&nbsp;to special settings - juvenile justice settings back into the community - school to work - school to further education or training - post-school settings to retirement. Lifespan Transitions and Disability: A holistic perspective is a necessary companion for postgraduate education students and researchers who have an interest in exploring the nature and context of special and inclusive education today.",,
011-727-552-667-88X,APPLICATION OF UNIVERSAL DESIGN IN EARLY CHILDHOOD EDUCATION ENVIRONMENTS: A MODEL FOR FACILITATING INCLUSION OF CHILDREN WITH DISABILITIES IN GHANA,2017,"With contemporary classrooms becoming increasingly diverse, educational authorities, teachers and school administrators are looking for innovative ways of coping with diversity of students. Historically, barriers to inclusion have been based on the explicit exclusion of individuals with disabilities and other minority groups. In order to create inclusive environments for diverse learners, the system of Early Childhood Education (ECE) centers in Ghana must be totally reconfigured, which will require shifts in our educational practices. The concept of Universality provides an important starting point for educational and social transformation. Situating it on the postmodern theoretical view point, this paper argues that in discussion of the approaches to enhance educational access for students with disabilities in Early Childhood Education in Ghana, the emerging models of Universal Design for Learning must be the focal point.  Article visualizations:",,
011-757-659-503-890,Practicing Anti-Racism as Inclusion: Start in Early Childhood!,2025,"The mission of the Division for Early Childhood (DEC) is to promote policies and advance evidence-based practices that support families and enhance the optimal development of young children (0-8) who have or are at risk for developmental delays and disabilities. DEC is an international membership organization for those who work with or on behalf of young children (0-8) with disabilities and other special needs and their families. The Division for Early Childhood, as individuals and as a system, recognizes we must acknowledge and address the explicit and/or implicit bias that disproportionately impacts the trajectory of children of color and their families. We seek to support and advocate for increasing the diversity of leadership across the early intervention and early childhood special education workforce, intentionally working with families as partners; and actively acknowledging when and how bias impacts our systems, children, and families. We seek to reduce bias to achieve inclusion, equity, and social justice across services and settings.",,
011-868-440-204-804,Early Childhood Education Teachers’ Experiences and Perceptions on the Education for Typical Children’s Understanding of Disability: Implications for Disability Understanding Support Program,2014,,,
012-011-916-430-051,A Continuum Deconstructed: Exploring how Day-care Staff’s Discursive Practices Construct Children as Possibly Impaired,2018,"Based on interviews and fieldwork in Norwegian day-care institutions, I examine day-care staffs’ descriptions of children suspected of, but not (yet) diagnosed as, having impairments. The main research question is: how do children become constructed as possibly impaired and positioned outside the realm of a perceived normality in Norwegian day-care centres? Understanding impairment as discursively constructed, I explore how day-care staffs’ portrayals of three young boys construct them as deviant and possibly impaired by drawing on cultural values and ideas about children and childhood. I use a continuum concept (Davis 1995) to visualize and conceptualise the fluid and blurry areas between the binaries, disabled/non-disabled and normal/abnormal, and explore how day-care staffs’ statements deconstruct or cut-off the continuum, thus, (re)produce categories and position some children as deviating from what is perceived and accepted as normal.",Early childhood education and care; Inclusion; Special needs; Critical Disability Studies; Norwegian day-care institutions,
012-093-040-915-821,"Book Review: Kirk, S. A., & Chalfant, J. C. Academic and developmental learning disabilities. Denver: Love Publishing Company, 1984:",1984,,,
012-545-660-122-421,An Analysis of Trends on Characteristics and Quality of Social and Emotional Intervention for Students with Disabilities,2025,,,
012-722-287-186-666,Ole Ivar Lovaas : A Legacy of Learning for Children with Disabilities,2017,,,
013-080-712-688-427,Intentional Leadership for Effective Inclusion in Early Childhood Education and Care: Exploring Core Themes and Strategies,2018,"Intentional leadership can unite, motivate and empower all educators to work towards the common goal of creating a truly inclusive culture in which all children, with or without disabilities, are supported and enabled to fully participate in every aspect of daily life and learning.; ; This book recognises diverse manifestations of special educational needs, from communication difficulties and delays in learning, to social and physical disabilities, and considers the ways in which these needs might be embraced within inclusive mainstream settings. Key to this is robust and purposeful leadership that removes barriers to learning, changes existing attitudes and values, motivates staff and foregrounds holistic learning opportunities and experiences. Chapters draw on theoretical models, reflect on international and national policies, and consider topics including:; ; ; ; the image of the child; ; ; physical, aesthetic and temporal aspects of the learning environment; ; ; relational pedagogy; ; ; long-, medium- and short-term planning; ; ; the role of assessment; ; ; collaborative working with parents, families and other professionals.; ; ; In-depth descriptions of behaviours and leadership strategies, practice scenarios and activities support the reader’s understanding. Intentional Leadership for Effective Inclusion in Early Childhood Education and Care is a comprehensive guide for students, teachers and practitioners involved in Early Childhood Education and Care, Social Care and Early Intervention programmes.",,
013-092-151-286-310,Early Childhood Education Teachers’ Perceptions and Support Needs on Educating Children at Risk for Disabilities,2021,,,
013-471-623-828-780,Fear and Othering in the inclusive early childhood classroom: remnants from the past,2022,"Inclusive policies in early childhood classrooms have in recent decades become mainstream [UNESCO. 1994. The UNESCO Salamanca statement and framework for action on special educational needs. Paris: UNESCO]. Inclusive practices however are far from ideal [Slee, R. 2013. “How do we make inclusive education happen when exclusion is a political predisposition?” International Journal of Inclusive Education 17 (8): 895–907; Grace, R, G. Llewellyn, N. Wedgwood, M. Fenech, and D. McConnell. 2008. “Far From Ideal: Everyday Experiences of Mothers and Early Childhood Professionals Negotiating an Inclusive Early Childhood Experience in the Australian Context.” Topics in Early Childhood Special Education 28 (1): 18–31] and although children with disabilities are often welcomed into early childhood classrooms, the dominant discourses that circulate continue to position them as different and as Other [Watson, K. 2017. Inside the ‘inclusive’ early childhood classroom: The power of the 'normal’. New York: Peter Lang]. To build on our understanding of contemporary inclusive practices, an awareness of the complexities of the knowledge that informs practice is central. Some appreciation of the contribution made by historical discourses to the contemporary construction of disability in the classroom is necessary [Barnes, C. 2014. “A brief history of discrimination and disabled people.” http://repositoriocdpd.net:8080/bitstream/handle/123456789/495/CL_BarnesC_BriefHistoryDiscrimination_1991.pdf?sequence = 1]. This ethnographic research, employing observation and conversations among children, brings into focus how remnants from the past affect everyday encounters in the classroom as deeply embedded fears and anxieties continue to circulate around disability. Seldom made visible, rarely talked about or openly challenged, bygone relics permeate the way educators and children position children with a disability as a comparison to the norm, hindering inclusivity. This paper aims to bring into focus how fear affects the way disability is positioned in our early childhood classrooms, fear that leads to exclusions, separation, and Othering. Recognition of the past and scrutiny of the fear that lingers provides some promise for inclusive practice.",,
013-688-206-301-811,Is a partnership possible? : a comparison of elementary teachers' and early childhood educators' perceptions of disability and inclusion,2021,"<jats:p>Education literature presents diverse perceptions of disability and inclusion by educators and scholars. Past research has shown that educators' beliefs influence their practice. The Full-Day Early Learning Program will commence in Ontario schools in September 2010, which will involve teacher and early childhood educator teaching teams. This qualitative research study presents two elementary teachers' and two early childhood educators' perceptions of disability and inclusion.  Using a grounded theory strategy of inquiry, two interviews were conducted with each participant.  A poststructural lens was used to analyze and interpret data. Key findings show distinct understandings of disability and inclusion between the two educator groups, which relate to their pedagogical beliefs and views of the purpose of education. This study draws on attribution theory and a social relational model of disability to explore the implications of participants' perceptions for children's education. Recommendations for future research and practice and identified and briefly explored.</jats:p>","'disability'; 'inclusion'; 'teachers'; 'early childhood educators'; 'perceptions'; 'beliefs'; 'attitudes'; 'purpose of education"" 'attribution theory'; 'social relational model"" 'poststructuralism'; 'grounded theory'; 'full-day early learning'",
013-816-554-557-227,Interview Techniques for Children with Disabilities,2021,"<jats:p>The goal of the present study was to examine interview techniques that can be used with young children with disabilities. Four children aged three to five were recruited at a family resource center affiliated with a university in Toronto and were interviewed twice at their childcare centers. Multiple methods were used in the interviews to examine techniques that worked well with the children. The types and purposes of interview questions were analyzed, and the themes emerged from the interactions between the interviewers and the children were discussed. Overall, this study provides insights to the research methodologies that can be used to investigate the perspectives of young children with disabilities and underscores the importance of listening to this population through multiple ways.</jats:p>",,
013-826-632-272-702,اختبار تشخيص الأطفال ذوى صعوبات التعلم قبل الأکاديمية فى مهارات اللغة الإنجليزية بمرحلة الطفولة المبکرة A Diagnostic test of Children with A Learning Disabilities in Pre-academic English Language Skills of the Early Childhood Stage,2021,"The aim of the current research is to present A Diagnostic Test of Children with a Learning Disabilities in Pre-academic English Language Sills of the Early Childhood Stage and the researcher used the descriptive approach to determine the items of that diagnostic test، its validity and reliability were confirmed, and the researcher recommended emphasizing the importance of using a pre-academic diagnosis test for children with a learning disabilities. In English language skills in early childhood for the competent authorities such as: (Ministry of Education, Department of Kindergarten).",,
013-859-328-754-45X,Early childhood special education pictorial literacy activities for young children with disabilities,1994,"Alternative literacy activities can be adapted to complement the speech and language programs that have been developed to assist learners with disabilities. Pictorially based alternative literacy programs may involve rebus symbols, augmentative and alternative communication devices, or picture reading. Because these programs do not assume extensive language development, they can be appropriate for children with severe learning problems as a foundation or replacement for typical early reading activities.",,
014-029-469-529-33X,The Provision of Early Intervention and Early Childhood Special Education Within Community Early Childhood Programs Characteristics of Effective Service Delivery,1993,This article presents a description of a demonstration project that utilized community early childhood programs as intervention placements for toddler and preschool-age children with disabilities. ...,,
014-043-270-422-173,"Diversity, special needs and inclusion in early years education",2015,"Foreword - Babette Brown Preface Acknowledgements Introduction - Sophia Dimitriadi I: RESEARCH, STUDIES AND PROJECTS Special Educational Needs and Early Childhood Practitioners in an Irish Context - Mary Moloney and Eucharia McCarthy Language Issues and Preschool Education in Kenya: A Reflection on Diversity, Challenges and Remedies - Mary Wangechi Kamunyu Training Innovative Preschool Students through an ICT Project: A Case Study from Turkey - Hayal Koksal II: APPROACHES AND METHODS Inclusionary Education in Early Years through the Use of Persona Dolls: A Case from Greece - Sophia Dimitriadi Effective Pedagogy for Inclusive Education: The Role of Mediated Learning Experience - Dorothy R Howie Teaching Ethical Values to Preschool Children - Gulcin Alpoge III: EDUCATIONAL FRAMEWORKS, CURRICULA AND MODELS Theory and Practice of Inclusive Education in Hungary - Agnes N Toth Multicultural Umbrella Model: 6 Cs for Successful Integration - Jean-Baptiste Quillien, Gabriela M Theis and Veronica R Quillien IV: LITERATURE REVIEW EVIDENCE AND CONSIDERATIONS Cross-Disability Approach to Inclusion of Children - Amitav Mishra and Mousumi Bhaumik Young Children with Disabilities in India: Essential Competencies of Early Childhood Educators - Ajay Das, Annamaria Jerome-Raja and Sushama Sharma Conclusion - Sophia Dimitriadi",,
014-091-469-128-912,A Study on the Development Strategy of Home Care Services for Children with Disabilities in Korea : Focusing on the Foster Care and Adoption,2012,,,
014-124-462-380-478,Assessment in Early Childhood Special Education,2024,"This comprehensive guide to assessment in early childhood special education offers a macro- and micro-level understanding of the essential processes and activities relevant to the assessment of young children at risk of, or having, developmental delays or disabilities. The book provides insights into the laws, regulations, processes, culturally and contextually relevant practices, and requirements that practitioners need to follow when engaged in assessment, in addition to an extensive overview of current and time-tested assessment tools designed for use by early childhood educators when evaluating young children with developmental challenges. It provides immediate guidance and support to a wide range of individuals engaged in service to young children who may have, or are already identified as having, a disability. Assessment in Early Childhood Special Education is an essential text for pre-service early childhood special educators as well as current practitioners, including day care teachers (homebased and center-based), certified early childhood special educators, and general education kindergarten through second grade teachers. It should be on the desk of every early childhood educator who works with children who may be, or have been, identified as being at risk, developmentally delayed, or disabled.",,
014-131-299-616-326,Active versus Passive Programming: A Critique of IEP Objectives for Students with the Most Severe Disabilities:,1988,"Students who have severe to profound mental retardation, sensory impairments, medical problems, and severe physical disabilities are often the recipients of passive programming and instruction. The...",DESCRIPTORS Competency Based Education; *Diagnostic Teaching; Early Childhood Education; Educational Needs; Educational Therapy; Elementary Secondary Education; *Individualized Education Programs; *Multiple Disabilities; Physical Activity Level; *Physical Disabilities; *Severe Disabilities; Student Development; *Student Educational Objectives; Student Evaluation IDENTIFIERS *Active Learning,
014-176-923-639-791,Directory of resources on early childhood education.,1971,,,"Child, Preschool; Directories as Topic; Persons with Disabilities; Education of Persons with Intellectual Disabilities; Education, Special; Humans"
014-380-862-356-250,Language Disabilities,2016,,,
014-664-197-787-054,Selected Perspectives on ADD and ADHD.,1997,"This article offers an overview of ADD and ADHD, their causes and long-term prognoses. The complexities of the conditions, our incomplete knowledge about them and the difficulties of diagnosis duri...",,
014-708-861-251-007,Transition of children with disabilities into early childhood education and care centres,2016,"THIS PAPER REPORTS ON findings from research (Warren, 2013) which sought to understand, in the New South Wales (NSW) context, the factors impacting on the transition into early childhood education ...",,
014-897-255-561-764,Serving Mothers with Disabilities in Early Childhood Education Programs.,1999,,,
014-979-582-165-178,Functional Behavioral Assessment in Early Education Settings,2004,"Functional behavioral assessment (FBA) is the process of identifying the events in the environment that consistently precede and follow challenging behavior. The use of FBA has increased significantly following the reauthorization of the Individuals with Disabilities Education Act in 1997, which mandated FBAs be conducted when children with disabilities demonstrate challenging behavior. The purposes of this paper are to review the research supporting FBA, describe the components of FBA, and discuss implications for early childhood special education.",,
015-095-862-756-354,A Review of Experimental Studies on Intervention and Support Programs for Parents of Young Children with Disabilities,2017,,,
015-103-594-864-240,Early Childhood Special Education: Insights from Educators and Families,2012,"Programs and services designed to meet the needs of young children with disabilities have increased substantially in recent years, often times without evaluating how effective the programs and services are at meeting the needs of children and families. This study sought to investigate how principals, teachers, and parents perceived how Early Childhood Special Education (ECSE) programs across 31 schools in a large, urban city in the United States (US) meet the needs of young children and their families. Thirty principals, 45 teachers, and 301 families participated in the investigation. Overall, all stakeholders identified the programs’ structure, personnel, and home to school connections as strengths. They also believed that ECSE programs were an appropriate place for young children with disabilities. Families and teachers indicated satisfaction with the frequency of communication; however, both families and principals still wanted to see an increase in communication between home and school. Areas needing improvement included critical elements needed in ECSE programs related to human resources, increased funding, and appropriate adult-child ratios. Implications for practice are discussed.",early childhood; special education; family; students with disabilities,
015-452-503-993-350,Implementation of Inclusive Early Childhood Education Policy and Change in Ghana: Four Case Sites of Practice,,"Inclusive early childhood education (IECE) represents a key policy and practice implementation that facilitates the education and socialisation of all children with and without disability and special educational needs in Ghana. Despite the development of IECE through Government commitments to both inclusive education (IE) and early childhood education (ECE); and as educational goals being realised, little research exists locally on IECE implementation and change practice. ; The study utilised a qualitative interpretive multiple case study approach to investigate how IECE is being implemented in Ghana. Semi-structured interviews were conducted with 16 teachers and five headteachers of four early childhood learning centres and schools, and six senior education officials. Thematic data analysis results revealed differing understandings of IECE. What also emerged strongly in this study is that children’s human rights and economic benefits are fundamental moral purposes that frame IECE policy and change implementation. IECE presented valued outcomes for all children, and benefits for teachers and parents. Education officials and headteachers demonstrated high expectations for IECE, which were partly met as some headteachers and teachers reported the use of effective pedagogical and organisational IECE practices, and demonstrated effective teacher quality and dispositions that supported IECE practice. The expected and reported practices appear to be related to attitudes and beliefs about children with disability. Shared leadership was viewed as an indispensable component of IECE. Teacher training and PD were considered insufficient for IECE while other essential support was desirable for IECE practice. Self-learning and partnership programs with some universities served as additional training and learning opportunities for some teachers and headteachers in an IECE setting.",,
015-456-173-262-616,Teachers' Perception on Organization and Management of the Disability Understanding Education,2009,,,
015-456-653-329-357,Training early childhood professionals using an interprofessional practice field experience,2018,,,
015-557-829-899-322,Interventions and Adaptations for Children with Autism Spectrum Disorder in Inclusive Early Childhood Settings,2017,"The inclusive education of children with disabilities is considered best practice, yet many early childhood educators feel unprepared to deliver appropriate instruction for children with disabilities and often require supports to successfully meet the children’s unique needs. Young children experiencing autism spectrum disorder are being diagnosed at a young age and they are commonly receiving their education within inclusive early childhood settings. This article presents two methods to meet the needs of children with autism spectrum disorder. First, early childhood educators can provide interventions tailored to the children’s learning needs. Second, educators can adapt the environment, materials, activity, instruction, and assistance they provide so that each child is appropriately supported, while still being encouraged to succeed as independently as possible. This article summarizes research-based interventions and adaptations that early childhood educators can implement within inclusive settings to meet the diverse needs of young children with autism spectrum disorder and presents a case study to describe how these practices can support young children with autism spectrum disorder within inclusive settings.",,
015-686-613-471-467,Children with Disabilities: an Analysis of a Learning Process in the Early Years' Classroom Toward Inclusive Practice,2018,"Inclusive education services for early childhood; are expected to provide opportunities for all children regardless; of their conditions to be able to obtain equal rights in education; and learning process. The number of early childhood students; with special needs increases each year, but the education services; that can be provided by early childhood institutions are still very; minimal.Inclusion involves creating situations in the setting that; support the needs of the student; mainstreaming children, on the; other hand, involves having students with disabilities learning to; be in a general education setting [1].Teachers' knowledge of the; condition and diversity of children with disabilities is still said to; be lacking as well. Similarly, the implementation process of; learning for children with special needs has not been well enough.; This study aims to analyze the needs of early childhood learning; in schools for children with special needs, so that later the school; can design and provide the appropriate learning experience in; inclusive early childhood education Introduction The result of; data analysis shows that there is no clear reference related to the; curriculum, planning and learning assessment standard for early; childhood students with disabilities. In addition, the means; associated with the mobility of children in learning activities is; still very minimal. It can be concluded that inclusive early; childhood education needs to have individual education program; and supporting infrastructure in learning activity.",,
015-920-296-101-552,Parents perception and experience of transitioning to adulthood for their child diagnosed with an intellectual disability.,2022,"Definitions of adulthood for people with intellectual disability are often complicated, with milestones being markedly different for this population. This is then associated with difficulties for both the people with intellectual disability and their parents, who are closely involved in this transitional period. This paper aims to report on parents' perception and experience of adulthood for their son or daughter with an Intellectual Disability (ID). Qualitative data were collected through 30 - 60-minute phone interviews with eight parents of a person with an intellectual disability aged 15 or older (mean parent age = 60; mean child age = 23). Thematic analysis found that Perception of Adulthood encompassed themes of Independence and Normality. Experiences of Adulthood were categorised under Government Services, Responsibility and Social Supports. Findings of this research provide information for the growing literature around adulthood for people with intellectual disability, as well as how to amend policies and procedures for services that cater to people with intellectual disability and their parents during this transition.",NDIS; adulthood; developmental psychology; intellectual disability; parenting; transition to adulthood,
016-247-408-131-975,Policy Statement on Inclusion of Children With Disabilities in Early Childhood Programs,2016,"PURPOSE The purpose of this policy statement is to set a vision and provide recommendations to States, local educational agencies (LEAs), schools, and public and private early childhood programs, from the U.S. Departments of Education (ED) and Health and Human Services (HHS) (the Departments), for increasing the inclusion of infants, toddlers, and preschool children with disabilities in high-quality early childhood programs.i It is the Departments' position that all young children with disabilities should have access to inclusive high-quality early childhood programs, where they are provided with individualized and appropriate support in meeting high expectations. This joint ED and HHS policy statement aims to advance this position by: Setting an expectation for high-quality inclusion in early childhood programs; Increasing public understanding of the science that supports meaningful inclusion of children with disabilities, from the earliest ages, in early childhood programs; Highlighting the legal foundations supporting inclusion in high-quality early childhood programs; Providing recommendations to States, LEAs, schools, and early childhood programs for increasing inclusive early learning opportunities for all children; and Identifying free resources for States, programs, early childhood personnel,ii and families to support high-quality individualized programming and inclusion of children with disabilities in early childhood programs. Though this policy statement focuses on including young children with disabilities in early childhood programs, it is our shared vision that all people be meaningfully included in all facets of society throughout the life course. This begins in early childhood programs and continues into schools, places of employment, and the broader community. Inclusion in early childhood programs can set a trajectory for inclusion across the life course, making it critical that we include individuals with disabilities in all facets of society from birth. OVERVIEW This year our country proudly celebrates the 25th anniversary of the Americans with Disabilities Act, the 40th anniversary of the Individuals with Disabilities Education Act (IDEA), and the 50th anniversary of Head Start. All three efforts have been transformative in ensuring equal opportunity for all Americans. While tremendous progress has been made, the anniversaries of these laws are cause for reflection on the work that lies ahead. Children with disabilities and their families continue to face significant barriers to accessing inclusive high-quality early childhood programs and too many preschool children with disabilities are only offered the option of receiving special education services in settings separate from their peers without disabilities.iii This lag in inclusive opportunities is troubling for many reasons. First, equal opportunity is one of America's most cherished ideals. Being meaningfully included as a member of society is the first step to equal opportunity and is every person's right – a right supported by our laws. Second, research indicates that early childhood inclusion is beneficial to children with and without disabilities.iv Third, preliminary research shows that operating inclusive early childhood programs is not necessarily more expensive operating separate early childhood programs for children with meaningful inclusion can support children with disabilities in their in including in and resources on and public in It is that the of all are critical for the early foundations of learning and for in and in these by the they with their and in their all it is critical for children with disabilities to be to a of where they can in the of and and with their peers with and without with high-quality early childhood programs can the that learning for all and have progress in early learning opportunities for young with and the of of public and a of are increasing access to early childhood programs. with the of States, the has efforts to access to and the of early childhood programs the to the of Head and Head and the Head these in the of early childhood programs, has not been a of inclusive early learning opportunities for young children with It is critical the of high-quality early childhood programs to that children with disabilities are included in these they too the of high-quality early learning should be and to support the learning and of all This that a early childhood should be one that is inclusive of children with disabilities and their ensuring that and their and the on early the is right to our efforts to barriers to inclusion of children with disabilities in early childhood programs. All early childhood programs and including public and private and Head and Head and the in with families and an in a of inclusion of children with have with and for to access to inclusive early childhood programs for children with disabilities, by a legal the to the of research and has that the education of children with disabilities can be more by high for children and ensuring their access to the education in the to the in to to the the that have been for all This is to the of young children with disabilities in inclusive early childhood programs. is more work to be to access to meaningful inclusive early learning progress a shared and a to access to high-quality early childhood programs for children with disabilities in and to work to and inclusion and to for children with disabilities can and to a that the individualized learning and of all The set a for inclusion that can the of the and recommendations offered in Inclusion in Inclusion in early childhood programs to including children with disabilities in early childhood programs, with their peers without high and in all learning and by individualized and services and supports to their and with and of This to all young children with disabilities, from with the disabilities, to with the most significant The vision for inclusion in early childhood programs and recommendations provided in the policy statement on the and set in the joint position statement from the for the Education of Children and the for for While and position statement focuses on the inclusion of young children in society more the purpose of this policy statement is to on the inclusion of children with disabilities in early childhood programs. The for the of Inclusion supports the of inclusion for young children with and without have that individualized for children with disabilities can be in inclusive early childhood Children with disabilities, including with the most significant disabilities and the can significant and learning progress in inclusive have that children with disabilities in inclusive settings and children with disabilities in separate with this children with more significant children with disabilities to have of as their and are more to in inclusive settings as to separate research that and learning are to their and the are most for children with inclusion that begins early and continues into the have that children with disabilities more in education to be from and have in and in education and more in education to a of and to making learning and children with disabilities in inclusive early childhood programs their peers in separate are and can continue into and have that children with disabilities in inclusive more with peers with and without disabilities, of and more to children in separate that inclusive services for children with disabilities, these are only young children with disabilities are included in and learning opportunities with and are to supports as resources for and and for and are critical to that programs and can the of the of early childhood inclusion can be children are in separate settings in and Inclusion in early childhood settings by inclusion in can these Children without disabilities can from inclusive early childhood programs. that children can and from inclusive are of and and can have a more of children with disabilities are supported by can a understanding of and as programs and have an understanding and for learning and can provide appropriate supports for all children can all children with individualized Children without disabilities in high-quality inclusive early childhood settings from can and in that not be The for Inclusion The right to access inclusive early childhood programs is supported by a legal The supports equal educational opportunities for children with disabilities of the that appropriate early services are to and with disabilities in including the and settings in children without disabilities to the in and of the special education and services are to be to all children with disabilities three to the in the in an and a of be to the of children with disabilities, and that the first option for with a is the the not have a a with a can be of the educational the of and services that be provided to the in the be that a free appropriate public education is provided in the to every with a in of the public early childhood programs. This include special education and services in public private early childhood preschool programs, Head and Head programs, and programs. the Americans with Disabilities Act and of the Act of on the of of the by public of of and children with disabilities from in early childhood programs, and services by local including public that with a by of be from in be the of programs of a public be to by to the programs, and of all and local throughout the States, including their early childhood programs. public to provide services in the most appropriate to the of individuals with settings are that provide individuals with disabilities opportunities to and services in the individuals without of the in places of public as private schools, private programs, private of an by public private that that with a by of be from in be the of the programs of that be to by and from including provided to early childhood programs. HHS and as to provide equal educational opportunities for children with disabilities in the most appropriate to the the Head Act and the and Act have and that support high-quality inclusive opportunities for children with Head and Head programs of their opportunities to children with The Act to for increasing the and of services for children with for more on the legal for early childhood including by the of on the and and have to inclusion in early childhood programs. of and with disabilities that they have and can cause and their While and with disabilities the early services in including and families a of early preschool special and services and and of the children with disabilities have accessing early childhood special education services in inclusive more of preschool children with disabilities early childhood special education services in settings separate from their peers without the three that the of preschool children with disabilities early childhood special education services in early childhood programs has many children are not provided early childhood special education services in settings with their peers without children are to separate as special education preschool as a first This be for children with more significant disabilities, that inclusion is beneficial to children across The are as barriers to inclusion in early childhood and The most to early childhood inclusion that has the are and many and inclusion be by of the of of the to of children with disabilities, a that children with disabilities and resources from their peers without disabilities, and of of the for all including without disabilities and with the most significant to access to inclusive early childhood programs for children with disabilities to be by a on and and be the that services are on an individualized and and the as only early services to be provided in and not the and be in settings as inclusive early childhood programs settings where children are free appropriate public education and as only preschool special education and services to be in preschool programs in a public as to as and Head where services can be a of public and private high early childhood programs be to increasing the of inclusive opportunities for children with of and of the is in the and of the early childhood and in early childhood and learning across and This all including with disabilities, and a to high-quality inclusive early learning of The of services in early childhood programs is a to Head and Head provide children with a set of of Head programs the of The that provide services to young as the early and early and special and – including and – services in separate The of of supports and the in the of supports in early childhood programs be a to the and of children with disabilities in inclusive children with disabilities, more have across and be by the of services offered in one and to to inclusion is a early childhood early early childhood special services and are critical to ensuring children and appropriate supports and services in their early childhood programs. in the of inclusion have progress to a of and support from an is a across to with first and most and the and barriers to inclusion in early childhood programs and ensuring children with disabilities the individualized supports they to a that and early childhood programs, schools, LEAs, and and to a of supported by the and legal foundations of Though of this work has been in for many these efforts to be and more across the This to of all and in all facets of to and and local the of the of inclusion for children with and without and and children with inclusion the and and inclusion as a shared and a and a to inclusion policy and appropriate all of a of inclusion the early childhood is ensuring that the individualized and of children with disabilities are with of It is critical for the early childhood to the of and in the inclusion position to barriers to to to and of and support to the broader that these including and should be in that are beneficial to all in their of inclusion the to the recommendations provided and is the first step to the vision of access to inclusive high-quality early learning opportunities for all a and for Inclusion All agencies that provide services to young children should an in ensuring that and support a early childhood that access to inclusive early learning opportunities to all children and is to the individualized of all should and set the vision for and and resources for and early childhood to the vision in local should early childhood as their for and Education and a on early childhood young children with disabilities are across programs, the should provide in and the a include from Head Head the educational LEAs, schools, services and support including and a vision statement for inclusion early childhood and a on inclusion a for inclusion and services and supports and early childhood to support inclusion inclusive and to inclusion and public The should on early childhood efforts in the including should and as early childhood and for programs to that early childhood inclusion and the services and supports for children with disabilities are across The should and early childhood inclusion efforts to inclusive and on to that are The should a vision statement for early childhood and to the to and an inclusion Inclusion set the for LEAs, schools, and early childhood inclusion and provide the services and supports for children with should their to that they barriers high-quality inclusion and that they are with and legal should that and and services across early childhood programs, including and children are in more one and that that can and that children are with a families not have to early special education services and in their early childhood that the of the of inclusive early childhood programs. their early learning to that they are inclusive of the learning and of children with that early learning the including of early childhood programs as have and to and support the learning and of all young children with disabilities, from with to with significant a of high-quality inclusive early learning opportunities by with private early childhood programs and ensuring that and efforts across public and private programs and to that all early childhood programs are to support the learning and of all that families are in policy including support to to the of families to meaningfully in policy and the progress their inclusion and early childhood that programs support that children with disabilities, including with and can be and and have the and to this and by their vision statement on should set for access to inclusive and high-quality early learning should a that the of inclusive high-quality early childhood the of children with and without disabilities in and that progress in the should that children across the have equal access to inclusive early childhood programs. and have that inclusive early childhood programs are not necessarily more expensive separate early childhood should resources are and they be to support access to inclusive early childhood programs. should across early childhood programs, with early childhood including public for and Head and Head Start. to most and from should provide and to and early childhood programs on resources and the local to support access to inclusive settings that the individualized learning and of children with should the of to be to in inclusive early childhood education for public and to local early childhood to for early services is for children in the and and agencies are and have they can to and children in as are are and for the learning and of all children and appropriate and they not the learning and of children with should this into in a should include to children with disabilities, as to to children with disabilities only the of a early childhood programs, should that not be for the of the for children with should with that the of should be of the of early childhood not and should barriers to inclusion their for early childhood programs. This should include the individualized education in local to that are families of children with all of their in the of services and and making that are individualized and with agencies should local programs and agencies for access to inclusive early learning opportunities to children with disabilities by they are meeting to provide services in the including their with early childhood programs in the community. inclusion in their in they with and and provide programs, and on the and and the of of can high-quality inclusive early learning for programs that are high-quality inclusive programs, in their and with a included in a early childhood ensuring all on children with disabilities and inclusion are for on and to programs to inclusive a early childhood is a of access to inclusive high-quality early childhood programs. should that their efforts are and that inclusion is meaningfully and that efforts are inclusive of and and and and a and The of the for Children that all work with young children have a and All should have of and the of and and the and that should in children in high-quality and that children and and and to should that their efforts to this in with programs and of include for children with disabilities, including children with that and have a on Inclusion and Children Disabilities All early childhood to be to support children with should that and for early childhood including and and include for with children with disabilities and their The should with of education to that early childhood programs include for children with disabilities throughout the including and in a of a separate should that are programs the to to work with young children with disabilities, including children with Inclusion should that their children with disabilities to be in by early childhood and many early childhood and not have should be in with and the of with and as and services of the and of of the and and early childhood early childhood special and early should where and work with children in inclusive and to support and in their and should that early childhood and efforts and are inclusive of all children with can efforts to that with young children can access and in inclusion can the to and and a for all and with young a of inclusion that provide and opportunities to all on supporting the learning and of children with that is to are and and on a of inclusive of the and to children with to in inclusive high-quality early and to with a for local programs to support inclusion for and of and can and access to including inclusion and services with the of access to all early childhood programs in the and programs that are of inclusion that and local and and can the to inclusion can be for and Health of to be barriers to inclusion and to and all early childhood programs should have access to can in with young with an on and should early childhood appropriate and supports and of of with have been to and and in early learning and as as of in young for more resources on and in early learning HHS and ED have to and joint HHS and ED policy statement on and in early childhood settings and a with free Health for the for for and should an in of inclusion and of children with should with to the of early childhood the laws and research that provide the for and set the expectation that the is for ensuring that all children have access to high-quality early childhood programs and the individualized supports they to in programs. and should include early childhood programs and and their and families of children with and without and private and the support of States, in LEAs, schools, early childhood programs, and can high-quality early learning for all young can a of set for services to be provided in inclusive settings to the appropriate and appropriate resources in that access to inclusive early childhood programs, and childhood can as for by a of inclusion can a of inclusion across the community. LEAs, and a vision statement and a of inclusion a policy inclusive the and for and support access to supports for to in and the of inclusive settings a supporting with with are young first and most and and early childhood programs should and they are with all It is to that all families are the of inclusion and their and to the that their and programs support this by families to the and in their and resources on inclusion in early childhood programs, individualized supports and services their is and the of to their This should be and to all including with and early childhood programs should to for their including accessing their local early childhood programs and services provided in their local early childhood programs. should include families in policy and public including inclusion and and should have with families on their learning and on and for their on their and and to services and as as to and programs should in including and and into should and support the of inclusion and with families and and provide to and on with families that are to their and to of and Services in with The that and and for children with disabilities on their LEAs, schools, and local early should their to that and inclusive settings are meaningfully for and that the first for infants, toddlers, and preschool children with disabilities are that be for children without appropriate for the of a with a should be that and can be with the of services and supports in inclusive a in Head is with a and the as a with a the first should be that their special education services are provided in their Head should not be an that they Head special education childhood and and services should be included on with are to include one education the is in the education and should to and their and the of early early childhood special and services in children their and should to access services and supports as and the of Inclusion in progress in meeting their and learning is should be with of their early childhood programs to that are appropriate and supports to their high-quality inclusive access and of access and be on can of to and to of and barriers and for and learning and to from making to the and to a special to and of and an in many LEAs, early childhood programs most of their for children with disabilities on separate for children with childhood including can the they that children with disabilities and to inclusion by and on the are and to provide services in inclusive programs with peers to the in with the of the are we and with early childhood programs, including to a where children with disabilities can inclusive early learning opportunities in settings across the are our resources the of for the most support early childhood special from to services to and we support early early childhood special services and in services to early childhood and can we the of and across early childhood are resources to access to and to supporting all children with disabilities, to all should have include in and and and inclusion and in to the of all they should have a understanding of and for and in of these is for all including early childhood and early early childhood special services and should that the and supports are in to and of all and with as and Head programs should in the of inclusive early childhood programming is not only to their is to local early childhood from and and are critical to high-quality inclusion in early childhood programs. and set the and of the and provide and an in of inclusion public the community. should in opportunities that include of the on on to a of inclusion and inclusive and and that support should local learning with local early childhood to and on should that all and to in to a of and supporting the learning and of children with disabilities individualized should that and have set for and and to in and learning on to and are to ensuring that all children are high-quality early by and their and should the to the learning of all and and can in their to children with All opportunities offered to early childhood should the and can be individualized for children with LEAs, schools, and early childhood programs should to support their and their learning and individualized to and for all children; all as free learning to support the of all including children with into learning across and progress with families and and learning opportunities children with disabilities and their with children and their and ages, and as with including local support agencies and the and of including understanding the of children with special and in and a understanding of and in and and in to and all and including and and and Services a in supporting young access to and in inclusive early childhood programs. early childhood special services and should services to children with disabilities in early childhood programs and with support in should and early childhood and to inclusive educational as to on with children in separate settings children of their settings for as a first to in with children with disabilities, should that these have the the and in the early childhood and and with and and and with families and and to their and to support the and learning of all children; in an early childhood and with families and work with to inclusive in the and appropriate services and supports on the of their a critical of all is and and and ensuring that all are and work with with can as including and their to and with as as an and and increasing programs to resources and childhood of a and a supported by early early childhood special early childhood and services should can with and to and for children with disabilities on an schools, and should have a inclusion services with children and families with services as and families services for their It is critical to for and the work with young This to their and and the and of to learning and to childhood programs, schools, and should have access to supports by early inclusion early childhood early childhood special of the and of of the and services This support should be and to the of and and the children and families they This support can the of early learning and for all It provide in the and support to of children with and programs by and to including and including support for children and provide on and and to support as and the services they provide should be that is of the and progress of the with and are critical for a where children have access to inclusive early learning opportunities in a of settings across their as in programs, public Head Start. are critical to the and in in that not a early childhood not inclusive early childhood programs, they should with early childhood programs, as Head private preschool programs, to provide services in the to children with disabilities in their Head and Head programs are to with that include individuals and agencies that provide services to children with are to ensuring that Head and Head programs can their to children with disabilities in their programs. the Act to they services provided the and with services and programs children with young children with disabilities and their families services that be by of their early childhood programs. public and private as the and and and children supports as as the of a of that services to and as many children from programs to preschool and all young children from their early childhood and progress to early childhood programs, schools, and can support the programs. This from inclusive early childhood programs to inclusive the country continues to on the critical of access to high-quality early childhood programs for all young it is that children with disabilities be included the of of these and be offered equal opportunities to from these The for meaningful inclusion of young children with disabilities, not only in early childhood programs, in the more is an of our efforts to of opportunity for all Americans. The vision that all children have access to inclusive high-quality early childhood programs, and local a shared and and a schools, and all this vision and these we can as a country in the of all of our children and to the of an equal opportunity to",,
016-661-370-108-545,Changes in Pre-service Early Childhood Teachers' Attitudes toward people with Disabilities through Special Education Introductory Class,2018,,,
016-707-542-607-713,Research Trends in Early Childhood Interventions Using Single-Subject Designs: Before and After the Act on Special Education for Persons with Disabilities (2007),2020,,,
016-776-454-070-898,Reconceptualizing Assistance for Young Children of Color With Disabilities in an Inclusion Classroom,2021,"In this article, we draw on DisCrit to critically analyze how a group of early childhood educators approached assistance with young children of color with disabilities in a Head Start inclusion cla...",,
016-786-005-942-709,Parents Reporting Adverse Childhood Experiences Among Young Children With Disabilities: Informing Systems Transformation:,2018,This study provides new insights regarding the associations and risk factors of nine specific adverse childhood experiences (ACEs) and young children (0–5 years of age) with disabilities. Utilizing...,,
016-798-019-245-873,Interaction Interventions for Young Children with Disabilities,2014,,,
017-006-339-483-107,Risk factors for early childhood disability in Bangladesh: Evidence from Multiple Indicator Cluster Survey 2019.,2021,"Introduction Early childhood is a vital part of human life because most of the brain developments occur in this particular period. Early childhood disability is a significant global public health burden, which can negatively impact the children’s quality of life and their overall productivity. It is also a major social and economic problem in Bangladesh. Therefore, it is very important to understand the associated factors for early childhood disability, which may help disability prevention, better management and policy formulation. The main objective of this study is to investigate the child, family, and community-level factors associated with early childhood disability in Bangladesh. Methods A cross sectional nationally representative data was derived from Multiple Indicator Cluster Survey (MICS), 2019. A total of 14,072 Bangladeshi children under five years of age were selected for this study. Various types of statistical analysis (simple, bivariate, multivariable) were performed. To assess the bivariate relationship between chosen categorical variables (independent) and early childhood disability (dependent), a chi-square test was used. The multivariable ordinal logistic regression was used to find out the association of disability with child, family, and community-level factors. Results The results show that 2.0% of the children have at least one disability and 0.8% have more disabilities. Several factors namely not attending in early childhood education [Odds Ratio (OR) = 0.65; 95% confidence interval (CI) = 0.13–1.17 Ρ = 0.01], having mother’s functional difficulty (OR = 1.23; 95% (CI) = 0.58–1.88 Ρ <0.001), unhappy mother’s life (OR = 0.85; 95% CI = 0.30–1.39 Ρ <0.001), parents without internet access (OR = 0.68; 95% CI = 0.06–1.29 Ρ = 0.03) and parents using mobile phone (OR = 0.52; 95% CI = 0.09–0.95 Ρ = 0.02) were found to be important for early childhood disability in Bangladesh. Conclusion Early childhood disability is still neglected in Bangladesh and further epidemiological studies are recommended. The findings of this study may help policy makers and relevant stakeholders to develop interventions for reducing the overall burden of early childhood disability.",,"Bangladesh/epidemiology; Chi-Square Distribution; Child, Preschool; Cross-Sectional Studies; Persons with Disabilities/statistics & numerical data; Female; Humans; Infant; Infant, Newborn; Logistic Models; Male; Odds Ratio; Quality of Life; Risk Factors"
017-124-015-513-450,TRABALHANDO E ALTERANDO PERCEPÇÕES SOBRE A DEFICIÊNCIA FÍSICA NA EDUCAÇÃO INFANTIL COM ATIVIDADES DE ESTRATÉGIAS DE LEITURA,2019,": the disability is a social construction and the perceptions, will generate conceptions that will influence in attitudes towards the person with disability. From that budget, it is necessary to work with the theme from the Child Education and one of the ways to do that work is using literature. As a result, practical activities of reading strategies were obtained, with the book Esta es Silvia and understanding the perceptions of 4-year-old children of a Municipal School of Early Childhood Education of a city in the interior of Sao Paulo on physical disability, before and after reading that book. To do this, we used as a methodological procedure: conversation wheels and designs made by children before and after reading strategies activities. It was verified that in addition to enabling reading strategies, the book in question made it possible to alter perceptions of children of 4 years on physical disability, bringing positive information on the subject.; Submissao: 2019-03-05; Aceito: 2019-07-13",Educação Infantil; Deficiência; Estratégias de leitura; Atividades práticas Early Childhood Education; Disability; Reading strategies; Practical activities,
017-186-011-060-451,Inclusive Early Childhood Education in Zambia:A Call for Policy Action,2022,"Early childhood education is thought to be foundational for the development of human capital and offers a window of opportunity for accelerated brain development. Zambia has made advancements in enhancing access to quality ECE. However, current initiatives have also shown inequitable access especially for children with disabilities. The effectiveness of a comprehensive inclusive early childhood education agenda has been explored in this paper as a compelling case for promoting equitable access for all qualified children. The major objective of the educational system is to serve as a social integration institution, and inclusive education is frequently considered as the path to achieving this objective. The paper is premised on the argument that the early years are crucial for inclusion because this is the period when the foundation for lifetime learning and the development of core values and attitudes is laid. Conversely, learning and developmental inequalities first manifest themselves in a child's early years, prior to their entry into primary school. It is simply too late to start talking about inclusion when children are already in primary school. Keywords: Early Childhood Education, Inclusive early childhood education, Rights-Based Approach, policy, legislation DOI: 10.7176/JEP/13-36-06 Publication date: December 31 st 2022",Early Childhood Education; Inclusive early childhood education; Rights-Based Approach; policy; legislation,
017-353-734-209-18X,Personnel Preparation in Early Childhood Special Education: A Southern Perspective,1991,"(1991). Personnel Preparation in Early Childhood Special Education: A Southern Perspective. Journal of Early Childhood Teacher Education: Vol. 12, No. 3, pp. 3-8.",EDRS PRICE MF01/PC01 Plus Postage. DESCRIPTORS *Disabilities; *Early Childhood Education; *Government Role; Higher Education; *Special Education Teachers; State Departments of Education; *State Standards; Teacher Certification; *Teacher Education,
017-822-803-781-243,A Three-Tier Model of Parent Education in Early Childhood Applying a Problem-Solving Model,2008,"Young children with developmental disabilities may be at heightened risk for experiencing problem behavior. Evidence suggests that inappropriate behavior in young children may be related to negative parent–child interactions. Parent education and support programs have a long history of utility and effectiveness in reducing negative parent–child interactions and behavior problems. Although these programs may be effective in preventing and resolving childhood behavioral problems, not every family benefits uniformly. This article discusses how a three-tier model of intervention can be applied to parent education for young children with developmental disabilities in the context of early childhood education programs. Furthermore, the authors discuss how a problem-solving model can be used to make decisions regarding intervention provision.",,
017-911-171-738-494,Understanding and Educating Children with Autism Spectrum Disorder from the Perspective of Disability Studies,2016,,,
017-934-007-165-075,Attitudes of Pre-Service Mainstream Teachers in Singapore towards People with Disabilities and Inclusive Education.,2012,"2004 has come to be seen by many in Singapore as a watershed year with the shift in the position of the government towards encouraging greater integration of students with disabilities in mainstream settings. This study investigated the attitudes of 1538 mainstream pre-service teachers towards disability and inclusive education during this period of policy change. Analysis of the data indicated that the pre-service teachers had little or no knowledge and experience with disability, and generally possessed negative attitudes towards people with disabilities. They evinced ambivalent feelings towards inclusive education, and expressed a preference for special school placements for students with disabilities. While they were open to the inclusion of students with social or communication difficulties, they were not favourable to including students with physical disabilities, sensory impairment, learning disabilities and behavioural problems in mainstream settings. Implications of these findings were discussed ...",,
018-320-589-332-485,School-Based Victimization Prevention Education Programs for Children and Youth With Intellectual and Developmental Disabilities: A Scoping Review.,2024,"Youth with intellectual and developmental disabilities (IDD) are at significantly higher risk of experiencing multiple types of interpersonal victimization across their lifespan compared to their peers without IDD. Despite the extensive literature on efficacy of prevention education programs for children without IDD, very little is known about comparable programs for children with IDD. In this scoping review, we synthesized the literature on existing programs for children with IDD. We identified thirteen programs which we critically assessed against established best practice criteria for prevention and special education and evaluation. The current literature on prevention education programs for children with IDD exhibits significant limitations, such as weak research designs and poor measurement of outcomes.",child maltreatment; intellectual developmental disabilities; prevention; prevention education; school-based,Humans; Crime Victims/psychology; Developmental Disabilities/psychology; Child; Intellectual Disability/psychology; Adolescent; School Health Services
018-336-714-380-491,Pursuing Justice-Driven Inclusive Education Research: Disability Critical Race Theory (DisCrit) in Early Childhood:,2021,"Multiple scholars have argued that early childhood inclusive education research and practice has often retained racialized, ableist notions of normal development, which can undermine efforts to adv...",,
018-345-256-949-402,"The Inclusion of Children with a Disability in Child Care: The Influence of Experience, Training and Attitudes of Childcare Staff:",2006,"Seventy-seven directors of childcare centres and 77 childcare staff were surveyed about their training to work with children with a disability, experience with these children, attitudes to disabili...",Child care; inclusion; childhood disability; attitudes; training; experience,
018-382-172-894-590,Study on the Policies of the Daycare for Infants and Preschoolers with Disabilities,2007,,,
018-408-770-529-57X,Conceptualisations of disability and inclusion: perspectives of educators of young children,2013,"This grounded theory study explores beliefs about disability and inclusion from the perspectives of educators of young children in their respective roles as elementary school teachers and early childhood educators, in Ontario, Canada. The social relational model described by Reindal is used as a theoretical framework for interviews with four educators. The interview data provide a theory of educators' beliefs and show the relationship of the beliefs to their practice. Implications based on the theory are presented for both policy and professional development.",,
018-535-653-384-297,Classroom Readiness for Successful Inclusion: Teacher Factors and Preschool Children’s Experience With and Attitudes Toward Peers With Disabilities,2017,"ABSTRACTThe current study examined (1) associations among teachers’ experiences regarding children with disabilities (i.e., education, specialized training, years of work experience), their attitudes toward disabilities, and their classroom practices in relation to inclusion and (2) associations among children’s attitudes toward peers with disabilities and child and teacher factors. Ninety-one 4- and 5-year-old children participated in an interview, and their teachers completed a survey. Teachers’ specialized training and bachelor’s degree in early childhood education (ECE) were positively associated with their inclusive practices in the classroom; teachers’ bachelor’s degree in ECE and experiences working with children with disabilities were positively associated with their attitudes toward disabilities and inclusion; and children’s perceived contact with people who have disabilities was positively associated their attitudes toward peers with disabilities. However, none of the teacher factors predicted c...",,
018-615-803-747-875,Preparing teachers to work with young children with disabilities,2008,"In order to meet the demands of inclusive education in the Asia-Pacific region,; educational personnel must attain the necessary knowledge and skills required to; work with children with disabilities. Insufficient training for early childhood educators working with children with disabilities, however, is often reported in the; literature (e.g. Garner, 2000).",,
018-618-197-179-399,Mothering in Families With and Without a Child with Disability,1998,"Abstract This paper describes some features of a study which compares and contrasts mothers’ perceptions of their family life in three different family environments, those without a child with disability and those families who live with a child with an intellectual or physical disability. All families have children in the middle childhood period allowing the mothers to reflect on earlier experiences and changes in their family life. Mothers’ psychological characteristics are explored in terms of the coping resources they utilise when meeting stressful life situations in their family and how their personal resilience and vulnerability is related to these individual coping resources.",,
018-694-711-401-525,Professional credential program: impacting early childhood inclusive learning environments,2020,,,
018-695-368-036-720,Personal reflections of disabled women on access to early childhood education in Zimbabwe,2018,,,
018-744-393-399-732,The Effects of Small Group of Cooperative Activities using Personality Storybooks on the Perception of Young Regular Children & Acceptance of Peers with Disabilities in an Inclusive Kindergarten Classroom,2019,,,
018-802-401-464-489,"Childhood Health Shocks, Comparative Advantage, and Long-Term Outcomes: Evidence from the Last Danish Polio Epidemic",2018,"A large literature documents that childhood health shocks have lasting negative consequences for adult outcomes. This paper demonstrates that the adversity of childhood physical disability can be mediated by individuals' educational and occupational choices, which reflect their comparative advantage. We merge records on children hospitalized with poliomyelitis during the 1952 Danish epidemic to census and administrative data, and exploit quasi-random variation in paralysis incidence. While childhood disability increases the likelihood of early retirement and disability pension receipt at age 50, paralytic polio survivors obtain higher education and are more likely to work in white-collar and computer-demanding jobs than their non-paralytic counterparts.",,
018-824-729-265-077,Review of Core Components of Early Intervention for Young Children with Disabilities: Focusing on Domestic Academic Journals,2018,,,
018-863-123-601-664,A study on the revised nuri curriculum and supporting the play of young children with disabilities in an inclusive setting,2020,,,
018-878-499-943-840,Examining young children's social competence using functional ability profiles.,2017,"Purpose: To explore the use of International Classification of Functioning, Disability, and Health for Children and Youth (ICF-CY) based profiles of children’s functional abilities in relation to t...",ICF-CY; disability category; latent class analysis; problem behavior; social skills,"Activities of Daily Living; Autistic Disorder/psychology; Child Behavior/psychology; Child, Preschool; Communication Disorders/psychology; Disability Evaluation; Persons with Disabilities/psychology; Education, Special/methods; Female; Humans; International Classification of Functioning, Disability and Health/standards; Male; Neurodevelopmental Disorders/psychology; Problem Behavior; Regression Analysis; Social Skills; United States"
018-897-873-760-774,Difficulties and Support Needs of Early Childhood Special Education Teachers Experiencing Aggressive Behaviors of Young Children with Disabilities in Inclusive Education Settings,2026,,,
018-984-127-785-932,A Consultative Itinerant Approach to Service Delivery: Considerations for the Early Childhood Community,2008,"Purpose This article, written by experts in itinerant early childhood special education, describes and differentiates approaches to itinerant early childhood special education as a primary service ...",,"Child, Preschool; Delivery of Health Care/methods; Developmental Disabilities/therapy; Early Intervention, Educational; Education, Special/methods; Environment; Faculty; Humans; Learning; Models, Theoretical; Professional Role; Teaching/methods"
019-010-900-307-673,Approaching Play and Inclusion,2017,"The aim of this chapter is to explore the way in which play is used in a range of educational settings. It compares and contrasts play principles as adopted in early childhood settings, regular primary schools and special educational settings. Focusing on play for children with impairment, play in special educational settings is deconstructed using a disability studies lens and a way forward recommended through combining disability studies with childhood studies.",,
019-095-585-903-568,The Response to Intervention (RTI) Approach in Early Childhood,2011,"Seeking to achieve greater effectiveness in educating the nation’s youth, the Response to Intervention (RTI) approach is increasingly being implemented in US schools (Berkeley, Bender, Peaster, & Saunders, 2009; Walker & Shinn, 2010). The approach is a paradigm shift in K–12 education that is affecting early education, early intervention, and early childhood special education as well. The shift moves practice away from the traditional model of waiting for students to qualify for special education before serving them to one of intervening immediately to prevent developmental delays and challenges from becoming disabilities. Supporting implementation of RTI are favorable policies in the No Child Left Behind Act (NCLB, 2001) and the Individuals with Disabilities Education Improvement Act (IDEA, 2004) that have put the spotlight on improving students’ results through early and sustained use of evidence-based practice. While not specifically addressed in early childhood special education policy, RTI is supported by federal and state accountability policies requiring annual reporting of individual child progress and an expectation of improving results for children served (Head Start for School Readiness Act, 2007; US Department of Education [USDE], 2006). The policies and reports of professional organizations and advocacy groups like the National Association of State Directors of Special Education, National Association of School Psychologists, and the National Center for Learning Disabilities (NCLD) also support the RTI model. These organizations, among others, (e.g., National Association of State Special Education Directors, 2008; Shinn & Walker, 2010; Thomas & Grimes, 2008) embrace RTI as a science-based practice and have made RTI knowledge and practice part of their professional expectations and advocacy. The Council for Exceptional Children has a position statement on RTI (CEC, 2007), and the Division of Early Childhood (DEC), in conjunction with the National Association of the Education of Young Childhood (NAEYC) and the Head Start Association are currently working on a joint early childhood position statement on RTI. VOLUME 43",,
019-382-250-257-340,An approach to participation of children with disabilities in inclusive preschool settings,2011,"Summary Based on the Biopsychosocial model of disability, this paper presents preliminary results from a broader study 1 that uses a sequential methodology of assessment-intervention-follow-up to design and implement rehabilitation plans focusing on child participation with the over all aim to promote higher quality of early childhood inclusive experiences for children. Participants are fifty children with identified disabilities or risk of developmental delay, attending early childhood education settings. The study analyzes associations among: (a) structural aspects of quality, (b) process components of",,
019-400-251-904-200,Early childhood service delivery for families living with childhood disability: Disabling families through problematic implicit ideology,2009,THE AIM OF THIS PAPER is to unpack the implicit ideology underpinning early childhood service delivery for families living with childhood disability. The family as the unit of care is central to th...,,
019-573-258-560-282,Teaching ELL Students in the Elementary Grades: Teaching ELL Students With Disabilities,2018,"<jats:p>This chapter presents information regarding teaching ELL students with high incidence disabilities in the mild to moderate range. Specific disabilities to be discussed are learning disabilities, dyslexia, cognitive impairments, and autism. Identification procedures and implications for the individual education plan are offered. Learning characteristics that are manifested with these disabilities are explored. Instructional strategies that are most effective for children with these disabilities are explained. The impact of ELL on the disability is discussed. Accommodations to instructional strategies for ELL students are suggested. The misidentification of ELL students as having a disability is examined as well as misplacement into special education. </jats:p>",,
019-720-243-713-642,Early childhood education in Zambia: inclusion of children with disabilities,2016,,,
019-733-212-090-617,Front Matter and Forward,1991,"Follow this and additional works at: http://educate.bankstreet.edu/thoughtandpractice Part of the Curriculum and Instruction Commons, Curriculum and Social Inquiry Commons, Disability and Equity in Education Commons, Junior High, Intermediate, Middle School Education and Teaching Commons, Pre-Elementary, Early Childhood, Kindergarten Teacher Education Commons, and the Social and Philosophical Foundations of Education Commons",,
019-834-613-535-35X,The Relationship between the General Child Teachers’ Perception of Integrated Education and the Life Adaptation of Children with Disabilities to Early Childhood Education Institutions,2019,,,
019-990-627-976-812,BARRIERS TO INCLUSIVE PLAY IN EARLY CHILDHOOD EDUCATION; PERSPECTIVES FROM TEACHERS AND PARENTS OF CHILDREN WITH DEVELOPMENTAL DISABILITIES,2024,"<jats:p>This research aims to examine the understand of the transformation of the educational paradigm towards the inclusion of play for children with developmental disabilities, especially dyslexia, dysgraphia, and dyscalculia, in the context of early childhood education. This study uses a qualitative approach to explore how changes in inclusive teaching methodology affect the engagement and development of children with these disabilities. Data was collected through in-depth interviews with educators and parents and direct observation in classroom settings. Research findings show that implementing inclusive teaching methods significantly increases the active participation of children with dyslexia, dysgraphia, and dyscalculia, as well as their social skills. This intervention also positively impacted children's cognitive and emotional development, with essential contributions from family support and an adaptive learning environment. This research provides new insight into the importance of inclusive methodologies in supporting children with developmental disabilities. It emphasizes the need for collaboration between educators, families, and service providers to create more adaptive and supportive learning environments.</jats:p>",,
020-018-742-937-54X,Disabled); Accountability; Data Analysis; Data Collection; *Disabilities; Early Childhood Education; *Educational Assessment; *Educational Benefits; Elementary Secondary Education; Organizational Objectives; *Outcomes of Education; Standards; Student Evaluation,2000,,,
020-033-512-659-279,Children with Developmental Disabilities and Chronic Illnesses,2026,,,
020-248-788-424-663,A Qualitative Study on the Professional Growth Process of Related Service Therapists for Young Children with Disabilities,2017,,,
020-497-401-583-772,Obstacles to Inclusion: One Early Childhood Inclusive Teacher’s Perspective,2019,"In spite of the attention given to the topic of including children and youth diagnosed with emotional and behavioral disorders in general education classrooms; there has been an absence of empirically sound research to guide policy and practice. With the passage of The Individuals with Disabilities Education Act (IDEA) there has been an increase of students with cognitive, social and emotional disorders included in general education classrooms. Significant debate continues to surround the issue of students with emotional and behavior disorders and other disabilities for placement in general education settings. This chapter will explore the experience of one such environment in which several students with emotional disturbances are included in a first grade classroom. The frustrated teacher expressed a perceived lack of knowledge in handling behaviors and persistent feelings of helplessness. She struggled with how to handle the behaviors of the students with emotional disturbances and questioned if their inclusion in the general education classroom was best for all. Although the outbursts and negative behaviors did not cease; it was observed with consistent approaches to addressing behavior, the teacher was successful at cultivating empathy among students and examples of positive behaviors and care were shown in student interactions.",inclusion; emotional disturbances; special education; general education; empathy Obstacles to Inclusion: One Early Childhood Inclusive Teacher's Perspective,
020-497-543-466-66X,The Scholars Project: Maine’s Distance Education Model for Preparing Early Childhood Special Educators to Work With Young Children With Disabilities:,2017,The Early Childhood Opportunity (EChO) Scholars project was designed to address the following significant needs in Maine: (a) prepare highly qualified early interventionists and early childhood spe...,early intervention; early childhood special education; personnel preparation; rural; distance education,
020-659-318-841-290,A inclusão das crianças com deficiência na educação infantil: processo em construção,2018,"This article results from a theoretical study and aims to discuss the inclusion of children with disabilities in early childhood education, highlighting the practices and challenges of this ongoing process. It presents general considerations about the concept of childhood, signaling that disability is an experience establishing singularities in how children experience their childhood. Said the establishment of the field of early childhood education, with its rise of the “underground” of activity, linked to the welfare stage of Bbasic Education, organized by reference which gives it importance and proper attribution in educational policy. Finally, contextualizes special education from the perspective of inclusive education, pointing out the challenges related to the inclusion of children with disabilities in the day care and preschool.",Palavras-chave: Infância; Criança com deficiência; Educação especial; Educação infantil Childhood; Children with disabilities; Special education; Early childhood education Palabras clave: Infancia; Niño con discapacidad; Educación especial; Educación infantil,
020-755-067-844-541,The impact of neoliberal school choice reforms on students with disabilities: perspectives from New York City,2018,"This disability studies in education informed study unpacks effects of neoliberal reforms on students with disabilities in New York City schools. These reforms proliferated small themed schools, di...",,
020-788-816-791-071,Play Behaviors of Parents and Their Young Children With Disabilities,2010,"Learning to explore, communicate, and interact with others and the environment through play can be problematic for young children with disabilities, but with parental support, children can learn an...",,
020-810-546-362-047,Effective Transitions to Kindergarten for Children with Disabilities,2018,"This chapter examines the transition process to kindergarten for children with disabilities, from those who are medically fragile to those who have language delays. Overall, while transition process and practices for children with disabilities are similar as for their typically developing peers (Rous. (2008). Recommended transition practices for young children and families: Results from a national validation survey (Technical Report No. 3). Lexington: University of Kentucky, Human Development Institute, National Early Childhood Transition Center. Available at http://www.hdi.uky.edu/nectc/NECTC/Publications/papers.aspx), the transition experience is often more intense and varied (e.g., (Daley, T.C., Munk, T., & Carlson, E. (2011). Early Childhood Research Quarterly, 26, 409–419); (Dockett, S., & Perry, B. (2004). International Journal of Early Years Education, 12, 217–230); (Hanson, M.J., Beckman, P.J., Horn, E., Marquart, J., Sandall, S.R., Greig, D. (2000). Journal of Early Intervention, 23, 279–293); (Janus, M., Kopechanski, L., Cameron, R., & Hughes, D. (2008). Early Childhood Education Journal, 35, 479–485)). Transitions to kindergarten often require the cooperation of persons from multiple programs and diverse early care settings; the need for specialized services for children with disabilities can significantly increase the number and nature of staff who are involved in this process. This chapter examines four components of kindergarten transition processes for children with disabilities. We begin by considering the outcomes of successful transition practice: positive outcomes for children, families, and teachers. To undergird this discussion, we present an expanded conceptual model for transition and review key transition elements and barriers to those elements that continue to be problematic. Based on the latest research, we present evidence-based practices to inform improved transitions and conclude with an examination of resultant policy implications.",,
020-823-775-250-287,A Study of Teaching Practice Programs in Disability Integrated Daycare Centers as Experienced by Childcare Teaching Students: Focusing on Focus Group Interviews,2019,,,
020-996-341-264-011,Making Connections with Families to Foster Preschool Social-Emotional Skills and Reduce Exclusionary Discipline Practices,2025,"This chapter provides knowledge and strategies for building and strengthening connections with families. The chapter includes an overview of special education eligibility and exclusionary practices, as well as early childhood mental health. A primary focus of the chapter is on developmentally appropriate and culturally responsive pathways that can reduce the suspension and expulsion of young children and provide intervention for children with disabilities through family partnerships. Using two research projects implemented in Virginia as an example, the chapter highlights practice skills that early childhood educators and researchers can use such as focus groups and community service mapping to build responsive partnerships with families.",,
021-022-594-480-821,"Early Childhood Special Education for Children with Disabilities, Ages Three through Five: Program Planning",1999,,,
021-314-986-195-127,A Study on the Social Improvement of Children with Intellectual Disability Through Group Play Activities,2016,,,
021-411-873-175-618,A Study on the Perception of Parents of Young Children with Disabilities upon Parenting Support Program for Parent Empowerment,2012,,,
021-492-831-470-691,"The de-pathologization of childhood, disability and aging in an intergenerational art class Implications for educators",2005,"Based on a naturalistic study of an intergenerational art program at a colocated child and long-term care facility, the purpose of this article is to discuss the implications of the program’s learning opportunities, primarily for young children, in light of current conceptualizations of childhood, aging and disability. Through a critical, postmodern framework which sees childhood, aging and disability as situated phenomena which are produced as objects in relation to power, I argue that programs such as this one are radical in their de-pathologization of these three social groups.",,
021-533-792-930-795,Implementing and Maintaining an Effective Early Childhood Comprehensive Technology System,2000,"The Early Childhood Comprehensive Technology System (ECCTS) was a 3-year collaborative project designed to implement and maintain a comprehensive technology system based on combining four components of nationally recognized demonstration models and peer-reviewed outreach models funded by the Early Education Program for Children with Disabilities in the U.S. Department of Education. The models incorporated (a) on-going training, follow-up and technical support for teachers and an on-site technology support team (Tech Team); (b) team-based technology assessment for children with moderate to severe disabilities; (c) technology integration into the classroom curriculum; and (d) transition into public school kindergartens and other programs. ECCTS components were effective in establishing, maintaining, and institutionalizing computer technology in a large preschool program.",,
021-556-768-565-072,Book Reviews,2010,,,
021-563-033-236-644,Special Educational Needs and Disabilities in Early Childhood Education (Australia),2019,,,
021-580-923-754-309,Inclusion Means,1998,"<jats:p> What perceptions does the word ""inclusion"" conjure up? Is it a con tinued civil rights effort for individuals with disabilities? Is it increased placement of students with disabilities in general educa tion ? Is it a vision that schools will become a model for valuing the inherent diversity of U.S. society? </jats:p>",,
022-203-615-565-613,"Community's knowledge, attitude and practices towards inclusive home based early childhood education in Uganda: Lessons for scaling deep",2022,"<jats:p>Background: Most innovations that would help to provide inclusive home-based early learning for children in marginalised communities sometimes collapse when the funders pull out. One of the reasons for this has been lack of information on the dynamics in such communities that can help to sustain such innovations.Aim: This study aimed to provide information on what communities in the study area know, their attitude and practices that can sustain home-based early learning initiatives.Setting: The study setting was in rural districts with marginalised communities, two in eastern and the other two in central Uganda.Methods: This study uses an exploratory approach to collect data through interviews and focus group discussions in the selected Ugandan communities. Data were collected from 120 purposively sampled parents, caregivers and teachers using in-depth interviews.Results: (1) Participants support the establishment of inclusive home learning centres and already have learning expectations of their children by the age of 6 years. (2) While women are more available for early childhood care services, men are supportive of inclusive education. (3) Cases of children with special needs are more prevalent in the study area, suggesting that many more could be found than currently known.Conclusion: The study concludes that communities have preferences for some activities carried out in the centres if established. This study provides an advance information that is useful for planning by agencies and government departments that may want to support establishment of such centres in marginalised communities.</jats:p>",inclusive home based early childhood education; access; centre based care; scaling; community support,
022-246-101-901-587,Ecobehavioral Assessment in Early Childhood Programs A Portrait of Preschool Inclusion,1999,"The purpose of this investigation was to describe the nature of preschool children's experiences in inclusive early childhood programs. The momentary time-sampling data reported in this article represented 3 hours of observational information per child for 112 preschoolers with and without disabilities in 16 community-based, inclusive preschool programs in four states. In general, children with and without disabilities exhibited similar child behaviors and were meaningfully engaged in a variety of adult- and child-initiated activities within similar activity contexts. Two noteworthy between-group differences were that (a) children without disabilities, compared to those with disabilities, participated in more child-child social behaviors and (b) children with disabilities received more adult support and attention than peers without disabilities. These ecobehavioral data begin to ""paint a portrait"" of preschool inclusion. This ""portrait"" revealed that children with disabilities were physically included but...",,
022-274-345-327-049,Early signs of specific learning disabilities in early childhood.,2020,"Since comprehensive evaluation of academic skills cannot be extensively conduct-ed in early childhood, specific learning disabilities cannot be diagnosed in pre-school-aged children. To evaluate academic skills, children must be school-aged and interventions cannot begin in the preschool period. However, specific learning disabilities in children may also be noticed during preschool. Preschool teachers need to determine which kids are at risk of having specific learning disabilities so that they can be detected early and an intervention provided. Preschool teachers need to be aware of the early signs of specific learning disabilities to distinguish between typically developing children and those at risk of having specific learning disabilities. In this review, studies describing the preschool characteristics of students at risk of having specific learning disabilities are examined, and the early signs of specific learning disabilities and early intervention processes are described based on the literature. Research suggests that the signs of specific learning disabilities can be seen in early childhood. The need for preschool teachers and families to be sensitive to the characteristics of children at risk of specific learning disabilities in the context of early intervention is discussed.",,
022-463-526-833-453,A Study on Analysis of Domestic Research Trends related to Transition Support into Elementary School for Young Children with Disabilities Using the Integrative Literature Review,2022,"<jats:p>This study analyzed the domestic research trends related to transition support for young children with disabilities using the Integrative Literature Review proposed by Whittemore and Knafl(2005). From 1999 to August 31, 2022, data were searched with related keywords among papers published in the domestic database, and 43 papers were finally selected according to specific selection and exclusion criteria. The research results are as follows. First, in 2007, when the「Act on Special Education for Persons with Disabilities」was enacted and in 2010, when compulsory education for 5-year-old children began, research on transition support for young children with disabilities was most actively conducted, and qualitative research targeting various related persons in various academic fields and quantitative and mixed studies were performed. As for the research topics, teachers’ and parents’ perceptions and experiences of transition support, elementary school selection factors/standards, connection with early childhood education, parenting stress, and the background of school probation were mentioned. Second, transition support for children with disabilities by level was analyzed at macro level, moderate level, and micro level. Third, problems such as lack of awareness among teachers, lack of awareness among related persons, lack of information on connection between early childhood and elementary school, and insufficient follow-up guidance were identified as obstacles hindering transition support for children with disabilities. Based on the results of this analysis, in the future, an institutional device for transition support should be prepared in which young children with disabilities and their families play a leading role while receiving professional support from related people rather than relying only on individual teachers’ capabilities.</jats:p>",,
022-567-831-961-554,Advancing research on inclusion and engagement in early childhood education and care (ECEC) with a special focus on children at risk and children with disabilities,2023,,,
022-660-370-703-128,Special Educational Needs and Disabilities in Early Childhood Education (South Africa),2019,,,
022-814-847-939-066,Difficulties Perceived by Daycare Center Special Education Teachers in Charge of Children with Disabilities from Multicultural Family and Useful Supports for Multicultural Families,2017,,,
022-834-909-370-855,Kindergarten Children's Understanding of and Attitudes Toward People With Disabilities:,2005,This study investigated the nature of kindergarten children's understanding about and attitudes toward disabilities. Interviews with 77 Canadian children enrolled in inclusive classrooms showed tha...,,
022-896-057-700-95X,Moving to Inclusive Pre-Kindergarten Classrooms: Lessons from the Field,2009,"In this article, the authors share a framework for preparing for and implementing inclusive Pre-kindergarten classrooms based on their experiences working with an interdisciplinary study group comprised of two Pre-K teachers, one early childhood special education teacher, and two university professors, one traditional early childhood and one specializing in early childhood special education. The study group was organized to explore and then document the benefits and challenges of providing inclusive early education to young children with and without disabilities in a public school Pre-K setting. Five key issues are addressed, collaboration and role definition, program decisions, instruction, child outcomes, and necessary resources.",Inclusion; Pre-kindergarten; Inclusive environments,
022-920-930-401-696,IDC - Robotics in special needs education,2008,"The purpose of this study is to explore the potential of robotics as an educational tool in special needs education. Qualitative case studies are used to increase knowledge about programmable LEGO NXT and Topobo robotics constructions kits in special needs education, and about the social robot and Topobo that are used in early childhood education when possible learning disabilities have not yet been diagnosed. This study aims to provide suggestions about how robotics might be used to recognize disabilities at an early stage of education and to compensate for them in learning.",,
023-147-797-602-253,"Educational content relating to developmental disabilities in ""childcare of disabled children"" taught in early childhood care and education training schools -From analyzing syllabuses-",2012,,,
023-154-472-379-394,The changing narrative of early childhood intervention in Australia: Service providers' perspectives on the implementation of the National Disability Insurance Scheme,2024,"The Australian National Disability Insurance Scheme (NDIS) completed its roll-out in 2020 with the objective of addressing the inadequacies of a fragmented and underfunded service system for people with disabilities. Under the scheme, young children with disabilities or developmental delay can now access services through the Early Childhood Approach, which is delivered by a range of not-for profit and for-profit organizations. Considering the significance of the resulting service system changes and the critical role of service providers, the aim of the present study was to examine their experiences in the State of Victoria. Forty-five service providers participated in interviews and focus groups which generated information grouped into four themes: (1) A changed orientation; (2) Early childhood intervention (ECI) practice; (3) ECI workforce; (4) The potential for a new system. Participating service providers reported several challenges in their quest to effectively support children and their families. It is concluded that for the NDIS to fulfil its promise and potential, revisions and adaptations of its systems and policies that incorporate the current ECI evidence-based knowledge and translation into real-world implementation are required.",,
023-322-444-603-002,A Tale of Two Courses: Exploring Teacher Candidates’ Translation of Science and Special Education Methods Instruction Into Inclusive Science Practices,2017,"Early childhood educators teach science to all students, including students with disabilities. Strategies for accommodating students with disabilities in science, including familiarity with equitable frameworks such as Universal Design for Learning (UDL) are therefore a critical aspect of early childhood teacher candidates' pedagogical content knowledge (PCK). Such strategies are often emphasized in special education courses that are offered separately from science methods courses. This practice assumes that teacher candidates can synthesize and transfer those practices into their science lesson planning. To explore how teacher candidates actually assimilate the instruction on inclusive science that is taught in their preparation coursework, this study examined the early and late semester science lesson plans of 26 early childhood teacher candidates who were concurrently enrolled in science and special education methods courses. Qualitative and discourse analysis illuminated the following key findings: 1) Teacher candidates demonstrate a strong tendency to accommodate students with disabilities by having them rely on others both before and after extensive instruction; 2) Instruction appears to reduce teacher candidates' accommodating students with disabilities through separate materials/activities/directions; 3) Principles of UDL were more evident in late semester lesson plans; and 4) Late semester lesson plans contained more ""behavior oriented"" language and concerns. These findings are discussed with particular attention paid to ways in which science and special education teacher educators might intervene at key junctures in teacher candidates' lesson planning processes to promote student autonomy, science inquiry, and greater use of the continuum of adaptations that are available to them.",Inclusive Science; Teacher Preparation; Universal Design for Learning; Pedagogical Content Knowledge,
023-504-653-635-593,To be Cared For and to Care: Understanding Theoretical Conceptions of Care as a Framework for Effective Inclusion in Early Childhood Education and Care,2015,"This article argues that incorporating theoretical conceptions of care into Early Childhood Education and Care (ECEC) programmes creates a foundation for achieving the effective inclusion of children with disabilities. Critical examinations of the origins of care theory and current conceptions of care are used to consider the differing valuation of autonomy and interdependence, the notion of care as a right, and understandings of care in the context of disability and education. The complexity of care, as well as the ways in which conceptions of care inform understandings of disability and influence practices of inclusion are taken up using some examples from Ontario's ECEC contexts through a social justice and disability studies lens. This article presents an ethic of care as a viable tool for social justice in ECEC because it allows for a more comprehensive way of thinking about care. This reframing fosters the inclusion of children with disabilities in a way that recognises difference, values interdepen...",,
024-084-692-365-053,The Role of the Teacher in the Interdisciplinary Team,1987,"Follow this and additional works at: http://educate.bankstreet.edu/thoughtandpractice Part of the Curriculum and Instruction Commons, Curriculum and Social Inquiry Commons, Disability and Equity in Education Commons, Junior High, Intermediate, Middle School Education and Teaching Commons, Pre-Elementary, Early Childhood, Kindergarten Teacher Education Commons, and the Social and Philosophical Foundations of Education Commons",,
024-146-484-888-66X,The Effects of Embedded Activity-Based Intervention Implemented by the General Education Teacher with the Support of the Special Education Teacher on the Counting Skill of Preschoolers with Disabilities,2015,,,
024-343-858-836-649,Review on Inclusion of Young Children with Severe Disabilities and Implications for Effective Inclusion in Early Childhood Education,2012,,,
024-387-839-133-563,Perspectives of Taiwanese Families: A Preliminary Study on Promoting Self-Determination Skills of Young Children with Disabilities,2018,"Self-determination is vital to the successful transition of youths with disabilities into adult life; however, this ability does not emerge without these skills being fostered during the early years of childhood. On the basis of the survey proposed by Palmer and Summers (Early Intervention & Early Childhood Special Education Goal 2: U. S. Institute of Education Sciences Goal 2 Development Project, Unpublished manuscript, 2010), the current study gathered general information related to Taiwanese families’ perspectives on promoting the foundations of self-determination skills of young children with disabilities. This paper reports the results of a survey of families’ general perspectives on their children’s abilities and the families’ strategies to promote self-determination at home or in the community. A total of 102 individuals responded to the questionnaire. The results indicated that Taiwanese families exhibited very positive attitudes toward promoting such skills for young children with disabilities. Family education, income levels and the severity of children’s emotional and behavioral problems affected the families’ perception of their children’s foundational self-determination skills. This paper also discusses cultural implications for future research and professional practice regarding the promotion of foundations of self-determination for young children with disabilities.",,
024-402-901-768-723,Re‐Imagining Inclusion Through the Lens of Disabled Childhoods,2023,"<jats:p>&lt;p&gt;The purpose of this article is to contribute new insights to critical disability and disabled children’s childhood studies that center on the valuing of disabled children’s lives—a guiding purpose in the disability justice movement. We use published findings from the Inclusive Early Childhood Service System project, a longitudinal, institutional ethnography of the ways that families and children are organized around categories of disability, which show social inclusions and exclusions before and during the pandemic. These findings illuminate: (a) institutional flexibility for the purpose of social inclusion and isola‐ tion during the pandemic as a result of institutional organization; (b) the impact of institutional decisions around closures, remote programs, and support on families’ choices and self‐determination; and (3) the ways safety is differently applied and rationalized for disabled children allowing institutions to exclude disabled children and families. We use critical dis‐ ability studies and disabled children’s childhood studies to interpret these findings and position the valuing of disabled children’s lives with a call for disability justice actions.&lt;/p&gt;</jats:p>",,
024-449-953-263-004,Early Intervention Personnel Preparation for the New Millennium: Early Childhood Special Education,1999,"Ten years have elapsed since McCollum and Thorp offered recommendations for the preparation of early interventionists. Progress has been made in addressing these recommendations, yet the field of early childhood special education continues to face many challenges in preparing professionals to serve infants and toddlers with disabilities and their families. Higher education has begun to address the changing role of early interventionists by developing models for preservice education, specifically family-centered, blended, and interdisciplinary programs. The status of implementation of such models is explored, as well as the ongoing issues, challenges, and trends in the preparation of early interventionist",,
024-537-978-804-911,TRIAL-BASED FUNCTIONAL ANALYSIS AND FUNCTIONAL COMMUNICATION TRAINING IN AN EARLY CHILDHOOD SETTING,2012,"Problem behavior is common in early childhood special education classrooms. Functional communication training (FCT; Carr & Durand, 1985) may reduce problem behavior but requires identification of its function. The trial-based functional analysis (FA) is a method that can be used to identify problem behavior function in schools. We conducted trial-based FAs and FCT with 3 children in an early childhood special education setting. All trial-based FAs resulted in identification of behavioral functions, and subsequent FCT led to reductions in problem behavior and increases in communication.",functional analysis; functional communication training; problem behavior; school-based intervention,"Attention/physiology; Behavioral Symptoms/etiology; Child, Preschool; Communication; Developmental Disabilities/complications; Education of Persons with Intellectual Disabilities/methods; Escape Reaction/physiology; Female; Humans; Male; Reinforcement, Psychology; Reproducibility of Results"
024-595-180-819-271,"""It Would be Harder Without Faith"": An Exploratory Study of Low-Income Families' Experiences of Early Childhood Inclusive Education in New Zealand.",2021,"New Zealand has a reputation for having one of the most inclusive education systems in the world. However, research and anecdotal evidence show that many parents of young children with disabilities have difficulties accessing intervention and health-care services and may be less satisfied when they do receive services. In addition, though a plethora of research has been done on inclusive education, little attention has been given by researchers to low-income parents’ perspectives on early childhood inclusion in New Zealand. This paper draws on findings from a qualitative study on 30 parents’ experiences of early childhood inclusive education in New Zealand. Parents participating in this study came from different religious backgrounds, represented diverse ethnicities, all had at least one child who had a diagnosis of disabilities and/or chronical illness, and met the low-income criteria of New Zealand. Results showed that though the majority of the families appreciated the flexible time and structures of the early childhood programs their children attended, parents were concerned about the lack of intervention services for their children. In addition, these low-income families reported that they had limited access to early interventions and resources. The findings also highlight the importance of the use of positive coping methods (e.g., maintaining a positive outlook and seeking social support), and the role faith plays in family life.",Early childhood education; Inclusive education; Low-income families; New Zealand; Religion,"Child; Child, Preschool; Family; Humans; New Zealand; Parents; Poverty; Social Support"
024-612-568-657-848,Making the Case for Early Identification and Intervention for Young Children at Risk for Learning Disabilities,2004,The early identification of children with learning disabilities (LD) is difficult but can be accomplished. Observation of key behaviors which are indicators of LD by preschool and kindergarten teachers can assist in this process. This early identification facilitates the use of intervention strategies to provide a positive early experience for children at risk for academic difficulties.,,
024-660-426-876-339,"Burnout, compassion fatigue and professional resilience in caregivers of children with disabilities in Ukraine",2018,"The disability and professional caregiving literature includes little descriptive data on the professional quality of life of the caregivers of individuals with emotional, intellectual, and physica...",,
024-721-048-145-649,"Engagement and interaction patterns of children with disabilities in inclusive early childhood education and care – relations to activity setting, language and social skills",2026,,,
024-816-323-011-859,Model Pendidikan Inklusif Berbasis Authentic Instructional Model Pada Anak Usia Dini,2020,"Writing articles about the model of inclusive education in early childhood is very necessary This is done to provide references or solutions for schools that provide inclusive education, especially in early childhood education. Therefore here the author is interested in offering a reference or solution about the development of inclusive instructional models based on authentic instructional models in early childhood, namely the inclusive education model that tries to provide an overview in combining the principles of access to education for all students or disadvantaged individuals, and not only for those with special needs. Therefore, the nature of the inclusive education model is a shift from theories, assumptions, practices, and special models of disabilities to the specific non-disability inclusive education system.",inclusive education; authentic instructional model; early childhood,
025-269-570-751-332,Effectiveness of Responsive Teaching With Children With Down Syndrome,2013,Abstract A randomized control study was conducted to evaluate Responsive Teaching (RT) with a sample of 15 Turkish preschool-aged children with Down syndrome (DS) and their mothers over a six-month...,,"Child Development; Child, Preschool; Down Syndrome/psychology; Early Intervention, Educational; Education of Persons with Intellectual Disabilities/methods; Female; Humans; Learning; Male; Mother-Child Relations; Mothers; Treatment Outcome"
025-394-515-615-525,Conditions ensuring the right to education for young children with disabilities in early childhood education institutions,2016,,,
025-411-642-881-764,Understanding Inclusive Early Childhood Education: A Capability Approach,2023,"<jats:p>&lt;p&gt;This article explores the application of current discourse in inclusive education, particularly the capability approach and its utility in early childhood education. The article highlights the tensions between a rights-based discourse that informs inclusive education practice and the right for children to have early intervention. Structural approaches to supporting children with disabilities are examined. These structural approaches are evaluated using the framework developed using the capability approach. The article aims to ease some of the tensions that arise from differing philosophical approaches to education for young children, and to provide a framework for addressing the developmental and social needs of young children with disabilities.&lt;/p&gt;</jats:p>",,
025-574-282-851-874,Critical Disability Studies and ‘Inclusive’ Early Childhood Education: The Ongoing Divide,2020,"<jats:title>Abstract</jats:title>; <jats:p>Critical Disability Studies (<jats:sc>cds</jats:sc>) provokes the field of early childhood ‘inclusion’ to reflect on its own complex history in order to identify how ableism has played a central role in the field’s development. However, the fields of early childhood ‘inclusive’ education and <jats:sc>cds</jats:sc> remain largely distinct. This paper explores the ongoing separation between these fields in the context of the United States. I begin by providing a brief overview of the history of <jats:sc>cds</jats:sc> and early childhood ‘inclusive’ education as distinct fields. Then, I discuss the divide between these two fields, analyzing their contemporary states, and describing the factors that facilitate the distance between them.</jats:p>",,
025-842-866-836-182,The Purposes of Intellectual Assessment in Early Childhood Education: An Analysis of Chilean Regulations.,2023,"The main purpose of intellectual assessment in early childhood education is the early detection of intellectual disabilities. In Chile, the recent school integration policy has incorporated assessment purposes oriented toward educational improvement, but it is not known how these purposes interact with each other. This study aimed to analyze the purposes of intellectual assessment present in the current Chilean educational policy in early childhood education. A systematic review of ministerial documents and a subsequent qualitative content analysis of official documents published between 1998 and 2022 were carried out. The results revealed that the purposes of intellectual assessment for educational policy are multiple, highlighting the provision eligibility, diagnosis, student monitoring and support, in addition to formative and curricular adjustment purposes. It is discussed how this multiplicity of purposes is congruent with the current regulations governing intellectual assessment procedures in early childhood education. It is concluded that there is a need to update the legislation that regulates intellectual assessment to be consistent with the new assessment proposals in the country.",assessment in early childhood education; assessment purposes; intellectual assessment; intellectual disability,
026-085-714-610-118,The Perception of Early Childhood Education Teachers and Prospective Eearly Childhood Education Teachers on People with Disabilities,2005,,,
026-100-039-632-139,The Relationship Between the Peer Interaction of Children with Disabilities in Integrated Preschools and Resource and Classroom Teacher Behaviors,1993,Programming variables important for social integration of children with disabilities in regular early childhood settings may be identified by studying which teacher behaviors are associated with hi...,,
026-370-041-095-432,A disability studies frame for research approaches in special education,2014,,,
026-495-495-913-080,Special Educational Needs and Disabilities in Early Childhood Education (Singapore),2022,Special Educational Needs and Disabilities in Early Childhood Education (Singapore) Definition and approach to special education Singapore is a signatory to the U.N. Convention on the Rights of People with Disabilities (UNCRPD) and joins the world community in promoting equal treatment of persons wi,,
026-542-295-395-695,Must Schools Hinder Education,1987,"Follow this and additional works at: http://educate.bankstreet.edu/thoughtandpractice Part of the Curriculum and Instruction Commons, Curriculum and Social Inquiry Commons, Disability and Equity in Education Commons, Junior High, Intermediate, Middle School Education and Teaching Commons, Pre-Elementary, Early Childhood, Kindergarten Teacher Education Commons, and the Social and Philosophical Foundations of Education Commons",,
026-593-402-722-410,"Exclusion and Inclusion in New Zealand Early Childhood Education: Disability, discourses and contexts Exclusion et Inclusion dans l'E´ducation des Jeunes Enfants en Nouvelle Ze´lande: Handicap, discours et contextes Exclusio´n e Inclusio´n en la Discapacidad Educativa de los Menores de Nueva Zelanda, discursos y contextos",2001,"This paper addresses some issues relating to the inclusion and exclusion of young children with disabilities in regular early childhood settings. Statements from parents, early childhood educators and support staff are analysed and presented as representing a number of discourses that are the context within which disability and provisions for children with disabilities are created. Exclusionary discourses include a theme of disability as difference, whereby disabled children are considered not to be the responsibility of ordinary early childhood educators or services. Inclusionary discourses, on the other hand, have as a central theme the 'humanness' of disabled children, supporting a rights discourse and a view of disabled children as belonging in ordinary early childhood settings. Cet article s'adresse ades sujets concernant l'inclusion et l'exclusion des jeunes enfants incapacites dans les milieux ordinaires de la premiere enfance. Les discours des parents, des educateurs de la premiere enfance et du p...",,
026-676-607-737-417,An Exploratory Study of the Oral Language and Behavior Skills of Children with Identified Language and Emotional Disabilities in Preschool,2009,"As the pre-school initiative in the USA continues to grow in the public school sector, the need to understand and be prepared to address the needs of this population of students is vital. This paper provides an exploratory analysis of language and behavioral skills in children aged three to five years old served in inclusive public preschools. Preschool children documented with language impairments (LI), or emotional and behavioral disorders (ED) were compared to a typically developing group using the Test of Early Language Development-3 and the Preschool and Kindergarten Behavior Scales. Results suggest that preschoolers with identified language delays or behavior disorders were significantly different in both language development and behavior ratings when compared to typical developing peers. Second, no significant differences were found between students with language delays and socio-emotional disabilities. Implications regarding the need for comprehensive screening, continuous assessment, targeted intervention, and professional development for teachers across both developmental areas in the early childhood education settings are presented.",,
026-682-863-191-522,Family-Centered Practice and Computers for Children with Disabilities,1997,,,
027-017-862-688-234,Inclusion in Early Childhood Development Settings: A Reality or an Oasis,2021,"<jats:p>Inclusive education within the Early Childhood Development settings has been identified as the most equitable practice for children with disabilities and is based on acknowledging it as a fundamental human right and a foundation for life-long learning for all children. Based on the concept of human rights, inclusion has been viewed as an ambiguous and imaginable consequence of excessive promise, which does not refer to early childhood; hence, practitioners have challenges in its applicability. This chapter aims to unravel the mysteries behind inclusion in early childhood, exploring the realities of what works and what does not work to inform policy making mechanism. Literature from renowned published work that focuses extensively on various countries across continents is reviewed. Local recently published and unpublished studies that scrutinise the association between practitioner qualification and quality of the ECD centres; those that have explored the success and challenges of inclusion in ECD will be examined. It is envisaged that this chapter would come up with best practices in the implementation and assessment of inclusive education in the ECD settings that will benefit children with disabilities, their parents or caregivers, and stakeholders.</jats:p>",differentiated learning; emotional disturbances; inclusive education impairment; vulnerability,
027-555-084-861-800,Collaborative Teaming to Support Preschoolers With Severe Disabilities Who Are Placed in General Education Early Childhood Programs,2004,"Researchers in 2 studies investigated the effectiveness of a general education/special education collaborative teaming process in increasing the engagement, development, and learning of preschoolers with severe disabilities who were placed in general education early childhood programs that operated under a team-teaching model. The process included monthly team meetings to develop educational and social supports for targeted preschoolers, which were then collaboratively implemented by the educational team members. Study 1 focused on 3 teams composed of early childhood and special education teachers, instructional assistants, speech—language therapists, and parents who supported a child with significant disabilities attending one of the 3 participating preschools. Study 2 extended the collaborative teaming model to include all preschoolers with disabilities attending one of the preschool programs from the first study who required intensive levels of support (4 children). The effectiveness of the collaborati...",,
027-557-616-775-612,Special Education Needs and Disabilities in Early Childhood Education (New Zealand),2019,,,
027-934-856-964-683,"Educational engagement, expectation and attainment of children with disabilities: Evidence from the Scottish Longitudinal Study",2019,"Government statistics show that children with special educational needs and disabilities do not achieve as well academically as their peers, which impacts on later employment and socioeconomic circumstances. Addressing these inequalities is a key policy area which currently lacks a satisfactory evidence base. To explore the issue, the present study used data from the Scottish Longitudinal Study which contains data from the 1991, 2001 and 2011 censuses along with other administrative data, from a representative sample of the Scottish population. Using this large and longitudinal sample, the present study examines educational engagement, expectations and attainment for children with self-reported disability, controlling for other early childhood factors. The results show that children with mental health problems were at higher risk of leaving school early, and that children with learning difficulties were less likely to gain advanced qualifications. Neither limiting long-term illness in early childhood nor disability in adolescence were significant predictors of engagement, however, they did predict measures of academic expectation and attainment. Results suggest there is a critical phase for attainment, with area deprivation in early childhood but not adolescence being important for later educational inequalities.",disability; education outcomes; health inequalities; mental health,
028-200-060-542-788,In search of wellness: allied health professionals' understandings of wellness in childhood disability services.,2010,"Purpose. Wellness approaches are not routine in childhood disability services, despite theoretical and empirical support and an increasing demand for them from health consumers and disability activists. We aimed to investigate how health professionals define or understand wellness and its practice in the context of childhood disability.Method. A qualitative, interpretive approach was taken. Semi-structured interviews were conducted with 23 health professionals (allied health therapists and managers) providing early intervention and ongoing therapy within four Australian childhood health and disability services. Years of experience providing services to children with disabilities and their families ranged from 6 months to 30 years (M = 9.41, SD = 9.04).Results. The data revealed a noteworthy impediment to incorporating wellness into practice – the difficulties in the allied health professionals reaching consensus in defining wellness. There appeared to be distinct differences between the four services, whi...",wellness; allied health; children; families; professional practice; early intervention wellness; allied health; children; families; professional practice; early intervention,"Adult; Allied Health Personnel; Attitude of Health Personnel; Child; Child Health Services/organization & administration; Children with Disabilities/rehabilitation; Early Intervention, Educational; Female; Health Promotion; Humans; Male; Middle Aged; Philosophy, Medical"
028-565-662-528-192,The Effects of Activity-Based Embedded Intervention implemented by the Collaborative Approach on the Requesting Skills of Young Children with Disabilities,2021,,,
028-622-349-895-437,Providing Public Education Services to Young Children with Disabilities in Community-Based Programs: Who's Responsible for What? Policy and Practice in Early Childhood Special Education Series.,1994,,,
029-053-610-840-034,Mišljenja odgojitelja i studenata o uključivanju djece s motoričkim teškoćama u programe predškolskog odgoja i obrazovanja,2019,"Children with disabilities and people with disabilities, unitl recently were faced with institutionalization and marginalization, and the stated attitude towards this vulnerable group was a socially accepted standard of behavior. Inclusion children with motor disabilities in regular preschools institutions today is considered to be a common practice in the line with the assumptions of the social model of treatment of people with disabilities. Starting from that all children have equal rights to education, educational inclusion it stands out by including children with disabilities in education system, in this case, early childhood education. Inclusion is the process which seeks to create an environment in which children with disabilities and children without disabilities will stay together, learn and develop together. Institutions of early childhood education are ideal place to spot, accept and respect diversity that exist between children, and these differences are especially noticeable with children with motor disabilities.;  This paper is aimed at analyzing the opinions of preschool teachers and students about the inclusion of children with motor disabilities in preschool education programs. The aim is to determine whetever respondents support the inclusion of children with motor disabilities in regular preschools institutions and to explore their options on the effect of cohabitation of children with disabilities and children of typical development on their relationship. The study was conducted on a suitable sample of preschool teachers and students of early childhood education. The study was conducted using questionnaire of a total of 24 questions related to the central theme of this paper. The results of the study show that most of preschool teachers and students support inclusion children with motor disabilities in programs of early childhood education and they consider that it positive affect on the development of other children in the group.",,
029-512-459-002-918,Early Detection and Disability-Inclusive Early Childhood Education Towards Community Awareness and Empowerment,2014,"This ethnographic case study sought to describe a community’s experience of a disability awareness and empowerment initiative to facilitate access to early intervention and disability-inclusive early childhood education. After one year of being a participant-observer, collecting data from 182 participants using ethnographic interviews, focus group discussions and participant observation, it was found that: (1) prevailing perceptions were mostly stereotypes of children with disabilities (CWD); (2) participation was hindered by the absence of programs, but promoted by parental acceptance and high expectations; (3) a multi-stakeholder process using a two-level screening process was most feasible and sustainable; (4) the potential for disability-inclusion in the day-care centers is significantly limited, but the Alternative Learning System (ALS) can be an avenue for access; and (5) engaging and empowering the community created a sense of urgency and accountability for CWD. Thematic analysis yielded three major themes: (1) high family expectations + unconditional acceptance = the success of CWD; (2) stereotyping + pity + ignorance = segregation and exclusion; and (3) community – apathy and indifference = engagement and empowerment. The emergent theory showed how perceptions influenced the inclusion of CWD in the community.",,
029-928-563-369-276,The Next Step: Parent Perspectives of Transition to Preschool of Children with Disabilities.,1997,"An innovative project was established to support the transition of young children from their home-based early intervention program to a neighbourhood preschool. The project, called Stepping Stones,...",,
030-060-106-173-528,Federal Early Childhood Special Education Policy: A Model for the Improvement of Services for Children with Disabilities:,1991,"Services in early childhood special education for children with disabilities, birth through 5 years, and their families have expanded and improved substantially in the past 25 years. The federal government, through legislation, regulation, and a variety of incentives, has played an integral role in this progress. The authors review the evolution of federal education policy in early childhood and the accomplishments achieved, including the development of the Handicapped Children's Early Education Program, the Early Childhood Research Institutes, and Public Law 99-457, the Handicapped Infant and Toddler Program (Part H). This history can serve as a model for federal involvement in the improvement of services for other groups of individuals with special needs.",,"Child, Preschool; Education, Special/history; History, 20th Century; Humans; Infant; Infant, Newborn; Public Policy; United States"
030-384-434-483-251,Far From Ideal Everyday Experiences of Mothers and Early Childhood Professionals Negotiating an Inclusive Early Childhood Experience in the Australian Context,2008,"Using narrative interviews underpinned by an ecocultural framework, this Australian study investigated the experiences of 39 mothers of children with disabilities and 27 staff members from the earl...",,
030-507-316-593-502,Inclusion of Children with Disabilities in Early Childhood Development Programs in Nepal: Construction of a Stakeholder Informed Framework,2020,"<jats:p>Nepal’s Early Childhood Education and Development (ECED) programs are designed to support young children’s holistic development including a focus on physical, emotional, social, moral and intellectual development. They are also designed to support children’s successful transition to school. As such, inclusion of children with disabilities in these ECED programs would appear to be an important early intervention strategy for this already marginalised group. However, while inclusion of these children in ECED programs is viewed as desirable by the government and communities, in reality, it is not widespread. This research examined the reasons for the lack of inclusion of children with disabilities in the ECED programs with the aim of constructing a stakeholder-informed framework that would serve as a foundation for increasing enrolment of children in ECED programs. Through interviews, focus group discussions with key stakeholders and document reviews, it became evident that several contextual and organisational factors interacted to create multiple barriers to successful inclusion. Contextual factors included spirituality, caste, ethnicity, language, economic status and geographic location. Organisational factors included policy, attitudes, teacher efficacy, resources, coordination and communication processes and parental engagement. The identification of these factors by stakeholders provides an opportunity to develop a framework in which these factors can be explicitly addressed, and policy and strategic resourcing to address current barriers to the inclusion of children with disabilities in ECED programs in Nepal. This action is critical to ensuring increased numbers of young children with disabilities access early intervention and education programs to support their holistic development and the opportunities that education affords.</jats:p>",,
030-579-408-146-104,Subjectivity study about awareness of disability for integrated childcare practice,2020,,,
031-178-727-579-053,Teaching practice,2025,"<jats:p>The overall objective of the research presented in this article is to develop an inclusive environment in Early Childhood Education. The specific objectives are: to elaborate a didactic sequence proposal for the final year of Early Childhood Education, aiming at inclusion; and to analyze the development of this sequence in the students' perceptions of disabilities, comparing the changes before and after the intervention. For this purpose, a class from a Municipal School of Early Childhood Education, with students aged 5 and 6 years, was selected. Initially, during Collective Study Time, the teachers of the selected school participated in training related to inclusion. At the end, a didactic sequence on the theme was elaborated to be worked with the students. Before and after working with this sequence, the students answered a questionnaire related to perceptions of disabilities, whose answers were categorized into: ""unknowledge,"" ""fantasy idea,"" ""misinformed information,"" and ""favorable response."" There was an increase in favorable responses regarding the students' perception of all disabilities. The relative variation in relation to the initial value of favorable responses is 76.3%, demonstrating a significant increase in knowledge of the inclusive theme. The order of the most favorable to the least favorable responses was related to: Visual, Hearing, Physical, and Intellectual Disabilities.Keywords: Didactic sequence and inclusive environment. Didactic sequences and inclusion. Didactic sequences and early childhood education. Early childhood education and inclusive environment. Early childhood education and perception of disability.</jats:p>",,
031-302-175-267-486,Transforming Transdisciplinary Early Intervention and Early Childhood Special Education through Intercultural Education,2015,"Early intervention and early childhood special education (EI/ECSE) for young children with known or suspected disabilities have explicit definitions and goals as explained in the Individuals with Disabilities Education Act (IDEA) and the DEC Recommended Practices in Early Intervention/Early Childhood Special Education (2014). However, cultural approaches to early childhood intervention and education have been loosely defined. When discussing culture, professionals often use different terms for the same concept or the same term for different constructs. The purpose of this article is to define intercultural education as it relates to working with families of young children in EI/ECSE. Issues concerning intercultural education with young children and their families also are considered. Suggestions are proposed for how intercultural education can transform and enhance current practices, within a transdisciplinary framework. Finally, suggestions are made for further exploration and research on how intercultural education can be applied to transdisciplinary EI/ECSE.",Intercultural education; transdisciplinary teaming; early intervention; early childhood special education,
031-624-905-877-836,Language Is Everywhere! Universally Designed Strategies to Nurture Oral and Written Language.,2008,,,
031-710-346-890-591,Quality Inclusion of Young Children with Disabilities: Taking a Stance to Support Early Childhood Leaders,2021,"<jats:p>In the educational lexicon, inclusion is not a term, rather a philosophy that values and advocates for every child’s right to quality education and learning to develop their skills and realize their full potentials. Research over the past 40 years has demonstrated that inclusive education is associated with improved outcomes for children and students with disabilities. In early childhood (EC) education, inclusive education is in the best interest of all young children to improve their sense of belonging and membership, positive social relationships and friendships, and learning goals. As more EC programs, schools, and educational settings move toward including children with disabilities in general education settings, a need exists to better prepare EC professionals, most importantly EC leaders as gatekeepers of quality to better enhance and facilitate inclusive instructional opportunities for children with disabilities. This chapter focuses on EC leaders’ role in developing, adopting, and supporting inclusive education with recommendations to implement and sustain quality inclusive education practices in EC programs and settings.</jats:p>",early childhood; inclusion; inclusive education; young children with disabilities; early childhood leaders,
031-758-184-719-89X,Limited access to special education services for school-aged children with developmental delay.,2017,,Developmental delay; Early intervention; Eligibility; Enrollment; Individuals with Disabilities Education Improvement Act; Special education,"Adolescent; Age Factors; Child; Developmental Disabilities/epidemiology; Children with Disabilities/statistics & numerical data; Early Intervention, Educational/organization & administration; Education, Special/organization & administration; Female; Health Services Accessibility; Humans; Male; School Health Services/supply & distribution; United States"
031-861-205-262-661,A Review of Trends and Future directions in Qualitative Research related to Families of Infant & Young Children with Disabilities - With a Special Reference to Korean Special Education Peer-Reviewed Journal Articles Published from 2007 to 2018 -,2019,,,
031-996-143-900-020,Benefits of Assistive Technology User Groups for Early Childhood Education Professionals,2007,"Assistive technology (AT) has the potential to increase developmental skills and provide solutions to challenges, such as behavior, attention, and communication, faced by students identified with disabilities or at risk in early childhood settings. Early childhood education professionals must have AT knowledge and competency to effectively use AT with young children and to include AT in the curriculum. Teachers share responsibility for effectively preparing all young children to develop important readiness and literacy skills enabling them to successfully participate in public school settings. This paper discusses the effectiveness of AT User Groups to prepare teachers to incorporate AT in the early childhood setting. User Group benefits to teachers, (i.e., increased knowledge and skills, effective use of time, collaboration, individualization of training, and onsite support) as well as distracters and strategies for involving “new” teachers are discussed. Reported child outcomes, such as increased attending, behavior, and communication are also presented.",,
032-171-512-776-038,Elementary School Principals and Their Needs and Issues for Inclusive Early Childhood Programs.,2001,This study examined the sociopolitical environment and issues confronting elementary school principals as they work with young children with disabilities and their families toward the elusive goal ...,,
032-384-318-342-390,Preventing inclusion? Inclusive early childhood education and the option to exclude,2014,"While there is increasing international commitment to inclusive education, as outlined in the United Nations Convention on the Rights of Persons with Disabilities (CRPD), many children remain excluded at school. One marginalised and frequently excluded group of people are people who experience disability. In the recently released first report on Australia under the CRPD, the United Nations Committee on the Rights of Persons with Disabilities has found that Australia is failing to meet its obligations under the convention, including failing to uphold the right of all children to inclusive education. Drawing from a conversation with a pre-service early childhood teacher in Australia, this article explores some of the exclusionary structures and practices that form considerable barriers to the realisation of the commitment to inclusive education. The intention of the article is to provoke discussion on these important issues.",,
032-660-871-900-632,An introduction to early childhood special education : birth to age five,2009,"This new text for early childhood special education pre-service and in-service teachers provides a unique and much needed focus on how to collaborate effectively with the wide variety of professionals who work with young children who have developmental delays. Rather than limit discussion to the types of developmental disabilitites young children may experience and the role of the special education teacher, this new text explores the wide variety of professionals across disciplines who provide services to children with disabilities. In depth coverage of the history of early childhood education, special education, and litigation related to special education services and the importance of use of non-biased, highly effective assessments, combined with an overview and of major theories, their application, and an extended discussion of health-related contributors to disabilities (e.g., HIV, alcohol, cocaine) related to early childhood development all combine to make this text unqiue in its field. This text provides dedicated special education teachers and therapists with the tools and strategies needed to work cooperatively and effectively with other professionals. As part of the fundamental focus of this text, readers are introduced to the terminology needed to effectively interact with parents and providers of service of children with developmental delays, giving them the skills to enable parents to be actively involved in and contribute to their child's education. Of particular interest to readers will be the discussion of how special education professionals can work with day care providers and preschool teachers so they become familiar with attributes associated with a variety of disabilities and early childhood special education services. Highlights of this First Edition: *Focuses on a variety of professionals who provide early childhood intervention services, helping readers become knowledgeable about the jargon and intervention methods use by the wide variety of professional who work with young children with special needs. *5 Unique separate chapters on laws and litigation (Ch. 1), assessment (Ch. 2), play (Ch. 12), behavior management (Ch. 13), and transitions (Ch. 14) provide an indepth look at these crucial aspects of early childhood special education. *Theory of child development is integrated/applied throughout all chapters, helping readers understand typical and atypical development. *Instructor's manual provides general teaching tips, chapter objectives, key terms, student activities, lecture materials, suggested additional readings, related websites, agency information, video/DVD suggestions, assessment items (true/false, matching, fill-ins, multiple choice, essay and item directions), and is designed to represent ""best practices"" in the field of measurement and evaluation",,
032-700-750-349-235,Fidelity of implementation for an early-literacy intervention: Dimensionality and contribution to children’s intervention outcomes,2016,,,
032-791-812-561-271,Progress in Providing Services to Young Children With Special Needs and Their Families: An Overview to and Update on the Implementation of the Individuals With Disabilities Education Act (IDEA),2008,"The national agenda for early intervention for young children with disabilities has been articulated through the early childhood programs under the Individuals With Disabilities Education Act. Part B and Part C of the act address states' responsibilities in creating and managing systems of services. Part D of the act supports research, innovation, technical assistance, and dissemination to improve systems and services. Together, these programs have accomplished much in 30 years, but there are remaining, and new, challenges to serving all eligible young children.",,
033-216-985-385-435,"Compilation of Projects Addressing the Early Childhood Provisions of IDEA: Discretionary Projects Supported by the Office of Special Education Programs under the Individuals with Disabilities Education Act, Fiscal Year, 2003.",2004,,,
033-539-092-037-544,The Identity Crisis in Early Childhood Special Education: A Call for Professional Role Clarification.,1993,"Professional roles and responsibilities in early childhood special education (ECSE) are rapidly expanding to encompass increasingly complex functions related to work with young children with disabilities and their families in a variety of community contexts. Traditional frameworks for conceptualizing the roles of professionals in ECSE and/or early intervention have focused almost exclusively on the direct service component of the early childhood special educator's job. Furthermore, existing conceptualizations have not addressed how professionals can balance multiple roles to avoid role conflict and role overload. Implications of expanding roles for personnel preparation and practice are discussed.",,
034-067-780-509-289,Barriers to and Facilitators of Inclusion for Children with Disabilities in Early Childhood Education,2009,"In the New Zealand education system, as in other countries, legislation and early childhood policy has been developed to support equity, social justice and democratic participation for children with disabilities and their families. However, despite this non-discriminatory and inclusive policy and legislative environment, some children with disabilities and their families experience exclusionary and discriminatory early childhood settings and struggle to access quality education. In this article, the author examines some of the barriers to and facilitators of inclusion for children with disabilities and their families in early childhood education. The author also suggests some changes in cultures, policies and practices that may help create early childhood settings that would see all children included.",,
034-619-089-015-287,Early childhood education of girls and boys with diverse abilities,2019,"In Colombia, early childhood education declares a differential and inclusive approach to disability; This suggests that girls and boys with some kind of functional diversity should have favorable scenarios that allow the development of the skills of doing, knowing and being able to do through the guiding activities. Ongoing research focuses on the characteristics of early education, and the development of specific skills in early childhood in girls and boys with diverse capacities of a Center for Integral Development (CDI) in Palmira. A theoretical body based on cognitive psychology is proposed, specifically the constructivist movement supported by Coll’s postulates. Emphasis is also placed on the concepts developed by the Ministry of National Education related to initial education. The research is located in the interpretative-qualitative paradigm specifically a single case study. For this, collection instruments such as observation, in-depth interview and documentary review are used. The results found so far suggest that the CDI responds to certain institutional pedagogical approaches, but there are no specific elements around the diversity component.",,
034-679-028-626-126,Offender Populations with Disabilities in Rural Settings,2017,,,
034-720-524-151-336,The Effects of Inclusive-Classroom Experience on Early Childhood Preservice Teachers' Self-Efficacy,2012,"This study examined preservice teachers’ self-efficacy in teaching children with disabilities to determine; whether firsthand field experience in an inclusive setting influences preservice teachers’ self-efficacy. A; total of 146 preservice teachers enrolled in an early childhood teacher education program in a suburban; area in the U.S. Midwest participated in this study. The results revealed that the preservice teachers with; firsthand field experience (attendance) in an inclusive classroom perceived themselves to be more; efficacious than their counterparts. However, there were no significant effects of time spent at the; inclusive setting and courses taken. The present study discusses educational implementation of firsthand; experience into teacher preparation programs to enhance teacher effectiveness.",,
034-813-789-481-173,Early Childhood Teachers' Depression and Experiences with Challenging Behaviors: Does Working with Children with Disabilities Matter?,2025,"<jats:title>Abstract</jats:title>;                   <jats:p>Given high exclusionary discipline practices and decisions in early childhood education, it is important to understand teachers’ experiences with challenging behaviors and examine factors associated with their experiences. Depression, as a significant indicator of well-being and prevalent among early educators, is understudied in relation to teachers’ challenging behavior experiences. This study examines the association between early childhood teachers’ self-reported depression scores and experiences with children’s challenging behaviors and whether this association varies for teachers working with children with disabilities (CWD), using data from the 2019 National Survey of Early Care and Education. The analysis focused on 3079 center-based early childhood teachers. Both linear and ordinal logistic regression were used to analyze the data. The results showed that teachers with higher levels of depression scores were significantly more likely to report higher levels of challenging behaviors in children. While working with CWD increases the likelihood of reporting challenging behaviors, it did not significantly alter the association between teacher depression and their experiences with challenging behaviors. Implications of these findings are discussed.</jats:p>",,
034-839-994-992-752,Implementing early childhood inclusion: Barrier and support factors,1998,,,
034-939-332-017-446,Prioritising rehabilitation in early childhood for inclusive education: a call to action.,2022,"<AbstractText Label=""PURPOSE"">This commentary examines the provisions for early childhood development (ECD) in the global action plan for rehabilitation published by the World Health Organisation (WHO) within the context of the United Nations' Sustainable Development Goal (SDG) for inclusive education.</AbstractText>;           <AbstractText Label=""METHODS"">The meeting reports of the WHO Rehabilitation 2030 for 2017 and 2019 and the related documents were reviewed along with ECD policy documents from WHO, UNICEF, UNESCO, and the World Bank.</AbstractText>;           <AbstractText Label=""RESULTS"">The importance of a life-course approach to rehabilitation for the health and wellbeing of persons with disabilities was highlighted in the Rehabilitation 2030. However, the critical and foundational role of rehabilitation in ECD for children with disabilities to facilitate inclusive education, especially in low- and middle-income countries as envisioned by the SDG 4.2, was not clearly addressed. Children under 5 years with developmental delays and disabilities who are not developmentally on track in health and psychosocial wellbeing require timely rehabilitation to ensure that they benefit from inclusive education.</AbstractText>;           <AbstractText Label=""CONCLUSIONS"">The culture and practice of rehabilitation should be nurtured from infancy as an indispensable component of ECD to adequately prepare children with developmental disabilities for inclusive education and ensure effective rehabilitation services over the life course. IMPLICATIONS FOR REHABILITATIONRehabilitation is an integral and critical component of early childhood development to optimise school readiness for children with developmental disabilities.Routine newborn screening, developmental assessment, and surveillance of children from birth are foundational to any effective rehabilitation in early childhood.Global investment to promote and support rehabilitation services from early childhood within the health systems and across all levels of service delivery including community settings is warranted to achieve the sustainable development goals for children with disabilities.</AbstractText>",Childhood disability; SDG; developmental disabilities; early intervention; global health; inclusion; inclusive education,"Child; Infant, Newborn; Child, Preschool; Humans; Persons with Disabilities/rehabilitation; Child Development; World Health Organization; United Nations; Sustainable Development"
035-245-955-643-056,An Assessment of General and Special Education Teachers’ and Students’ Interpersonal Competences and Its Relationship to Burnout,2020,The purpose of this research was to measure teachers and students interpersonal competences in situations that a teacher may face at school and which require interpersonal interaction with students...,,
035-460-131-960-691,"Early childhood inclusive education in Thailand: a critical analysis of beliefs, knowledge, skills and practices",2020,"Recognising that inclusive education is critical to advancing All children’s development, social inclusion and future productivity, this doctoral thesis seeks to engage the field of Thailand’s early childhood inclusive education in a theoretical and practical conversation. Using Pierre Bourdieu’s conceptual tools (Capital, Field and Habitus), the study explores and critically analyses the facilitators and barriers to early childhood inclusive education in terms of teachers and education policy maker’s inclusive knowledge, beliefs, skills and practices in Bangkok, the capital city of Thailand. The conceptualisation from which this thesis is based, suggests that early childhood inclusive practice “exists in a social space given life through constant power struggles” (Eacott, 2010, p. 221). It is this contested space that defines the philosophy and practice of inclusive education, and arguably, teachers and policy makers’ everyday practices. Using a mixed method design underpinned by Bourdieuian eclectic methodology and analysis, the study found that the early childhood teachers have limited knowledge and understanding of inclusive education and practice which they have attributed to: (1) a lack of effective training in inclusive education (2) inclusive education for young children is a new educational concept and agenda in Thailand. The study further identified that although the policy makers agreed that legislation and policy on inclusive education is adequate, this is not backed by effective implementation in real practice. Teachers reported that they felt significant stress and helplessness in their classrooms when planning teaching to meet the learning and developmental needs of children with disability and those with additional education needs. The teachers attributed these stressors to not knowing what to do with children with disability in their classes in addition to supports that were not forthcoming in their teaching of children with disability. Furthermore, the study uncovered that relational and cultural-religious beliefs of reincarnation and hierarchical relationships posed barriers to inclusive education in the early years classrooms in Thailand. This means, a number of children in the early childhood settings that claimed to be inclusive, are actually in search of inclusion. The major implications glean from this study highlight the need for quality professional education, training and retraining of stakeholders (teachers, policy makers, support personnel etc) in leveraging knowledge and practice in educating children with disability/additional education needs. The study underscores the need for policy monitoring, flexibility in curricula, funding and novel ways of theorising issues of exclusion and inclusion. To accomplish these, the study provides a model to inform the development of a culturally relevant inclusive education for all young children in Thailand.",,
035-484-394-758-870,A Study on Early Childhood Teachers' Awareness of the Importance and Implementation of the Rights of Children with Disabilities,2025,"<jats:p>This study was conducted to provide basic data for education regarding the rights of children with disabilities by examining the awareness of early childhood teachers in Jeju region on the rights of children with disabilities. The participants were 128 early childhood teachers working at early childhood education institutions in Jeju region. The research tool was a 5-point Likert scale questionnaire that was revised and supplemented from previous studies, with an internal consistency (Cronbach's alpha) of .989. The collected data were analyzed using SPSS 18.0, employing descriptive statistics, t-tests, F-tests, and Scheffe post hoc analysis. The results of the study are as follows. First, the overall awareness of early childhood teachers on the importance of the rights of children with disabilities was high. Second, the awareness of early childhood teachers on the importance of the rights of children with disabilities was not affected by the type of institution, teachers' age, hours of disability-related training, or degree of completion of disability-related courses. However, the awareness was affected by the teachers' years of experience and whether they had experience working with children with disabilities. Third, early childhood teachers’ implementation awareness on the importance of the rights of children with disabilities was relatively lower than the teachers’ awareness on the importance of such rights. Fourth, among the sub-factors of the rights of children with disabilities, there was no difference between perceived importance and perceived implementation in the right to survival. However, for the rights to protection, development, and participation, the perceived implementation was lower than the perceived importance. Lastly, the content of education on the rights of children with disabilities for early childhood teachers was discussed and suggested based on the results of the study.</jats:p>",,
035-525-963-635-079,"Colonialism in Early Education, Care, and Intervention: A Knowledge Synthesis",2019,"This knowledge synthesis aims to understand Indigenous experiences of early childhood education, care, family support, intervention, health, and Indigenous services in the context of childhood disability. Each of these institutional contexts has its own underlying professional discourses and worldviews. Knowledge from three sources have been synthesized: (1) interviews with Indigenous families about their experiences of having disabled children, conducted through the Inclusive Early Childhood Service System (IECSS) Project; (2) analysis of the IECSS interviews by the Districtof Temiskaming Elders Council and Indigenous community partners; and (3) the existing body of literature on disability and Indigenous children.This project was conducted in partnership with a mixed team of Indigenous and settler researchers.",,
035-544-559-008-608,The benefits and challenges of the integrated programme for children with disabilities in mainstream kindergarten-cum-child care centres in the Hong Kong Special Administrative Region: implications for social change,2017,"Initially developed from policies implemented under British rule, the integrated programme for children with disabilities has not been widely publicised in the context of early childhood education ...",,
035-751-565-982-417,The Effects of Disability Understanding Activities on Young Children's Acceptance Attitudes toward Peers with Disabilities and Pre-service Early Childhood Special Education Teacher's Teaching Efficacy,2014,,,
035-867-722-478-615,"Early childhood special education for children with disabilities, ages three through five: Staff/facilities.",1999,,,
035-958-217-557-762,Instructional Strategies in General Education and Putting the Individuals With Disabilities Act (IDEA) Into Practice - Instructional Strategies in General Education and Putting the Individuals With Disabilities Act (IDEA) Into Practice,2018,,,
035-981-035-858-842,The meaning of Participation in Play of Children with Disabilities and Teachers' Support for Play in the Practicum Experience of Pre-service Early Childhood Special Teachers,2023,"<jats:p>The purpose of this study is to explore the meaning of play participation and teacher support for young children with special needs in the practicum of pre-service early childhood special teachers. To this end, focus group interviews and individual in-depth interviews were conducted for pre-service early childhood special teachers. The interview data was analyzed by deriving major concepts through semantic unit analysis and categorizing them. As a result of the analysis, 49 main concepts, 15 subcategories, and 5 upper categories were analyzed, and the specific research results are as follows.; The meaning of play for children with disabilities and support for play by teachers is as follows: ‘The story of play that is specially created and disappears’, ‘The power that makes play possible: external conditions of play’, ‘Searching for various ways to support play’, ‘Rediscovering the meaning of play-centered curriculum’, ‘New changes needed: suggestions for teacher training course’. This study can be used as educational material for the operation of the 2019 revised Nuri curriculum and support for play in the pre-service early childhood special teachers teacher training course.</jats:p>",,
036-103-117-776-194,Qualitative Study of Conflicts among Young Children with Disabilities and Those without Disabilities in a Reverse-inclusive Classroom at a Childcare Center for Children with Disabilities,2017,,,
036-135-996-993-692,"Language Interpretation, Parent Participation, and Young Children With Disabilities",2010,"Spoken parent—educator interactions through language interpreters for parents who do not speak English can challenge early intervention/early childhood special education professionals. Research suggests that language interpretation is often inadequate to ensure that the parental participation, informed parental consent, and interpretation mandates of IDEA (P.L. 108-446) Parts B and C are met. Examples from several contexts are presented to illustrate communication disconnects between early educators and parents. Subsequently, a discussion of quality language interpretation in early intervention/ early childhood special education is presented followed by program and policy recommendations.",,
036-214-944-349-374,Creating More than de minimus Higher Education Learning Opportunities for Pre-Service Educators in Teacher Preparation Programs,2025,"This chapter will provide higher education instructors in early childhood teacher preparation with important touchpoints for ensuring students are prepared for family-professional partnerships. The chapter reviews the concept of promoting de minimus education for young children with delays and disabilities and the importance of supporting strengths-based approaches in family-professional partnerships. Further, this chapter explores teaching about the connection between family partnership and social/emotional development as an essential component of teacher preparation, providing multiple examples for program (re)visioning and development.",,
036-243-119-955-879,"Kevin: ""I Gotta Get to the Market"": The Development of Peer Relationships in Inclusive Early Childhood Settings",2005,"This study describes the lived experience of Kevin, a young child with physical disabilities who is placed in an inclusive classroom, a classroom where children with and without disabilities are educated together, with extra support provided for the child with disabilities. Children with disabilities who are placed in inclusive early childhood settings tend to be rejected or neglected more than their typically developing peers and are involved more with the adults in the classroom than with their peers. Kevin’s experiences are framed in the context of the current emphasis on inclusive practices. The study documents that adult assistance and curriculum activities both play an important role in either facilitating or constraining social interaction with peers. When the assigned assistant functions as the child’s playmate and mostly chooses table activities, both of these seem to limit opportunities for social interaction with peers. This study also documents that, without the assistant present, the child makes independent choices such as where and with whom to play. The dramatic play area serves as a conduit for meaningful verbal and nonverbal communication with peers. At the same time, Kevin’s strong desire to play in this area seems to be the impetus for physical development—he walks alone for the very first time. Suggestions are given for teacher facilitation of dramatic play.",,
036-259-870-142-758,Engaging young children with disabilities or at developmental risk in participatory research: a scoping review,2026,,,
036-417-199-198-86X,The Parenting Burdens and Family Support Needs of the Mothers of the Young Children with Severe and Multiple Disabilities,2020,,,
036-483-657-010-314,Ready to Teach All Children? Unpacking Early Childhood Educators' Feelings of Preparedness for Working with Children with Disabilities.,2019,"ABSTRACTEarly childhood settings have the potential to support learners with diverse learning needs, including children with disabilities. However, if educators do not feel prepared to teach childr...",,
036-735-162-673-851,Invisible fathers’ voices about the integrated programme implemented in mainstream child care centres in Hong Kong: implications for educational change,2018,AbstractStudies on parental views and experiences of the integrated programme implemented in mainstream early childhood settings for children with disabilities are dominated by the perspectives of ...,,
036-740-660-878-530,Employment of Related Service Personnel in Preschool Programs: A Survey of General Early Educators:,1994,"This report describes a mail survey of general early childhood educators to determine the extent to which representatives from various disciplines, commonly found on early childhood education teams, are employed by general early education programs. Randomly selected respondents were from four types of programs: Head Start, public school prekindergarten, public school kindergarten, and community preschool/child care. Of the 893 mailed questionnaires, 483 (54.1%) were returned and coded. Respondents indicated that programs that enrolled at least one child with disabilities tended to employ higher percentages of personnel in related service disciplines than did programs with no children with disabilities. Among other results, surveys indicated that relatively few programs reported having sufficient related service personnel to form basic team constellations.",,
036-941-746-627-469,To be Cared For and to Care: Understanding Theoretical Conceptions of Care as a Framework for Effective Inclusion in Early Childhood Education and Care,2018,"This article argues that incorporating theoretical conceptions of care into Early Childhood Education and Care (ECEC) programmes creates a foundation for achieving the effective inclusion of children with disabilities. Critical examinations of the origins of care theory and current conceptions of care are used to consider the differing valuation of autonomy and interdependence, the notion of care as a right, and understandings of care in the context of disability and education. The complexity of care, as well as the ways in which conceptions of care inform understandings of disability and influence practices of inclusion are taken up using some examples from Ontario’s ECEC contexts through a social justice and disability studies lens. This article presents an ethic of care as a viable tool for social justice in ECEC because it allows for a more comprehensive way of thinking about care. This reframing fosters the inclusion of children with disabilities in a way that recognises difference, values interdependence and reconceptualises what it means to be cared for and to care.",,
037-122-685-331-329,"Early childhood intervention: possibilities and prospects for professionals, families and children",2005,"In March 2005, Barry Carpenter, OBE, Chief Executive and Director of Research at Sunfield, an education and residential care centre for children with severe and complex learning needs, gave his inaugural professional lecture at University College Worcester. This article is based on that lecture. In it, Barry Carpenter reviews international trends in early childhood intervention and relates these to changing patterns of childhood disability, family needs, practitioner-led service development and Government policy initiatives. He describes a political climate in the UK which is ripe for the development of a nationally cohesive programme of early childhood intervention and proposes a number of key factors hat are crucial to the consolidation of the plethora of initiatives that have taken place in the UK in recent years. These include: early interventions that are delivered from the point of diagnosis; practice that is transdisciplinary; and high quality training for professionals. At the heart of this process, however, must be the voice of the family - guiding, informing, sharing, engaging. The key to successful early childhood intervention, Barry Carpenter argues, is responsivity - to society, to its families, but most of all to its children. [ABSTRACT FROM AUTHOR]",,
037-202-253-071-690,Suicide Gatekeeping: An Important Potential Role for Early Childhood Home Visitors.,2020,"Parents of young children with disabilities may experience high levels of stress and psychological distress that may put them at higher risk for experiencing suicidality. Thus, early childhood home visitors (e.g., professionals who work for home-based early intervention programs) may serve as important gatekeepers for identifying and referring parents who are experiencing psychological distress, including suicidal thoughts. However, most early childhood home visitors do not receive training on identifying or intervening with distressed and potentially suicidal caregivers. Therefore, early childhood home visitors would benefit from acquiring evidence-based, accessible strategies for identifying and responding to caregivers who they know or suspect are experiencing suicidal thoughts—a class of knowledge and skills that can be obtained through “suicide gatekeeper” training. In this article, we provide evidence-based information about suicide risk among parents of young children with disabilities, the intervention of suicide gatekeeping, and how suicide gatekeeping can be incorporated into the early childhood home visitor role.",,
037-380-079-802-364,Exploring Representations of Characters with Disabilities in Library Books,2015,"Early literacy experiences are critical for young children’s development. More specifically, quality literacy experiences are beneficial to children’s understanding of their world. Ensuring that early childhood literature appropriately reflects the diversity of children’s life experiences can support their sense of belonging within an early childhood environment. Considering that the number of children with diverse abilities who attend general education classrooms is increasing, it is imperative that these classrooms provide welcoming and supportive environments for all children. One way to support inclusive environments for children with disabilities is to ensure that classroom books include characters with and without disabilities. As many early childhood teachers and family members regularly use community libraries to find books to read to young children, exploring how characters with disabilities are represented in library books is important. Results of a study focusing on children’s library books revealed that characters with diverse abilities were represented in ways that promote their inclusion, however some books displayed poor insight into the individual lives of characters with varying abilities. Implications for research and practice are discussed.",,
037-407-199-378-382,Early childhood Special education teachers' self-efficacy in relation to individual children: Links to children's literacy learning,2021,,,
037-566-004-939-10X,We Can Do Better: Critically Reframing Special Education Research and Practice at the Intersections of Disability and Cultural and Linguistic Diversity for Young Children.,2019,"Abstract; We reviewed three existing reviews of literature: two related to cultural and linguistic diversity in well-regarded special education research outlets including Advances in Special Education, and the third regarding constructions of culture, race, disability, and risk in early childhood and early childhood special education (ECSE) literature. Some of our findings reflected ongoing oppressions for young children at the intersections of race, disability, and other forms of social difference to which negative treatment has been attached, including static and deficit-based framings of disability, reliance on whiteness, and English as the norm for developmental benchmarks, and failure to account for disability beyond medical models. We present a preliminary framework for special education research and practice considerations in order to remediate these issues in ECSE for young learners of color, among others, with disabilities.",,
037-609-030-845-809,The Effects of Home-linked Program with the Class Subjects on the Engagement of Preschoolers with Disabilities at Free Choice Activities in Inclusive Settings,2017,,,
037-738-896-695-929,*Consultation Programs; *Curriculum Design; *Day Care Centers; *Disabilities; Early Childhood Education; Early Intervention; Higher Education; *Inclusive Schools; *Inservice Education; Mainstreaming; Models; Paraprofessional Personnel; Training; Young Children,1997,,,
037-925-558-282-893,The development and application of caring-oriented disability human rights education program for early childhood teacher,2018,,,
038-035-588-970-701,Educação especial inclusiva:  Nova teoria para a educação das crianças com necessidades educacionais especiais e deficiências,2023,"<jats:p>This article aims to study the inclusion of children with special needs in childhood. Whereas inclusive education and special education are in different philosophies and alternative visions of early childhood education with special education and special needs. They are increasingly considered to be diametrically opposed in their approaches. This article presents a theory of special education that comprises a synthesis. the philosophy, values ​​and practices of inclusive education as interventions, strategies and procedures of special education. The development of inclusive special education aims to provide a framework and guidelines for effective education policies, procedures and strategies for all children as children with special educational needs and disabilities.</jats:p>",,
038-222-648-308-837,A COMPARISON STUDY OF CONSTANT TIME DELAY AND PROGRESSIVE TIME DELAY IN THE ACQUISITION OF ACADEMIC CONTENT FOR STUDENTS WITH INTELLECTUAL DISABILITIES,,,Theses and Dissertations--Early Childhood; Special Education; and Rehabilitation Counseling Early Childhood; Special Education; and Rehabilitation Counseling 2018 Elementary school; constant time delay; progressive time delay; intellectual disability; academic content,
038-401-948-348-80X,The Best of Both Worlds: Combining ECE and ECSE Philosophies and Best Practices Through a Coteaching Model,2006,"As more children with disabilities are served in early childhood settings, preservice training programs have a responsibility to provide future early childhood educators with the knowledge, skills, and confidence to actively participate as a team member in meeting the needs of young children with disabilities. This article provides a description of the rationale and process that a professor in early childhood special education (ECSE) and an instructor in early childhood education (ECE) used as they designed and implemented a coteaching model in the methods and materials prekindergarten course. Specific activities that were incorporated into the class to promote a better understanding of special education and how to meet the needs of all children are shared. Last, each instructor shares what he or she learned from the experience.",,
038-762-234-117-026,An analysis of early childhood education courses related to children with disabilities - With a view to the implementation of inclusive education -,2008,,,
038-826-586-143-826,Characterizing Early Childhood Disabilities in a Nationally Representative Sample Using Functional Profiles,2015,"The present study combined a functional abilities approach to characterizing childhood disability with person-oriented analytic techniques to identify and describe functional profiles of young children with disabilities. Nationally representative data from the Pre-Elementary Education Longitudinal Study was used, which included nearly 3,000 preschool children with disabilities. Exploratory analyses using latent class analysis were conducted to determine if distinct and interpretable subgroups of children based on shared profiles of functional ability would emerge. Five distinct latent subgroups were identified, and functional profiles for these subgroups are described. The authors examined classification accuracy and describe demographic characteristics, activity participation levels, and environmental conditions for each subgroup. The utility of a functional approach to examining childhood disability in special education and related fields is discussed.",,
038-889-457-466-037,"Building Learning Trajectories for Intentional, Inclusive, and Individualized Instructional Experiences in STEM",2023,"<jats:p>Early science, technology, engineering, and math (STEM) learning experiences often exclude children with disabilities and intersecting identities. To promote learning in STEM for all children, the Curriculum Research Framework (CRF) was applied to build learning trajectories of STEM for children from birth to age 5. The CRF was extended and enhanced to generate explicitly inclusive learning trajectories for children with and without disabilities. The process of generating a priori foundations, building learning trajectories, and testing the results in inclusive settings led to new resources for early childhood education (ECE) and early childhood special education (ECSE) practitioners and generated implications for creating and evaluating learning trajectories in ways that affirm that all children belong in STEM. Challenges faced and lessons learned in this process are presented to guide future research and development using the revised and enhanced CRF.</jats:p>",STEM education; curriculum research; equity; inclusion; early childhood education; early childhood special education,
039-048-287-908-911,Including Children with Disabilities in Early Childhood Education Programs: Individualizing Developmentally Appropriate Practices,2006,"(2006). Including Children with Disabilities in Early Childhood Education Programs: Individualizing Developmentally Appropriate Practices. Childhood Education: Vol. 83, No. 2, pp. 92-98.",,
039-444-452-708-070,Special Educational Needs and Disabilities in Early Childhood Education (Philippines),2019,,,
039-480-874-412-18X,SPED 635 Assessment: Early Childhood Special Education and Moderate/Severe Disabilities,2014,,,
039-518-500-436-460,The Relationship between Awareness and Self-Efficacy of Korean Preservice Early-Childhood Special-Education Teachers toward Inclusive Physical Activity for Intellectual Disabilities,2018,"This study evaluates the relationship between Korean preservice early-childhood special-education teachers’ awareness and self-efficacy of inclusive physical activity (PA) for children with intellectual disabilities. From the department of early-childhood special education in Korea, 220 students participated in the study’s survey. To verify the relationship, a simple regression was used in this study. In addition, IBM SPSS 20 was used to analyze the data. The results revealed that a higher level of self-efficacy developed a positive awareness regarding inclusive PA in preservice early-childhood special-education teachers instructing children with intellectual disabilities. Therefore, the results of this study verified the positive relationship between awareness and self-efficacy, but an advanced study is needed to find the factors affecting the level of self-efficacy in inclusive PA.",,
039-656-709-049-387,Profiles of early childhood special educator well-being,2022,"Early childhood special education (ECSE) teachers report high levels of stress, but little is known about the well-being of educators working with young children with disabilities. This study explores latent class analysis of early childhood special educator well-being, based on multidimensional measures of mental health and well-being to investigate whether qualitatively different subgroups of teachers exist within this population. With calls to make teacher training universal, there is a critical need to learn how ECSE experiences well-being to inform future practices in the field. Recommendations for research, practice are discussed.",,
039-683-993-802-084,A Study on Therapeutic Support Policy for Infants and Young Children with Disabilities,2018,,,
039-849-486-700-46X,How Do Early Childhood Leaders Perceive Inclusion of Young Children with Disabilities in General Education Classrooms?,2025,"<jats:p xml:lang=""en"">Leaders of early childhood programs play a critical role in fostering inclusion and ensuring teachers effectively implement inclusive practices to provide meaningful and enriching learning experiences for all children. However, limited research exists on perspectives about inclusion. This study examined the perceptions of early childhood leaders about the inclusion of young children with disabilities. A total of 168 leaders (directors and assistant directors) participated in the study. Findings revealed moderately favorable perceptions of inclusion. Gender, age, administrative role, and community type were found to predict leaders' perceptions, while professional and personal experience did not show significant associations. These results highlight the need for further research and have implications for inclusive practices in early childhood settings.</jats:p>",,
040-007-118-047-30X,Inclusive Education in China,2022,"By adopting a comparative approach, this book investigates the philosophy, policy, practices, and challenges of inclusive education in the Chinese contexts, recognizing influences of Chinese culture, such as Confucianism, collectivism, and familism. In the 1980s, the Chinese government promoted a policy named “Learning in Regular Classroom” to ensure educational rights for children with disabilities, which subsequently turned into an inclusive education program in the western sense. Starting from this point, the policy and practice of inclusive education have developed tremendously. To facilitate reflection and future development, this is the latest and most comprehensive attempt at understanding the status quo of inclusive education in China from a variety of perspectives: from early childhood to higher education, from family to schools and communities, from peers to teachers and parents. It also analyzed the unique Chinese philosophy of inclusive education, adding to current debates with a Chinese lens. This book will appeal to academics, students, and practitioners in disciplines such as education, early childhood studies, sociology, social work, social policy, disability studies, and youth studies.",,
040-098-030-506-272,Services for Special Education Need/Disability Learners Transferring from Nursery School to Primary School in Guyana,2019,This article serves to highlight the need for policy to support the smooth transition of students with special education needs/disability from early childhood programmes to primary school education. It identifies what is and provides recommendations.,,
040-165-299-458-901,DEECD Early Childhood Intervention Reform Project,,"This literature review was commissioned by the Office for Children and Early Childhood Development, Department of Education and Early Childhood Development (DEECD), as part of its Early Childhood Intervention Services (ECIS) Reform Project (Stage 2): Developing Options and Next Steps. This Project aims to significantly enhance the efficiency, effectiveness and sustainability of Victoria’s ECIS system and improve outcomes for children with a disability or developmental delay and their families. Early childhood intervention services (ECIS) support children with a disability or developmental delay from birth to school entry and their families. ECIS provides special education, therapy, counselling, service planning and coordination, assistance and support to access services such as kindergarten and child care. The services funded through DEECD are provided by government Specialist Children's Services teams and non-government Early Childhood Intervention agencies. In addition to the services provided by ECIS teams and agencies, the state and federal governments fund a range of complementary programs to support young children with developmental disabilities and their families. These include initiatives to support families (My Time parent groups, Family Support Packages), services to support inclusion (Preschool Field Officers, Inclusion Support Facilitators), and funding to support particular disability groups (Helping Children with Autism packages). These additional services and supports, together with the ECIS teams and agencies, make up the totality of early childhood intervention provision for young children with disabilities. The focus of the literature review is research on contemporary Australian and international evidence-based service delivery models for children with a disability, developmental delay or additional needs aged 0-8 years.",,
040-311-166-273-527,Challenges and Inspirations: Student Teachers' Experiences in Early Childhood Special Education Classrooms.,2011,"Preparing teachers to meet the needs of children with disabilities remains a complex challenge. General education teachers feel unprepared, and attrition and teacher shortages in special education remain high. Despite a trend toward inclusive education, many children continue to be educated in segregated settings. This study explores the potential challenges and learning opportunities that self-contained settings offer early childhood special education teachers in training. Five early childhood preservice students seeking dual certification reflected on their placements in self-contained early childhood special education classrooms. Through an analysis of their weekly student teaching journals, we explored students’ experiences in segregated early childhood special education classrooms and implications for teacher education. Our findings revealed that including a self-contained setting as one of several field experiences encouraged future teachers to think flexibly about teaching children with special nee...",early childhood; field-experiences/internships; general special education; inclusion; teacher learning,
040-323-698-033-530,Classroom-Based Interventions: Evaluating the Past and Looking Toward the Future,2000,The inclusion of children with disabilities in programs with their typically developing peers is one of many changes that has occurred in the field of early childhood special education over the las...,,
040-397-266-255-449,Parental perspectives on inclusive education for children with intellectual disabilities in Greece,2019,The current study explores the parental perspectives of children with intellectual disabilities (ID) on the effectiveness of inclusive education in Greek mainstream schools. The participants were 8...,children with intellectual disabilities; inclusive education; parental perspectives,
040-513-031-049-54X,Promoting Communication Development in Young Children with or at Risk for Disabilities,2016,"Communication skills provide young children a means for sharing wants and interests with social partners. Young children with disabilities are likely to display difficulties effectively communicating with others, often requiring intervention to improve meaningful communication in typical environments. The communication intervention literature includes a wide-range of studies, each designed to improve some form of communication (e.g., gestures, oral language) in young children. The purpose of this chapter is to highlight interventions for promoting expressive communication in young children with or at risk for a disability. Implications for parents/caregivers and early childhood professionals are provided, as well as recommendations for future research.",,
040-592-013-222-431,Inclusive Early Childhood Education: Contribution from a European Study,2018,"This article presents the European research project “Inclusive Early Childhood Education” (IECE), which was promoted by the European Agency for Special Needs and Inclusive Education, from 2015 to 2017. Sixty-four inclusive early years education experts from across Europe contributed to the project.The aim of the project was to explore the main characteristics of high quality inclusive early years education for children from two years of age to the start of primary school.According to recent international and national research, the years from birth to starting school are considered crucial to children’s intellectual, social and emotional development. Furthermore, highquality inclusive early years education is considered an opportunity for children with disabilities, learning disorders and social-cultural disadvantages.",,
040-601-154-085-284,Children With Special Needs in The Croatian Educational System: A Comparative Analysis of The Legal Framework,2021,"<jats:p>Inclusive education implies that all children have different (special) needs which have to be met. The prerequisite for meeting those needs are legal regulations related to the education of children with special needs that are continually updated in accordance with the current scientific data. The aim of this research was to determine whether there are differences in legal regulation on two levels: vertical – a comparison of two subsystems (early childhood education and care and primary and secondary education) and horizontal – a comparison of two subgroups (children with disabilities and gifted children). The research conducted a qualitative comparative analysis of primary data sources (legal acts regulating the education of children with special needs in the Republic of Croatia).The analysis showed that there is better regulation within the school education system than in the early and childhood education and care system. Also, there is better regulation relating to children with disabilities than to gifted children. The obtained results indicate the need to regulate the legal acts of the education systems and groups in order to meet children’s needs.</jats:p>",educational process; gifted children; inclusion; students with dis abilities,
040-689-566-517-927,Early Childhood Intervention,2000,,Early intervention; policy; practice; Turkey; children,
040-818-844-356-261,Early childhood education and care of children with normal and abnormal development in Poland – its importance and barriers,2019,"<jats:p>Marzena Buchnat, Aneta Wojciechowska, Early childhood education and care of children with normal and abnormal development in Poland – its importanceand barriers. Interdisciplinary Contexts of Special Pedagogy, no. 24, Poznań 2019.Pp. 67-81. Adam Mickiewicz University Press. ISSN 2300-391X. DOI: https://doi.org/10.14746/ikps.2019.24.04; The article presents a discussion on the importance of early therapeutic interactions for the development of a child at risk of disability or with a disability and his/her family. It indicates the importance of the time of taking action in relation to a child with developmental disorder for the period from birth to the age of three years. The article pays special attention to the place of early intervention and early support in the development process, its preventive, compensatory and corrective role. It describes barriers to the development of this system in Poland and points to potential solutions to these difficulties.</jats:p>",early childhood education and care system; a child with abnormal development; education; care,
041-238-933-285-683,Transition with a Truckload of Professionals,2000,"The issues and challenges facing early childhood teachers and other professionals, when a child with a disability makes the transition to an early childhood service accompanied by many professionals, is pursued. Poor professional practices, which exclude children with disabilities, are criticised using the experiences of early childhood teachers and itinerant professionals. Supportive practices, which promote the participation of children with disabilities within the curriculum and culture of ordinary education settings, are highlighted. Some professionals who understand the early childhood context, desire to work collaboratively with staff, involving them fully in discussions and decision-making recognise that parents, teachers, and children are experts, contribute a lot to the special education field.",,
041-312-203-276-542,Bureau of Education for the Handicapped Commitment and Program in Early Childhood Education,1971,,,"Child Development; Child, Preschool; Persons with Disabilities; Education of Persons with Intellectual Disabilities; Education, Special; Government Agencies; Humans; United States"
041-374-091-223-73X,Exclusion of children with disabilities from early childhood education: Including approaches of social exclusion,2021,"Including all children in all educational settings is mandatory to realize the outcome of inclusion. But, there is a denial of enrolment from early childhood settings for children with disabilities...",,
041-429-722-207-409,Supporting Regular Early Childhood Teachers in Integrating Young Children with Disabilities: A Power Continuum.,1995,"There is a growing body of philosophical, legal, and empirical support for integrated preschool programs. Yet, many young children with moderate to severe disabilities are not successfully integrat...",,
041-512-481-909-027,Early Childhood Special Education in Context of Pediatrics and Medical Home,2016,"For many young children, special education eligibility is often concurrent and deeply interconnected with special health, behavioral, and socioeconomic needs. Because of these additional factors, the broader context of early intervention (EI) includes not only early childhood special education (ECSE) specialists but also services from a wide range of healthcare providers social service providers, therapists, and others. Although it is not the responsibility of the ECSE professional to address all these needs, when viewing the special educational requirements of individual children, ECSE educators might more completely serve the children by also recognizing the coexistence of each child’s unique health and socioeconomic issues, whether or not they appear in the child’s IEP. To comprehensively attend to the issues of children with disabilities who have diverse needs, various models and approaches have been devised, one of the more prominent of which is the medical home model.",,
041-682-444-230-949,The Study for Self-Evaluation of Early Childhood Special Educator's Professional Quality,2010,,,
041-723-858-590-563,The effectiveness of visual activity schedules for individuals with intellectual disabilities: A meta-analysis,2018,Background: This meta-analysis focused on the teaching of skills to individuals with intellectual disability (ID) to maximise independence increase the likelihood of full participation in all aspec...,,
041-953-968-353-159,Topic Modeling Analysis of Questions of Participants in Child Care Consulting of Young Children with Disabilities Based on Video Meeting Platform,2021,,,
041-971-275-050-023,Field Experience + Inclusive ECE Classrooms = Increased Preservice Teacher Efficacy in Working with Students with Developmental Delays or Disabilities.,2012,"The current study examined whether field placements within an inclusive classroom are associated with improved preservice teachers efficacy when working with children with developmental delays or disabilities. Study participants were 165 undergraduate students enrolled in primary teacher education classes at a Midwestern university. Participants responded to a modified version of the Teacher's Sense of Efficacy Scale. A significant positive correlation between preservice teachers' efficacy of working with children with developmental delays or disabilities and their inclusive field experiences was found. Findings in this study stress the need for undergraduate early childhood education programs to utilize diverse, highly inclusive classrooms in their students' field experiences; not only in the hopes of increasing efficacy, but to also develop the skills and dispositions valued by our profession.IntroductionToday's classrooms reflect the impact of current demographic changes of increased diversity among learners in the classroom. These changes bring many new challenges for teachers as well as teacher educators. Competent teachers must address the cultural and linguistic diversity present in our classrooms and communities, as well as the growing numbers of children with disabilities and other special learning needs present in our eady childhood programs (NAEYC, 2009).Early childhood teacher preparation programs strive to develop teachers with knowledge, skills, and dispositions to meet the needs of the young children in today's classrooms. The National Association for the Education of Young Children (NARYC, 2009) standards for early childhood professional preparation state that ""excellence in teaching requires a continuous interplay of tiieory, research, and practice."" NAEYC standards emphasize the centrality of field experiences beyond the common research-based knowledge (NAEYC, 2009). The teacher preparation standards focus on including all children to reach each standard.Every standard is meant to include all children: children with developmental delays or disabilities, children who are gifted and talented, children whose families are culturally and linguistically diverse, children from diverse socioeconomic groups, and other children with individual learning styles, strengths, and needs (NAEYC, 2009).A commitment to diversity and inclusion is a professional value that we expect eady childhood education students to develop.Need for inclusive field experienceSince the 1970s educating children with disabilities has been the legal responsibility of the public education system. Every child is entided to a free and appropriate education in me least restrictive environment The least restrictive environment is the requirement in federal law which entidcs children with disabilities to an education with their typically developing peers, unless even with supplemental aids and services, they cannot succeed in such a classroom [20 United States Code (U.S.C.) Sec. 1412(a)(5)(A).]. Best practices in early intervention and early childhood education call for full inclusion of children with developmental delays or disabilities. The term developmental delay is used to describe young children, birth to age eight, who exhibit significant delays in their development age compared to dieir chronological age. Developmental delays or disabilities is a broad umbrella term often used to describe young children who are receiving earlyintervention services or educational services due to various disabling conditions (e.g., Autism, Down syndrome, Hearing Impairments).The shift towards more inclusive practices in the educational placement of children with developmental delays or disabilities has occurred simultaneously with increasing prevalence rates for disabling conditions. For example, in a recent study conducted by the Center for Disease Control (CDQ, Autism now affects 1 in every 110 children in our country (Rice, 2009). …",,
042-062-803-388-633,Prerequisite Developmental Skill of Children with Disabilities Under 3 Year Old for Transition to the Inclusive Child Care and Education Center: Based on Recognition of Early Childhood Education and Special Education Teachers,2016,,,
042-189-765-472-145,Early childhood education : an international perspective,1982,"Early Childhood Education Foundations.- Early Childhood Education: A Synoptic View.- Towards Solutions for Problems of Early Childhood Education.- Towards Education of a New Generation: Some Thoughts.- Children's Development.- Experimental and Observational Studies of Preschool Children's Memory.- Development of Children's Moral Deliberations: Implications for Early Childhood Education.- Young Children's Differential Perceptions of Their Parents.- Some Dimensions of Creativity in Young Children.- Auditory Attending Skills.- Teacher Education.- Helping Others Learn to Teach: Some Principles and Techniques for Inservice Educators.- An Attempt to Bridge the Gap between Theory and Practice in Early Childhood Teacher Education.- The Early Childhood Training Course for Bedouin Educators.- Some Factors Affecting Teacher Behavior and Pupil Performance.- Parents, Family, and Home Intervention.- How One City Involved Parents.- Learning in the Family Context: Research on Parents' Perceptions of Their Role as Educators of Young Children.- Effects of a Home Intervention Program on Maternal Language.- Parents' Goals and Preschool Education.- HIPPY: A Home Instruction Program for Preschool Youngsters.- The Parent as Partner in the Educational Advancement of Preschool-Age Children.- Maternal Influences in the Formation of Sex Identity and Gender Role Designation among Differently Sexed Twins, Triplets and Quadruplets.- Parent-School Cooperation in a Changing Society: Teachers' Learning from Disadvantaged Parents.- Children's Learning.- Arithmetic Disabilities: The Relation between Arithmetic and Some Psychological Abilities-A Reanalysis.- Why Some Children Don't Conserve: Implications for Early Childhood Education.- Comprehension of ""Before"" and ""After"" by the Young Child.- Effects of Training on the Divergent Thinking Ability of Kindergarten Children.- Studies in Pretense Play and the Conservation of Quantity.- Social Environment of Children.- The Relationship between the Development of a Peer Social System and Attachment.- An Exploratory Study of Problem Solving in the Natural Habitat.- An International and Comparative Study of Children's Play Space Requirements in Residential Environments.- Early Childhood Education Programs.- The Froebelian Kindergarten as an International Movement.- Early Childhood Education in the Kibbutz.- The Structure of Children's Activities: A Report on the Work of the Study Center for Children's Activities.- A Demonstration Program for Campus Infant Care.- Dialogical Approach Applied to Non-Formal Education in Poor Areas of Underdeveloped Countries.- A Contribution to the Evaluation and Design of Non-Formal Preschool Programs in Marginal Committees.- Change in Affective Perceptions with Changes in Academic Achievements: A Preliminary Study of Three Twelve-Year-Old Boys.- A Unique Blending of Technology and Education Using the Self-Controlled Interactive Learning Systems (SCILS) in an Ongoing Early Childhood Program.- The Self-Controlled Interactive Learning Systems (SCILS): A Communication Model of Learning.- Suggestions for Improving Kindergarten Education in the Arabic Sector.- Tests and Testing.- Cognitive Performance of Kindergarten Children When Tested by Parents and Strangers.- Beyond Early Identification of Children's Abilities and Disabilities.- The Bar-Ilan Picture Test: A Semi-Projective Technique for Diagnosing Problems Related to the Educational Environment in Elementary Schools.- Evaluation.- Teacher Evaluation in Early Childhood Education: Application of a Model.- Lasting Effects After Preschool.- Selected Attitudes of Teachers and Student Perceptions of Instruction at the Primary Level.- A Field-Based Approach to the Validation of Behavioral Competencies for Young Children.- Current Issues in the Evaluation of Early Childhood Programs.- Contributors.- Israel Organizing Committee and Advisory Boards.",,
042-259-914-726-34X,The Exclusion of Children with Disabilities in Early Childhood Education in New Zealand: Issues and Implications for Inclusion,2011,"In New Zealand, legislation and policy states that every young child has the right to participate in, and receive, a high-quality early childhood education. However, this is not always the case for children with disabilities and their families. This article addresses issues related to the exclusion of such children in early childhood education in New Zealand. In particular, the article highlights the exclusive cultures, policies and practices that compromise the nationally legislated policy of inclusion for children with disabilities and their families. It also offers ideas on bringing about changes in thought and practice that might help to progress inclusion.",,
042-307-333-982-699,Teaching Play Skills Through the Use of Assistive Technology and Instructional Strategies: A National Survey,2015,"<jats:p>Play is often considered the main occupation of early childhood. Despite the importance of play, young children with disabilities may not achieve the same experiences as their typically developing counterparts. Literature supports the use of specific instructional strategies to promote the acquisition of play skills. In addition to utilizing specific instructional strategies to teach play skills, assistive technology (AT) can support positive outcomes. The authors conducted a survey study in order to advance our understanding of early childhood special education professionals’ knowledge and use of instructional strategies and AT to teach play skills to young children with disabilities. The participants’ reported knowledge and use of instructional strategies to teach play skills to young children with disabilities was high relative to their knowledge and use of AT. Furthermore, early childhood special education professionals reported that they did not vary their use of instructional strategies based on the AT tool. Implications of these finding for research and practice are discussed.</jats:p>",,
042-425-657-669-41X,A study on the Development and Validation of Disability Empathy Scales for Pre-Service Early Childhood Teacher,2022,"<jats:p>""This study aimed to develop and validate a tool that can measure the degree of empathy for disabilities of pre-service early childhood teachers. Through this, it is intended to improve the professionalism of pre-primary early childhood teachers related to inclusive education with disabilities. First, the conceptual definition of disability empathy was established through the search for prior research, preliminary questions were developed and tool validation was carried out. The survey was conducted with 209 university students majoring in early childhood education in Gyeonggi-do, South Korea. As a result of the study, the disability empathy scale consisted of 14 items with 3 factors, and the sub-factors were named cognitive empathy, emotional empathy, and expressive empathy. As a result of confirmatory factor analysis to confirm the internal factor structure of the disability empathy scale, it was found that the three-factor model adequately explains the data. Based on the study results, the significance and implications of the study were discussed.""</jats:p>",,
042-517-017-179-437,Disability in Greece: Social Perception and Educational Policies,2005,"This work examines how the Greek state (under multiple types of governmental regimes) dealt with children with disabilities within the framework of educational and political reforms, and how social perceptions of disability have defined – to a lesser or greater degree - the aforementioned policies. This article covers three basic periods: 1) First steps, starting from the turn of the 20th century until the 1940s; 2) Minimal state intervention to deal with the issue (1948 – 1985), and 3)the most recent period, where children with a disability are dealt with in a more comprehensive way within the terms of a social welfare state (1985 – 2004).",,
042-656-841-457-079,Teaching Play Skills to Children with Disabilities: Research-Based Interventions and Practices,2018,"Play is a critical milestone that contributes to the learning and development of young children in multiple ways and is essential to their well-being. Play is also considered as a central component to promote school readiness and incorporates pre-literacy, language and numeracy skills. However, play deficits seem to be acutely apparent in some children with disabilities. This highlights the need to come to terms with the best evidence and explore the promising practices related to improved play skills for young children with disabilities. The purpose of this paper is to provide an overview of play-based learning in early childhood and early childhood special education and provide research-based recommendations on teaching play skills to young children with disabilities.",,
043-024-946-851-671,Using Qualitative Evaluation Methods to Identify Exemplary Practices in Early Childhood Education.,1992,"The proliferation of early childhood programs for children with and without disabilities has occurred without clear indicators or standards of program quality. Evaluations of these programs often consist of compliance monitoring or outcome assessment. Little attention is given to program context or the quality of individual components of the program. In this paper, an alternative evaluation model, a connoisseurship or professional review model using on-site observations, interviews, and document review, was used to identify exemplary practices in early childhood education in one large midwestern state. The results indicated that with proper training and support, early childhood professionals without experience in qualitative methods can become proficient in interviewing techniques, observation, and document review. The resulting case study reports were useful for identifying and describing exemplary practices across the state, demonstrating the potential for this alternative approach to evaluation in earl...",,
043-052-556-574-89X,Web design in context: an early childhood case study,2000,"In an effort to create linkages between members of a statewide early childhood community, an online Internet tutorial and accompanying discussion board was established and publicised. Links were included within the site to existing early childhood listserves, other child, family, disability issue discussion boards and chat rooms, and a variety of early childhood websites. Design considerations regarding the layout of the Internet Tutorial are discussed.",,
043-113-361-617-067,"Impact of Social Needs on Participation of Children Aged 4-6 with Disabilities in Early Childhood Education Classes in Starehe Division in Nairobi County, Kenya",2015,"Social needs are essential components for preventing anxiety, depression and loneliness. Providing social needs of belongingness, self-esteem and self-acceptance and fostering resilience in children living with disabilities is likely to amount to sustained coordinated efforts to support children’s psychological, social-emotional and academic development throughout early childhood and adolescent. CWD need opportunities to cultivate their skills, competences, talents, strength and social relationships, yet too often lack of proper intervention reduces their opportunities for participation. The study assessed impact of social needs on participation of Children with Disabilities (CWD) in early childhood classrooms in Starehe division in Nairobi County. Study adopted descriptive research design and targeted 5 head teachers, 35 teachers, 20 children aged 4-6 with disabilities and 20 parents of CWD. Purposive sampling and simple random sampling was used to select respondents for study. Questionnaires, observation guide and structured interview were used to solicit data. Findings revealed that teachers were not conversant with types of social needs promoting participation of CWD in ECE classes. However those teachers who effectively supported CWD social needs yielded encouraging results in inclusive learning environment. The study recommends policy for early identification on the needs for effective participation of CWD in ECE classes.",Participation; Disability; Social Needs; Early Childhood Education; Inclusive Learning Environment,
043-402-754-517-930,The Study of Organizational Culture and Organizational Effectiveness in Child Care Centers for Children with Disabilities by Mediated-effects Empowerment,2015,,,
043-524-821-867-611,A Study on the Awareness of Preservice Early Childhood Teachers & Preservice Special Education Teachers Toward Disability-related Anti-Bias Education,2021,,,
043-833-914-905-575,Linking parents' self-stigma to the adjustment of children with disabilities.,2019,"This study examined the association of parental self-stigma with child adjustment, and whether parenting self-efficacy and parenting distress mediated the association. Cross-sectional data were collected from 186 families living with kindergarten children identified to have disabilities in Hong Kong, China (mean age = 61.62 months; 76% of them were boys). Using questionnaires, 173 mothers and 112 fathers reported their own self-stigma, parenting self-efficacy, and parenting distress, as well as their children's prosocial behaviors and externalizing and internalizing behaviors. Multigroup, path analyses revealed a group-invariant model for both mothers and fathers. Controlling for children's gender and age, parents' self-stigma was linked to fewer prosocial behaviors and more externalizing and internalizing behaviors among children. Moreover, such links were partially mediated by parenting self-efficacy, but not parenting distress. Theoretically, the findings highlighted the importance of considering family processes when examining the potential impact of parental self-stigma on child adjustment. Practically, the findings pointed to the utility of helping both mothers and fathers to deal with public stigma and increase their parenting self-efficacy in supporting the development of children with disabilities. (PsycINFO Database Record (c) 2019 APA, all rights reserved).",,"Adult; Child, Preschool; Cross-Sectional Studies; Children with Disabilities/psychology; Female; Humans; Internal-External Control; Male; Middle Aged; Parent-Child Relations; Parenting; Parents/psychology; Self Efficacy; Social Behavior; Social Stigma; Stress, Psychological/psychology; Young Adult"
043-887-996-909-089,Analysis of Delphi's Opinion on the Establishment of Comprehensive Support System for Young Children with Disabilities,2021,,,
043-974-329-827-624,Re-situating Canadian Early Childhood Education - Re-Situating Canadian Early Childhood Education,2013,"Contents: Daphney L. Curry/Gaile S. Cannella: Foreword - Reconceptualist Her/Histories in Early Childhood Studies: Challenges, Power Relations, and Critical Activism - Larry Prochner/Veronica Pacini-Ketchabaw: Resituating Early Childhood Education: Introduction - Katherine Davidson: The Integration of Cognitive and Sociocultural Theories of Literacy Development for Instruction and Research: Why? How? - Sherry Rose/Pam Whitty: Valuing Subjective Complexities: Disrupting the Tyranny of Time - Luigi Iannacci/Bente Graham: Addressing Divides and Binaries in Early Childhood Education: Disability, Discourse and Theory, and Practice in a Bachelor of Education Program - Rachel Langford: An Early Childhood Professional's Authority: How Can It Be Used for Influencing and Instigating Action for Social Goods? - Zeenat Janmohamed: When Queer Enters Early Childhood Teacher Training: What's So Inappropriate about That? - Judith K. Bernhard: Immigrant Parents Taking Part in Their Children's Education: A Practical Experiment - Kathleen Kummen/Veronica Pacini- Ketchabaw/Deborah Thompson: Making Developmental Knowledge Stutter and Stumble: Continuing Pedagogical Explorations with Collective Biography - Anna Kirova: Children's Representations of Cultural Scripts in Play: Facilitating Transition from Home to Preschool in an Intercultural Early Learning Program for Refugee Children - Mary Caroline Rowan: Resituating Practice through Teachers's Storying of Children's Interests - Beth Blue Swadener/Lacey Peters/Sonya Gaches: Taking Children's Rights and Participation Seriously: Cross-national Perspectives and Possibilities.",,
044-006-671-123-938,Early Intervention for Children with Developmental Delays and Children with Disabilities: The Bavarian Concept,1993,"A system of statewide early intervention for children with developmental delays and those with disabilities was established in Bavaria in the 1970s. The concept, development, and experiences of the Bavarian early intervention system are traced through a historical perspective. Current discussions, pros and cons of proximal (homebound) and centralized (center-based) services, the call for a changing paradigm of early intervention, and perspectives concerning Bavarian early intervention are covered.",,
044-221-245-563-940,Anti-discrimination Legislation and Disability in Education,2020,The chapter starts with an exploration of how human rights emerged and the role of anti-discrimination legislation in protecting these rights. The area of disability is then explored by answering the questions: Who is covered by disability anti-discrimination legislation? and What rights does anti-discrimination legislation provide to people with disability?,,
044-343-888-160-809,Exploring the attitudes toward climate change and pro-climate-change behavior among people with sensory disabilities in the Middle East and North Africa,2026,,,
044-353-474-137-552,"A Case Study of Convergence Classes for Improving Capability of Achievement Motivation and Attitudes toward Acceptance of Disabilities in University Students: Focusing on the Prospective Audiologists, General Teachers, Special Education Teachers and Social Service Workers",2016,"Purpose: This research aimed to identify the effects of convergence education and suggest the basic data to nurture innovative and collaborative; human resources by analyzing the differences of the achievement motivation capability and the attitudes toward acceptance; of disabilities of university students between before and after the convergence classes under the title of ‘Understanding Children with; Disabilities’. Methods: The subjects are 127 second year students in five departments regarding integrated education of children with; and without disabilities (department of speech-language pathology and audiology; early childhood education; early childhood special; education; elementary special education; and social welfare) of N University located in G city. The classes were given in the form of; textbook-based curriculum, field trainings (volunteer activities related to the improvement of awareness of disabilities and human rights; of people with disabilities) and special lectures by invited experts by sufficiently reflecting the core principles (autonomy, bridgeability,; contextuality and diversity) of convergence education. Results: As a result of analysis, the score after the convergence class of achievement; motivation capability and attitudes toward the acceptance of disabilities of the university students was higher than the score of; the test before the class, having statistically significant differences. Conclusion: This study holds significance as it discovered that the; convergence class of ‘Understanding of Children with Disabilities’ is a curriculum subject to improve achievement motivation capability; and attitudes toward the acceptance of disabilities of the university students, who are the prospective specialists in education, rehabilitation; and welfare of people with disabilities.",Achievement motivation capability; Attitudes toward the acceptance of disabilities; Convergence classes,
044-353-672-235-444,Planning for Successful Inservice Education for Local Early Childhood Programs,1994,"This article is for leadership personnel who design inservice education for people serving the needs of young children (birth to 6 years of age) with disabilities and their families. Following a definition and description of assumptions and guidelines, an approach for developing an inservice plan is detailed. In the final section, attention is given to special circumstances planners may face as they design meaningful learning opportunities for their local early childhood program personnel.",,
044-426-003-217-665,Preschool Inclusion: What We Know and Where We Go From Here,2000,"Inclusion of children with disabilities in early childhood classrooms with typically developing peers has become a primary service option in early childhood special education. In this paper, I brie...",,
044-602-052-134-153,Court-Appointed Special Advocate Strong Beginnings: Raising Awareness across Early Childhood and Child Welfare Systems.,2013,"Abuse or neglect and disability often go hand in hand. Unfortunately, most professionals who work with maltreated young children are not aware of early childhood and disability-related resources and services available. In order to raise awareness across early childhood and child welfare systems, a five-week advanced training for volunteer child advocates, entitled Court-Appointed Special Advocate Strong Beginnings, was created. The pilot programme and formative evaluation are highlighted. Upon completion of the training, advocates reported being better prepared and more informed about both early childhood and child welfare systems. Future directions for raising awareness across the child welfare and early childhood special education communities are discussed.",,
044-850-313-357-404,O processo de inclusão na educação infantil: possibilidades e desafios dessa prática no cotidiano educacional,2024,"<jats:p>(This article is a literature review, based on several works produced on the theme developed, which is the process of inclusion in early childhood education. The general objective of this work is to debate the inclusion process developed within early childhood education, emphasizing the challenges and possibilities arising from this. The specific objective is to: define the concept of inclusive education; discuss the challenges that the inclusion process can bring to students in early childhood education; and point out the benefits of this practice for the student’s development. The work is justified by the need to increasingly highlight the challenges that are faced in the process of inclusion in early childhood education, and show the benefits arising from this process, as when starting the inclusion process already in the first stage of schooling, not only Not only the child included, but the entire class will benefit. The work is organized into three different subtopics, the first of which is intended to present the concept of inclusive education. The following subtopic presents the main challenges that early childhood education teachers face in their daily lives in order to develop inclusive education. Concluding with the presentation of the benefits provided not only for students with disabilities, but for all their colleagues, when inclusive education is achieved at this stage of teaching.</jats:p>",Inclusive education; Deficiency; Child education; Challenges; Benefits,
044-914-333-331-834,PECULIARITIES OF TRAINING FOR CAREER OF LEARNERS WITH MILD INTELLECTUAL DISABILITIES,2017,"This article describes the peculiarities of training of learners with mild intellectual disabilities. The aim of the article is to highlight problems and different theoretical approaches and theoretically validate the optimal ways of training for career of learners with mild intellectual disabilities. On the basis of scholarly literature, to analyses which areas of training for career are accessible to learners with mild intellectual disabilities. To discuss training for career as a person’s readiness to enter adult life from the point of view of education. Young people with mild intellectual disabilities should be supported in understanding own wishes and possibilities. It is important that they start preparing for professional activity in early childhood, since it continues until a person becomes an adult. In the childhood, children should be introduced with different professions and encouraged to take interest in them. They should be encouraged to think about their future work, what they are successful at, as well as about the advantages of different activities.",career education; special education needs; school,
044-918-537-668-218,Social coping strategies in pre‐school play. how do children with disabilities succeed in play groups with other children?,2004,"Research literature has documented links between peer difficulties in early childhood and later poor social, emotional and academic adjustment. Since children with disabilities have more problems than others with peer relations, objectives in early childhood education should include helping children with disabilities to cope with social tasks in peer groups. This article presents four case studies concerning children with different disabilities, focusing on their social coping‐strategies in playgroups in inclusive pre‐schools. The analysis is mainly qualitative, based on data from video observations and field notes. The children with disabilities used less successful social coping strategies than their non‐disabled peers, and seemed to have difficulties with coherence in play and social interchanges. Intervention strategies are discussed in the light of salutogenic theory.",,
044-938-633-352-772,Reaching toward individualization in planning for children with special needs,2002,"Integrating young children with special needs into programs for typically developing children is a current trend. Yet, integration may threaten a teacher's ability to meet the needs of an individual child. The aim of this study was to gain an understanding of the teachers’ orientation in early intervention/early childhood special education. Data from thirteen early childhood generic educators/early childhood special educators were collected to provide a qualitative description of their assessment and planning practices. Findings indicated that generic early childhood/early childhood special educators’ assessment, planning, and programming for meeting the needs of individual children were not clearly established. There was incongruence between the teachers’ actual practice and the positively ‐valued guideline of child‐centeredness, social aspects of learning and naturalistic teaching strategies.",,
044-976-395-105-465,Early Childhood Inclusion in the United Kingdom.,2016,"<jats:p>A policy-to-practice paper is presented of early childhood inclusion in England. The article aims to report the benefits of early intervention services and early childhood inclusion for children with special educational needs and disabilities (SEND), document the chronology of policy development, and discuss research evidence about policy-to-practice considerations for early childhood inclusion. Policy development for children with SEND in England has been informed by international human rights and European inclusion agendas and has been significantly revised and reformed recently with a new <jats:italic toggle=""yes"">Children and Families Act</jats:italic> (2014), which places families at the center of individual education, health, and care plans for children SEND. The article discusses the practicalities of delivering policy initiatives for children with SEND in a diverse and fragmented early childhood market and suggests possible future directions for policy and practice.</jats:p>",,
045-141-412-825-554,A comparative study of representations about disability in primary school children's drawings: a sociosemiotic approach,2013,"Over the past few years, perceptions about disability – at least at the theoretical level – have been shifted toward a more progressive approach, which stresses the social aspects of the construction of disability (social model) rather than personal limitations, as supported by the traditional disability approach (medical–individual model). Drawing upon the sociosemiotic approach as developed by Kress and van Leeuwen, the present study examines from a comparative perspective the representations about disability and people with disabilities, as emerging from the drawings produced by 4th grade Greek primary school children. The sample consists of two groups of children. Group A does not share the same school environment with schoolchildren with special education needs, while group B shares the same school surroundings with students attending a special education needs School. The comparative analysis of their drawings indicates that children of both groups reproduce the dominant meanings they receive from th...",,
045-201-595-656-985,Early Childhood Studies,2014,"This core introductory textbook offers an accessible yet rigorous&nbsp;approach to&nbsp;Early Childhood issues, addressing both Care and Education in the Early Years.&nbsp; It&nbsp;presents a multi-disciplinary&nbsp;perspective&nbsp;and will add value to any Early&nbsp;Childhood Studies course at both foundation and degree level. This text engages the reader by providing&nbsp;real-world examples that underpin theoretical perspectives and bring examples to life, whilst providing the student with an opportunity to reflect on their own similar experiences. The book is supported with a range of&nbsp;useful supplementary materials including an exciting companion website package.",early childhood studies; children with disabilities; play; sensory play; informal learning environments; autonomy,
045-313-633-532-446,"An Analytical Study on Research Trends related to Language and Communication of Infants and Young Children with Disabilities: A Review of Korean Special Education Journal Articles, Published Between 2007 and 2016",2017,,,
045-343-378-096-786,The Level of Early Childhood Teachers' Knowledge Regarding the Practices of Early Intervention for Children at Risk of Learning Disabilities,2022,"<jats:p>This study aimed to reveal the level of knowledge of early childhood teachers regarding the early intervention strategies for children at risk of learning disabilities. A questionnaire was designed comprising (22) items distributed in (3) dimensions, namely the practices related to pre-academic skills, basic operations and psychological concepts. This was applied to a random sample of (340) female early childhood teachers. The results indicated a high level of knowledge of early intervention practices in all three dimensions among teachers, and also statistically significant variations in the level of knowledge of early intervention practices attributed to the educational stage which is in favor of the pre-primary stage. The results also showed no statistically significant differences attributable to academic qualification, academic specialization and years of experience. Based on the outcome, the researchers recommended developing training programs to enable early childhood teachers to implement their expertise and utilize it as early intervention methods.&#x0D;;  &#x0D;; Received: 13 October 2021 / Accepted: 15 November 2021 / Published: 3 January 2022</jats:p>",Early childhood teachers; Early intervention practices; Children at risk of learning disabilities,
045-355-204-462-852,Preparing Teachers for Inclusive Education: The Development of a Unified Teacher Education Program in Early Childhood and Early Childhood Special Education.,1994,"Advocates of developmentally appropriate early childhood education are increasingly interested in promoting inclusive programs of early education and care for both typically-developing children and children with disabilities. The success of such programs is contingent upon the availability of personnel trained to meet the individual needs of children with a wide range of abilities. There is currently a scarcity of teachers who are adequately prepared to meet such a challenge. In this article, we describe the collaborative conceptualization and implementation of a preservice teacher education program in early childhood and early childhood special education in the Departments of Special Education and Instruction and Curriculum at the University of Florida. Processes of program initiation and development are delineated, and factors that have supported and challenged the program's success are described The successes and pitfalls outlined here can inform others seeking to meet the challenge of preparing teache...",,
045-646-884-033-997,Mothers' Perception on the Interaction between Young Children with Severe Disabilities and Their Siblings in Early Childhood,2012,,,
046-055-473-901-990,"Homeless and Disabled: Rights, Responsibilities, and Recommendations for Serving Young Children with Special Needs",2006,"Homelessness is a growing social problem in the United States. Especially vulnerable to this phenomenon are young children because homelessness is viewed as a breeding ground for disabilities. Despite federal legislation ensuring educational opportunities, the educational needs of children who are homeless are frequently unfulfilled. This article reviews the educational rights of children who are homeless, including those with disabilities, and offers recommendations and suggestions as to how early childhood programs can help meet the needs of homeless young children with disabilities and their families.",,
046-397-286-501-211,Increasing access into higher education: Insights from the 2011 African Network on Evidence-to-Action on Disability Symposium - Education Commission.,2014,"This article provides some insights into the challenges regarding inclusion in higher education of students with disabilities. It does this by elucidating aspects of the proceedings of the Education Commission at the African Network on Evidence-to-Action on Disability (AfriNEAD) Symposium, which took place in Zimbabwe in November 2011. The presentations specifically focused on the education of people with disabilities from early childhood through to higher education. This article, however, is informed by presentations focusing on increasing access to higher education. The article is focused on the implementation of evidence in practice, research and policies stemming from rigorous debate and scientific foundations, whilst taking into account the dynamic realities of the higher education context. Themes such as the systemic approach needed for inclusion to be successful, increasing access and the dynamic role of students with disabilities are highlighted.",,
046-928-017-727-837,Language Intervention in Early Childhood,1999,"Developments in early intervention have paralleled those in early language intervention. Such parallels are not surprising given that general early childhood special education and language intervention practices have been influenced by the same theories of development and learning. In addition, because of the importance of communication to learning and academic achievement, and the prevalence of communication problems in children with special needs, language intervention has been fundamental to early intervention services and, reciprocally, language intervention practices have been challenged as a result of changes in early childhood services. In light of this relationship, this paper provides a focus on developments in language intervention within a framework of early intervention.",,
046-948-308-508-210,Korean American Mothers' Experiences of the Transition from School into Adulthood for Their Child with Disabilities,2023,"<jats:p>In order to better understand how Korean American students with disabilities go through transitions and how education and services can more effectively target them, this study was designed to examine Korean American parents’ perceptions of transition experiences for their child with disabilities through collecting qualitative data. To achieve the purposes of the research, 9 mothers of Korean American young adults with disabilities aged 18–25 were interviewed. Overall, five themes emerged from the qualitative analysis: the importance and shortcomings of a transition program for students with disabilities aged 18–21, use of an ethnic informal organization, mothers’ readiness for the future, professionals’ negative attitudes, and transition planning. The findings were discussed to enhance the involvement of Korean American parents in the development of a long-range plan that will affect the postschool outcomes of their children with disabilities.</jats:p>",,
046-983-061-216-809,Supporting Young Children Through the Early Childhood Years,2024,"Supporting young children with intellectual and developmental disabilities and their families begins in infancy and continues through the early elementary years in settings natural for young children and their caregivers: homes, schools, and community. Supports for young children with intellectual and developmental disabilities include accessing early intervention and early childhood special education services to support young children’s learning and development with their environment, other children, and their caregivers. Inclusive, strengths-based approaches in early childhood highlight young children’s rightful presence in spaces where all children learn, grow, and play. This chapter reviews four key areas of support for young children with intellectual and developmental disabilities: (a) inclusive, strengths-based approaches, (b) family-centered practices, (c) learning through play, and (d) language and communication practices. Each section will highlight ways to support diverse young children and their families, employ evidence-based strategies and instructional practices, and promote the autonomy and preferences of young children and their families.",,
047-144-629-049-943,Understanding disability as socially and culturally constructed – what does this mean for inclusive early childhood education?,2022,"<jats:p>In New Zealand, every child has the right to participate in inclusive, quality early childhood education (ECE), as outlined in the 1989 United Nations Convention on the Rights of the Child (UNCROC). However, research reveals both the struggles children with disabilities and their families experience to have their rights recognised and upheld, and the lack of confidence early childhood (EC) teachers report related to working with diverse groups of children. Drawing on an appreciative case study, this article uses a framework of disability studies in education and sociocultural theory to illustrate how understanding disability as socially constructed can contribute to inclusive ECE practice. The findings from this case study provide EC teachers with approaches to inclusive practice, and may generate further dialogue about inclusion.</jats:p>",,
047-318-957-840-889,The Effect of the Nuri Curriculum-based Dialogic Reading Intervention on the Word Reading and Comprehension of Children with Disabilities,2018,,,
047-392-063-173-074,Teachers-Students’ Interaction in Early Childhood Inclusion Program,2019,"<jats:p>UNESCO has defined inclusive education as a chance for children with disabilities to learn in the same class with their non-disable peers. It becomes the most equitable chance for those school age students with disabilities to get their right. The implementation of early childhood inclusion programs in Bali is relatively new. Thus, an analysis on its implementation is needed in order to know in extend the program is effective. This study aims to describe the effectiveness of the teachers-students social interaction in early childhood inclusion program. It is an evaluative research by focusing on the learning process, including aspects of plan, implementation, and assessment. There are 119 respondents, who are headmasters and teachers of Kindergarten, involved in this study. Data are collected through questionnaire that have been tested for being validated. The result shows that social interaction of teachers and students are: (1) positive from the aspect of planning with F + = 53.781% and F─ = 46.218%, (2) not effective in the aspect of implementation with F + = 47.058% and F─ = 52.941%, and (3) not effective social in the aspect of evaluation with F + = 42.857% and F─ = 57.142%. It can be concluded that the social interaction of teachers and students in inclusion early childhood education program in is less effective (+ ─ ─). The teacher-students‘ social interaction as pivotal aspect of learning process, especially for special need students, needs to improve.</jats:p>",program evaluation; social interaction; teacherstudent relations; early childhood inclusion; special education,
047-610-793-354-697,Co-Teacher Relationship and Program Quality: Implications for Preparing Teachers for Inclusive Preschool Settings,2001,"<jats:p>Because co-teaching is the most widely used inclusion model, identification of the skills necessary for successful co-teaching is pertinent to teacher preparation in both early childhood education (ECE) and early childhood special education (ECSE). This pilot study considers one aspect of co-teaching; how the co-teachers related to one another. Specifically it explores associations between co-teachers' perceptions of similarity (in philosophical beliefs, personal characteristics and traits, and professional style) with one another and two quality outcomes. The outcomes are (a) quality of the preschool environment, as measured by the Early Childhood Environmental Rating Scale (ECERS), and (b) child engagement. With disability status controlled for, there was a significant relationship between the co-teacher relationship and one of the program quality measures; quality of the environment. The findings are discussed in terms of implications for teacher preparation.</jats:p>",,
047-768-747-757-479,Advancing research on children with speech-language impairment: an introduction to the Early Childhood Longitudinal Study--Kindergarten Cohort.,2010,"Purpose The Early Childhood Longitudinal Study—Kindergarten Cohort (ECLS–K; U.S. Department of Education, 2000) includes comprehensive assessments of home, classroom, and school contexts and developmental outcomes for a nationally representative sample of more than 20,000 children who began kindergarten in 1998–1999. The purposes of this article are to describe the ECLS–K and provide an example of how to use these data to advance speech-language-hearing research. Method Special education questionnaires were analyzed from subsamples of children with diagnosed disabilities. The frequencies of different disabilities at kindergarten, 1st, 3rd, and 5th grade were calculated, and for children whose primary diagnosis was speech-language impairment, special education experiences were summarized. Results There are relatively large subsamples of children with learning disabilities, physical disabilities, and speech-language impairments. Among children with speech-language impairments, there is substantial variabili...",secondary analysis; Early Childhood Longitudinal Study; speech-language impairment,"Biomedical Research/methods; Child; Child Development; Child, Preschool; Cohort Studies; Data Mining/methods; Databases, Factual; Developmental Disabilities/epidemiology; Education/methods; Education, Special/methods; Family; Humans; Language Disorders/epidemiology; Learning Disabilities/epidemiology; Longitudinal Studies; Schools; Speech Disorders/epidemiology; Surveys and Questionnaires"
047-808-220-060-02X,Early Childhood Education: The Relationship between Ethics and Respect,2024,"<jats:p> This essay explores the relationship between ethics and mutual respect from multiple perspectives and the role of teachers in providing equal education. The ethical significance of respecting others is widely acknowledged. Early childhood to adolescence is a crucial period for establishing social and ethnic identity as well as ethical and respectful attitudes. In education, it is essential to support minority groups, eliminate racism, pay attention to the education of children with disabilities, and value Aboriginal education. For instance, teachers should promote children's sense of self and dignity, choose books from different countries to foster moral and respectful relationships, avoid racism in the classroom, provide equal opportunities for children with disabilities, and respect Aboriginal culture. In conclusion, children should develop an ethical sense of inclusiveness and respect from an early age to establish a diverse, fair, and respectful social environment.</jats:p>",,
047-815-371-612-042,Disabilities in Early Childhood: How Prepared Are Educators?.,2010,"In the state of Indiana, early childhood educators are not required to attain any pre-service education. Typically this means that the people working day to day with children have not been trained to do so, and if there is a child with a disability in the classroom the educators are especially unprepared. The purpose of this research was to discover where early childhood educators receive their information regarding including children with special needs, as well as explore what further educational opportunities are sought by these educators. Two hundred eighty three early childhood educators were surveyed in regards to their educational background on disability related topics as well as their confidence on the current implementation of inclusive practices at their facilities. Thirty seven surveys were completed and analyzed for data collection. The results indicated that while many of the professionals surveyed had background knowledge about disabilities few were confident in their abilities to make appropriate adaptations and modifications within their childcare environment. The results showed that the majority of respondents (n=21) believed they need more specific training on helping children with ADHD in Disabilities in Early Childhood iii their classrooms, even though that same number of respondents have already received training on this topic. The results also indicated that respondents felt they need more specific training on helping children with autism (n=20), sensory processing disorders (n=18), Down Syndrome (n=17), and challenging behaviors (n=14) to be successful in the classroom. The reasons why educators are not properly prepared to educate all children as outlined in many federal mandates was investigated, and also the ways in which general educators are being assisted within their classrooms with the children with special needs placed in their care. (Contains 13 tables) Disabilities in Early Childhood iv Table of",,
047-826-451-740-662,Meddling with Mosaic: reflections and adaptations,2020,The Mosaic approach has been used as a form of participatory research for over two decades. It has been popular with researchers in the early childhood education and disability sectors because it e...,,
048-065-520-531-526,Special Educational Needs and Disabilities in Early Childhood Education (Egypt),2019,,,
048-133-036-198-428,Preservice Teachers’ Attitudes Toward Inclusion in Early Childhood Classrooms: A Review of the Literature,2021,"The purpose of this article is to describe what has been learned over the past 20 years of research on general early childhood preservice teachers’ attitudes toward inclusion. An extensive literature review was conducted to critically examine the purposes that guided the reviewed studies, the methods used to measure preservice teachers’ attitudes toward inclusion, and the major findings of these studies. A total of sixteen studies were identified. Results of this review revealed that general early childhood preservice teachers held positive attitudes toward inclusion. However, they had mixed feelings toward their preparedness for working with children with disabilities, especially those children with severe disabilities or challenging behaviors. Related to factors (e.g., course work, field experience) that influenced the teachers’ attitudes, there were mixed findings. The methods the researchers used varied, although most studies included surveys or interviews. Gaps in the literature and implications for future research and practice are discussed.",,
048-226-246-800-280,Neuropsychologic (cognitive) disabilities in long-term survivors of childhood cancer.,1991,"Intelligence and academic achievement testing of long-term survivors of childhood cancer reveal a high incidence of memory deficits, visual-spatial skill impairment, and attention deficit disorders. While the results of various studies must be interpreted carefully, the data available identify CNS irradiation and the toxic synergism of CNS irradiation and intrathecal chemotherapy as primary etiologic factors in the neuropsychologic sequelae of curative therapy. Early education intervention is mandatory to identify survivors of childhood cancer who require assistance in overcoming intellectual disabilities.",,"Attention Deficit Disorder with Hyperactivity/etiology; Brain Neoplasms/psychology; Central Nervous System/drug effects; Child; Cognition Disorders/etiology; Developmental Disabilities/etiology; Education, Special; Follow-Up Studies; Humans; Precursor Cell Lymphoblastic Leukemia-Lymphoma/psychology"
048-229-744-459-55X,A Study on Collaborative Team Approach Experience and Perception between Early Childhood Special Education Teachers and Related Service Personnel at Inclusive Daycare Centers: With a Special Reference to the IEP Implementation,2022,"<jats:p>The purpose of this study is to examine the experience and perceptions of the collaborative team approach and how to support the needs of early childhood special education teachers and related service personnel to implement effective Individualized Educational Plans (IEPs). In this study, a focus group interview was conducted with six special education teachers working at national inclusive daycare centers and special education-related service personnel who have experience of collaborating with special education teachers while working at therapeutic institutions for young children with disabilities. The results demonstrate that nine upper categories and 18 lower categories were derived in the special education teachers’ group, and nine upper categories and 21 lower categories were derived in the related service personnel groups. In terms of the collaborative team approach, there was a difference in perception and experience of IEPs between both groups. With regard to IEP implementation, both groups had experienced difficulties with communication and support, while they expected each other to support their roles as information providers for the development of young children with disabilities. In addition, the results also highlighted that efforts are required to acknowledge each other’s expertise, building a cooperative network, and institutional improvement in order to implement a collaborative team approach. This study is meaningful because it not only identifies experiences and perceptions of collaborative team approaches between special early childhood education teachers and related service personnel for effective IEP implementation, but it also examines how to enhance the collaborative team approach and make improvements to practice and agreed education.; </jats:p>",,
048-380-401-597-346,Early Childhood Inclusion: Teacher Perception of the Supports Needed to Fully Include Children with Special Needs,2000,"Inclusion of children with disabilities in early childhood settings remains a goal for many early care and education centers and professionals. In this study, the perceptions of supports needed to accomplish this goal were examined. Early childhood teachers from a university-based child care center, which is inspired by the schools in Reggio Emilia, Italy, were interviewed and asked to explore their feelings and thoughts on fully including children with disabilities in their classrooms. An examination of their perceptions led to the identification of four major themes: a) everyone is valuable in the classroom community, b) additional training is needed, c) support from administrators, peers, specialists, and therapists, d) experience fosters success. From these themes the researcher found that teachers felt support from administrators(staffing, policies and procedures, time for meetings), peers, and on-site consultants, additional training, and an over arching philosophy of accepting differences were crucial to successful inclusion. The participants also indicated that all new teachers, whether in pre-service or through inservice should have access to these supports and be provided with information about the benefits and positive experiences of others who have included a child with a disability into their classroom. This study will add to the continuing discussion of early childhood inclusion and provide additional information for programmatic decision making within a",,
048-437-318-381-282,Early Childhood Intervention Services in India,2021,"Early childhood development is determined by intrinsic and environmental factors. Development is variable and rapid in early childhood and influenced by many factors. Delay in achievement of milestones beyond a certain age indicates underlying health complications. Early intervention is a set of coordinated services and support systems that are available to infants and young children with developmental delays and disabilities and their families that aim at maximizing the developmental and health outcomes of children. Early intervention may be in the form of physical and occupational therapy, speech therapy, behavioural education and play therapy. Early intervention is more beneficial and cost-effective if provided early than at a later stage in life. In India, policies for early intervention are disconnected, with services being offered through the District Early Intervention Centres of the Rashtriya Bal Swasthya Karyakram, and programmes of the National Trust. This article describes early intervention services in India. Considering the magnitude of childhood disability in the country, the article identifies that there is a need to focus on developing integrated services for children needing these services.",,
048-607-267-123-572,Early Childhood Educators' Perception Of Their Training And Support Needs For Inclusive Education,2013,"Inclusion literature is multifaceted; demonstrated by variation in meaning and interpretation of the concept. Within the body of literature on inclusion, educators' perceive training and support needs as key barriers to practicing inclusive education. The current study explores the perceptions of twenty early childhood educators across Toronto, Ontario about their own training and support needs for enacting inclusive education. A qualitative interview method, and triangulation with two questionnaires were used to collect data. The social model of disability was the theoretical framework that guided the research project. Major themes came from the topics identified in the literature and elicited through interview questions. Several subthemes also emerged during data analysis. Results of the thematic analysis suggest that opportunities for ongoing training and more access to resources are sought by educators and might increase confidence in their ability to include children with disabilities in their programs. Recommendations for future research and practice are discussed.",,
048-645-267-473-641,"The student profile, service delivery model, and support practices of four early childhood intervention environments in Singapore",2014,"The student profile, model of service delivery, and support practices for young children with disabilities receiving early childhood intervention (ECI) in Singapore is reported and contrasted in this study. The supervisors/managers/principals of eight Early Intervention Programme for Infants and Children (EIPIC) centres, eight Integrated Child Care Programmes (ICCP), six privately run ECI centres, and 65 preschools participated in this study. Overall, autism spectrum disorder was the most commonly reported diagnosis in this study. EIPIC and privately run ECI centres supported mostly children with disabilities (frequently those with more severe disabilities) and provided more specialized education and therapy support, whereas ICCPs and preschools educated them alongside typically developing peers. EIPIC centres provided the most resource and teacher support for young children with disabilities. Issues pertaining to the reported rates of disabilities among the young children and support models/practices are...",Early intervention; student profile; service delivery model; support practices; Singapore,
048-794-534-580-02X,"Early Childhood and Disability, Some Preliminary Reflections",2009,"The importance of early investment on disabled children is discussed with reference to the social model of disability, following the mainstreaming approach of discussing issues related to disabled children within the general context of issues related to children. Data on child early education and evidence on its effects on child development and achievements are presented, emphasizing both cognitive and non cognitive results; the relevance of both these aspects is stressed for the social inclusio of people with disabilities. Government involvement in the early education of disabled children is advocated both on efficiency and on distributional grounds, as households with high time preference rates are likely to under invest in the human capital of children with disability, with subsequent individual and social losses. A picture of the different concern of international institutions for early childhood disability is drawn, and the delay in identifying disability in Italy is shown.",,
049-166-721-942-910,An Analysis of Trends in Research on Human Rights Education for Young Children and The Direction of Human rights Education for Young Children with Disabilities,2017,,,
049-415-348-005-957,Beyond Early Identification of Children’s Abilities and Disabilities,1982,"The term “early identification” is typically used to refer to the identification of children at an early stage in their schooling, usually because these children present problems for the school system. This early discernment of problems is intended primarily to reduce, by early remediation, the number of children who might later require “special educational help.” This traditional view of early identification has a connotation of the “different,” the “special” and the clinical (psychological or medical) rather than of general education.",,
049-949-527-291-764,Is the Role of the School Psychologist in Early Childhood Truly Expanding? A National Survey Examining School Psychologists' Practices and Training Experiences,2018,"ABSTRACTHistorically, the role of school psychologists in early childhood settings has been limited to the identification and evaluation of children who may be in need of special education services under Part B of the Individuals with Disabilities Education Act. It has been suggested that the role should reflect a more proactive model; specifically, it should continue to expand to include involvement in school readiness and early intervention for all students. The purpose of this study was to examine the present role of school psychologists in early childhood settings and investigate the graduate-level training provided to school psychology graduate students. Results of the survey found that a significant percentage of school psychologist practitioners continue to spend a substantial portion of their professional time completing special education evaluations. Furthermore, respondents reported minimal to moderate graduate training in the area of early childhood populations. Implications for school psycholo...",,
050-169-435-642-270,Inclusion in Early Childhood Services: Ongoing Challenges:,2002,Inclusion for children with disabilities is well-established in Australia and receives commonwealth and state government funding. The international literature describes potential service models for...,,
050-269-520-668-203,Early Childhood Special Education Teachers' Perspectives on Young Children with Disabilities,2016,,,
050-706-532-715-946,Enhancing Teachers' Content Delivery to Children with Disabilities Using ICT-Based Technologies to Promote Inclusive Early Learning in Kenya,2025,"<jats:p>Inclusive education is essential for ensuring equitable learning opportunities for all children, including those with disabilities. However, in Kenya, teachers often struggle to deliver content effectively to learners with diverse needs due to limited resources and inadequate training. This study explores the potential of Information and Communication Technology (ICT)-based technologies to enhance teachers’ content delivery and promote inclusive early learning. Using a mixed-methods approach, the research examines barriers to inclusive education in Kenyan early childhood settings and evaluates the effectiveness of ICT tools such as interactive apps, assistive devices, and digital storytelling in improving engagement and learning outcomes for children with disabilities. Data was collected from 30 early childhood educators in Nairobi and Kisumu counties through surveys, interviews, and classroom observations. Findings reveal that while teachers recognize the benefits of ICT, challenges such as limited device access, inadequate training, and infrastructural constraints hinder effective implementation. The study highlights successful case studies where ICT integration has fostered participation, personalized learning, and teacher confidence in inclusive classrooms. Based on the findings, the study recommends policy reforms to support ICT adoption, targeted teacher training programs, and public-private partnerships to improve resource availability. This research underscores the transformative potential of ICT in bridging the inclusivity gap in early childhood education and advocates for a systematic approach to technology integration within Kenya’s educational framework.</jats:p>",,
050-721-740-102-680,An Autoethnography on Experience of Care Consulting for Children with Disabilities,2019,,,
050-899-798-450-264,Introduction: Disability Studies in Education—Critical Conversations,2020,"This special issue of the Canadian Journal of Disability Studies brings together 19 articles by scholars and activists across broad academic disciplines and activist communities— from disability studies to inclusive education, early childhood education, decolonial studies, feminist anti-violence organizing, community health and more—as well as geopolitical locations.",,
050-907-672-647-421,Children with autism can express social emotions in their drawings,2018,ObjectivesThe study aimed to examine the ability of children with an Autism Spectrum Condition (ASC) to depict social (pride and shame) vs. basic (happiness and sadness) emotions in their human fig...,autism; children; drawings; social and basic emotions,
050-967-266-216-92X,The Costs of Preschool Inclusion.,2001,The purpose of this study was to examine the instructional costs of inclusive and traditional noninclusive special education services for preschool children with disabilities. Cost information was ...,,
051-061-242-487-325,Learning disabilities in long-term survivors of childhood cancer: concerns for parents and teachers.,1991,"Today more and more children are surviving childhood diseases that had been fatal in a previous generation. Medical advances and technology allow most children with cancer to enjoy long-term survival and cure. Research studies now show that there are late effects of treatment that affect growth, development, and cognitive functioning. Parents and teachers of long-term survivors of childhood cancer share concerns about deficits in cognitive functioning as it affects learning in school. Childhood cancer and the literature on cognitive late effects of treatment are discussed. Recommendations are made for early psychological evaluation and appropriate educational intervention.",,"Child; Child, Preschool; Education, Special/methods; Evaluation Studies as Topic; Humans; Learning Disabilities/diagnosis; Neoplasms/complications; Parents; Research; Survival Rate"
051-250-254-711-139,"Dominant Narratives, Subjugated Knowledges, and the Righting of the Story of Disability in K-12 Curricula.",2019,"Dominant stories, as upheld through K-12 curricula, are influential in reproducing systems of power and privilege in schools and society. In this article, we suggest that stories of people with dis...",,
051-522-389-427-481,Special educational needs and disabilities in early childhood education (Mexico).,2019,,,
051-704-266-475-413,Working and disability expectancies at old ages: the role of childhood circumstances and education,2020,"<p>The ability to work at older ages depends on health and education. Both accumulate starting very early in life. We assess how childhood disadvantages combine with education to affect working and health trajectories. Applying multistate period life tables to data from the Health and Retirement Study (HRS) for the period 2008-2014, we estimate how the residual life expectancy at age 50 is distributed in number of years of work and disability, by number of childhood disadvantages, gender, and race/ethnicity. Our findings indicate that number of childhood disadvantages is negatively associated with work and positively with disability, irrespective of gender and race/ethnicity. Childhood disadvantages intersect with low education resulting in shorter lives, and redistributing life years from work to disability. Among the highly educated, health and work differences between groups of childhood disadvantage are small. Combining multistate models and inverse probability weighting, we show that the return of high education is greater among the most disadvantaged.</p>",,
051-729-439-183-736,Understanding Preservice Teachers' Reluctance to Use of Online Learning Platforms to Teach Individuals with Intellectual Disability,2022,"<jats:p>This study investigated the reluctance among pre-service to adopt online learning platforms to teach students with intellectual disability.  This study consisted of pre-service teachers.  The qualitative phenomenological research method was used to examine pre-service teachers' reluctance to adopt online learning platforms to teach students with intellectual disabilities.  In-depth interviews were conducted with pre-service teachers at the Faculty of Education, University of Ibadan.  Seven respondents selected using a convenient sampling technique participated in the study; respondents were referred to as Participant 1 to Participant 7 for the purpose of anonymity.  Collected data were transcribed and analysed using ATLAS.ti version 22, a computer-aided qualitative data analysis software.  Based on participants' responses, four major themes were generated on the perception: opportunities to access various learning platforms, no special provision for learners with intellectual disability, the possibility of learning biases, and ineffective learning methods. Based on the evidence presented here, individuals with ID will not be able to access online learning platforms to the same degree as others within society.</jats:p>",Preservice teachers; online learning platforms; individuals with intellectual disability,
051-894-659-633-371,'Embracing everybody': Approaching the inclusive early childhood education of a child labelled with autism from a social relational understanding of disability,2016,"This study investigated educators' attitudes towards the inclusion of a child labelled with autism in a mainstream early childhood education and care (ECEC) setting in Australia. The article provides an overview of three perspectives from which disability in inclusive early childhood education can be approached: the medical model of disability, the social model of disability and the social relational understanding of disability. Findings showed that when educators' beliefs and practices aligned with a social relational understanding of disability, inclusion for a child labelled with autism was facilitated. It is argued that inclusion in early childhood settings can be fostered when educators recognise and dismantle barriers to doing and barriers to being, and view inclusion as ordinary practice.",,
051-932-014-430-416,Enabling the exercise of choice and control: How early childhood intervention professionals may support families and young children with a disability to exercise choice and control in the context of the National Disability Insurance Scheme,2017,THE NATIONAL DISABILITY INSURANCE Scheme (NDIS) is progressively being implemented across Australia. The Scheme aims to more equitably and sustainably support families and young children with a dis...,,
051-973-802-508-318,A Study on the Improvement Directions of the Education and Care Finance System for Infants and Early Childhood with Disabilities,2006,,,
052-100-252-798-755,Parental Judgments of Early Childhood Intervention Personnel Practices: Applying a Consumer Science Perspective.,2014,Parents of young children participating in either Individuals With Disabilities Education Act (IDEA) Part C early intervention or IDEA Part B-619 preschool special education programs were surveyed ...,,
052-539-901-606-364,Primeros pasos hacia la inclusión: actitudes hacia la discapacidad de docentes en educación infantil,2018,"It is considered that the most effective way to create a more just and egalitarian society is an inclusive school that guarantees all children, regardless of their characteristics and educational needs, the right to quality education (UNESCO, 1994). One of the essential elements when conducting an educational inclusion is the attitude of teachers. Therefore, the aim of this study is to analyze the early childhood education teachers’ attitudes toward students with special educational needs. To this end, it was applied the scale ot attitudes towards disabled people to 78 early childhood education teachers, from 14 centers in the province of Granada (Verdugo, Jenaro& Arias, 2002). From the results it can be concluded that there is generally a positive attitude towards disability, being teachers of second cycle of early childhood education those with more positive attitudes. The results are discussed, and we conclude that we offer a pioneering study in its field, since no research has been found that addresses both cycles of Early Childhood Education. This allows to analyze if the teachers of this stage have the necessary training to carry out a quality education for all the students. The need to focus on this stage lies in its preventive nature, because the inclusive education as prevention for social exclusion is the most effective means of combating attitudes of discrimination (Echeita, 2006).",actitudes; discapacidad; diversidad; educación de la primera infancia; educación superior; profesorado attitudes; disability; diversity; early childhood education; higher education; teachers,
052-652-729-195-691,Practices for Young Children With and Without Disabilities A Comparison of DEC and NAEYC Identified Practices,1993,"Only recently has there been a set of practices that represents consensus of professionals and consumers in the field of early childhood special education and early intervention relative to useful practices. In this article, practices identified through the work of the Division for Early Childhood (DEC) Task Force on Recommended Practices are compared with practices identified through the work of the National Association for the Education of Young Children (NAEYC). This comparison of accepted practice identified by DEC and NAEYC points out both similarities and differing emphases that exist in the areas of inclusion, family involvement, assessment, program planning, curriculum and intervention strategies, service delivery models, and transition.",,
052-777-886-304-838,Perspectives on early childhood education : contemporary research,2005,Fifteen original research accounts are described by the experienced early childhood professionals who carried them out. The research focuses on early childhood services and settings; gender and disability issues in provision and play and on how adults influence children s learning. Each account also identifies methodological issues and suggests further reading. The contributors work in a variety of settings and services in and outside the UK. The issues researched include: playgroups in the 21st Century; practitioners responses to legislative change; the involvement of qualified teachers in voluntary pre-school; transferring from a Montessori nursery to a state reception class; men in the early childhood workforce; gender discourses in children s homes;gender through the eyes of girls;including young children with disabilities;working with under threes;children s drawings;children s reading choices;adults perceptions of play;children s acquisition of thinking skills;reflective practice in early years work.The book is written for students researching in the ever expanding field of early childhood education and care and for the wide range of practitioners seeking to underpin their practice with current research.,,
053-179-504-897-452,Mexican American Mothers' Beliefs About Disabilities Implications for Early Childhood Intervention,2000,"The concept of family-centered, culturally responsive practices in early childhood intervention is based on principles of respect for and acceptance of each family's ethnicity, culture, language, and worldviews. Parental beliefs and expectations about children's development tend to reflect cultural perspectives of their community, and may differ from those espoused by professionals who serve them. In contrast to deficit-oriented interpretations often attributed by professionals to such disparities, sociocultural theory offers a framework for understanding beliefs in their cultural context. Using examples from a study of Mexican American mothers' beliefs about their children with language disabilities, this article interprets the mothers' views about language and disability from a sociocultural perspective and discusses implications for early childhood intervention.",,
053-224-767-725-820,Effectiveness of IFSP on the education of children with Intellectual disabilities in early childhood special education: A scoping review,2025,,,
053-387-136-419-508,Effects of an Inclusive Childcare Capacity Building Program on In-service Teachers' Teaching Efficacy and Attitudes towards Inclusion,2024,"<jats:p>An inclusive childcare capacity building program was designed to enhance teacher efficacy and attitudes toward the inclusion of childcare teachers. A total of 36 teachers working in childcare facilities in Gyeonggi-do participated in this study. Nineteen teachers were assigned to the treatment condition and 17 teachers were assigned to the control condition. The program explicitly addressed 15 topics, including screening and diagnosis, early development, characteristics of disability, family support and related services, IEP, and online site observation. The program was primarily delivered by field professionals using adult learning techniques such as small group activities, reflective journal writings, and online consultation. Teachers in the treatment group outperformed teachers in the control group on three measures of teacher efficacy, teacher play efficacy, and attitudes toward inclusion. The results were statistically significant. The increase in teacher efficacy, play efficacy, and attitudes toward inclusion of teachers was attributed to the well-designed program, encompassing early development, disability characteristics, small group discussions, and online support. The results highlight the importance of providing and disseminating a capacity building program for in-service teachers.</jats:p>",,
053-507-856-415-795,Global Education Diplomacy and Inclusion in Developing Countries: Lessons From West Africa,2014,"Improving education equity and quality is a major focus of global developmental movements. Within that overarching goal, educators and advocates around the world are working to ensure children with special needs receive a quality education. For many, this means pursuing programs of inclusion. The author of this article uses the tools of education diplomacy being shaped by the Association for Childhood Education International to discuss the influence of local religious and cultural practices on the education of children with disabilities, the dominant models of disability, and the differences in conceptualizing inclusive education across the world. The article highlights the need to take an approach informed by education diplomacy when advocates of inclusive education seek to collaborate with various stakeholders in the fields of early education and special needs education.",,
053-548-346-598-756,Perceptions of Faith Leaders on the Inclusion and Participation of Individuals with Disabilities in Their Communities,2021,,,
054-149-972-738-443,Early Childhood Inclusion in Croatia.,2016,"This paper explains early childhood inclusion in Croatia from its beginnings up to challenges in current policy and practice. The first preschool education for children with disabilities dates back to the 1980s and was provided in special institutions. In the last 10 years, mainstream kindergartens have been enrolling children with disabilities but unevenly in different Croatian regions and also with a different quality of support. The lower economic potential of the rural and smaller local communities adversely influence the possibility of organizing support for children with disabilities in general, especially in an inclusive setting. The great challenge in analyzing the quality of early childhood inclusion in educational settings is the lack of reliable sources of data and evaluation research. Main challenges in early childhood inclusion and future directions are discussed.",,
054-264-366-941-277,Living as a teacher in a kindergarten of disability in integrated classroom with no special educational teacher,2015,,,
054-275-178-235-133,When Believers Encounter Early Intervention,2014,"This paper explores a point of contact between religion, spirituality, and the care of very young children with disabilities: the assessment interview and team meeting. One case study is presented, and interpreted in a contrast between biomedical and interactional models of disability (Smart & Smart, 2006). Issues are addressed in the larger context of the relationship between religious values and early intervention, and implications for training of interventionists.",,
054-409-419-793-998,Theorizing Feminist Ethics of Care in Early Childhood Practice,2019,"<JATS1:p>This book responds to a growing academic interest in theorizing care and care work in the early childhood education and care (ECEC) sector. The contributors theorize a new feminist ethics of care in everyday early childhood practice, revealing its complexities and importance. Drawing on feminist theories and philosophies, the chapter authors show how the caring practices of early childhood educators involve values, emotions, decision-making, action and work. Using cutting-edge theory, authors address the social locations and the inclusion and exclusion of both care givers and care receivers. With contributions from Belgium, Canada, New Zealand, the UK and the USA, the volume brings together early childhood studies, sociology, psychology, philosophy and critical disability studies to offer diverse perspectives on feminist ethics of care in early childhood practice and its possibilities and dangers.</JATS1:p>",,
054-749-949-611-486,Involving families in training early childhood educators: Developing a framework for family centeredness,2001,"Abstract More early childhood programs are including young children with disabilities, thereby creating inclusive environments. In order to adequately prepare personnel for working in these inclusive settings and because of the major focus on family involvement, teacher preparation programs have developed competencies related to family centered practices. One of the most valuable methods for assisting students in developing a family‐centered philosophy is to involve families in the training process. Families of children with disabilities already have much experience in dealing with the many diverse services provided to young children such as, medical staff, social service agencies, specialists (i.e., physical therapists, occupational therapists), early interventionists and teachers and therefore, could provide extensive learning opportunities for students especially from a parents’ perspective. While there are many advantages for involving family members in training activities, there are also some challen...",,
055-302-688-754-117,Parental Perceptions of Early Childhood Education Programming for Children With and Without Disabilities,2014,,,
055-324-756-721-139,Early Childhood Education for the Handicapped in the 1980's: Recommendations,1981,The author interviewed 13 specialists in early childhood education for the handicapped as to their opinions regarding and hopes for the field in the next decade. These interviews are analyzed and the results presented as a series of obtainable goals for the 1980's. The recommendations vary from suggestions for modification of training in universities and colleges to the establishment of family centers.,,"Child, Preschool; Persons with Disabilities; Education, Special/trends; Humans; Schools, Nursery"
055-539-963-289-682,Developmentally Appropriate Practice Appraising Its Usefulness for Young Children with Disabilities,1991,"Recently, many educators have advocated the use of the Developmentally Appropriate Practice approach in preschool programs for young children who are developing normally, as well as for young children with special needs. This article reviews the rationales and basic premises of both the Developmentally Appropriate Practice approach and early childhood special education. We highlight areas in which developmentally appropriate practice guidelines overlap those of early childhood special education. We also point out the insufficiencies of these guidelines for planning, carrying out, and evaluating early childhood special education programs. We provide a selective literature review to clarify issues that still separate the two areas and discuss the implications of these divisions for future integration efforts. Finally, we offer suggestions for standards that should guide the evaluation of all programs that serve young children with disabilities.",,
055-700-915-580-617,Children with and without disabilities in Finnish early childhood education,2017,This chapter focuses on the Finnish system with regards to early childhood education and deals with research on special needs and play.,,
055-962-593-282-755,A Commentary on Personal Thoughts on Early Childhood Special Education Research,2018,"Strain provides his perspective on four issues facing science and practice in early childhood and special education. He points to the need for (a) long-term functional research, (b) greater emphasi...",child development; disabilities and development delays; implementation; research methods,
055-999-417-833-764,Representations of disability from the perspective of people with disabilities and their families: a critical discourse analysis of disability groups on Facebook,2014,"Contrary to the growing body of research into views about and attitudes towards disability which has focused on the perspectives of non-disabled people, recent disability studies have been directed to the voices of people with disabilities and/or their families, by acknowledging an ‘epistemic privilege’ to them. In the present study, we use the posts of sensory and physical disability groups on Facebook as a lens to uncover the voices and experiences of people with disabilities and/or their families. The critical discourse analysis of the posts of disability groups on Facebook suggests that people with disabilities and/or their families do not constitute a homogeneous group of people being connected because of their common (bodily) condition. On the other hand, different representations of disability also suggest a different use of Facebook.",medical model; social model; affirmative model; systemic functional grammar; representations of disability,
056-462-169-218-696,Assessing Thai Early Childhood Teachers' Knowledge of Inclusive Education.,2014,"An ever-increasing number of children with and without disabilities are attending early childhood programmes and learning together. Early childhood inclusion considers all children with and without disabilities, and their families as full members of the early childhood community. Although many early childhood teachers accept the educational rights of children with disabilities and the core principle of inclusion – that early childhood learning programmes should provide for the needs of all the children in their centres, regardless of ability and disability, there remain significant barriers in terms of teacher professional knowledge in achieving these goals. In this article, we report a study on Thai preschool teachers' knowledge of inclusive early childhood education. Quantitative data obtained through a questionnaire were supplemented by teacher interviews. Both the quantitative and qualitative data focused on the teachers' assessment of their professional knowledge. Findings from this study can inform ...",,
056-588-726-650-056,Early childhood intervention: can we cooperate better?,2013,"Early childhood intervention is a support system for children with developmental disabilities or delays and their families. It is a socially and culturally based activity that in each country reflects a range of particularities of its historical development. This is also the reason why we can expect similarities in the countries in the Danubian region. But the first step toward the exploration of similarities and the improvement of cooperation is to know more about early childhood intervention in each country. In this presentation the current status of the interdisciplinary field of early childhood intervention in Croatia will be presented. In Croatia high priority is always given to parenthood, education and the healthy development of children, which probably explains a high interest in Early Childhood Intervention (ECI) that has been present from its very beginning in the early 1970s. Since that time it has been clear that early childhood is a vital time for children with disabilities to ensure access to intervention which can help them reach their full potential. However early support has been closely linked to medical settings and not family oriented enough. Most changes have been initiated in the past ten years by parents associations and university circles. Changes are connected with practice (implementation of family centered approach), with the training of experts through post-graduate university courses in early childhood intervention and with improved legislation in the social system. The goal of numerous initiatives has been to create conditions that will enable the parent to let go of his role of a co-therapist and become a parent again. The next step is seen in the creation of a generally available network of services open to all parents and their young children regardless of their type of developmental problem.",,
057-021-080-200-708,Attitudes of early childhood education teachers towards educational inclusion and the social adjustment of students with disabilities,2021,"<jats:p>Research shows that teachers' attitudes are a decisive element of the effective inclusion of students with disabilities, thereby conducive to the social adaptation of these students.; The aim of the study was to determine the relationship between teachers' attitudes towards inclusive education and the social adjustment of students with disabilities. The sample consisted of 79 teachers of early childhood education working in a mainstream school and having a student in their class with a decision on the need for special education. The study used the Multidimensional Attitudes Scale towards Inclusive Education and the Classroom Behaviour Inventory Preschool to Primary.; The results obtained in the study allow the conclusion that the positive beliefs of a teacher towards inclusive education (cognitive component of attitude) are most strongly associated with the social adaptation of a student with a disability. The conducted study showed that the teacher's readiness to modify the physical environment, his communication method and the methods of assessment with regard to the student's abilities and needs is related to the social adaptation of students with disabilities in a mainstream class. These aspects seem to be essential for the optimal functioning of a student with a disability in a mainstream class.; The role of teachers' attitudes towards inclusive education in shaping the social adjustment of students with disabilities was emphasized.</jats:p>",,
057-139-503-265-33X,"Evidence-Based, Empirically Supported, or Scientifically Unsupported? An Overview of the Research to Practice Gap in Early Childhood Special Education",2021,"<jats:p>Valid research is crucial for evaluating the effects of utilized practices, strategies, and interventions on learners with exceptionalities. In the United States, for the past several decades, considerable research and policies have focused on developing evidence-based practices (EBPs), evidence-informed programs, and other research-supported initiatives that intend to produce better outcomes for children with disabilities. However, past and current efforts to translate, transport, and close the research to practice gap have not successfully disseminated the growing list of evidence-based interventions, strategies, and programs routinely into practice. The gap between research and practice is particularly problematic in special education and early childhood special education (ECSE). Children and students with disabilities require highly effective instruction to reach their potential. This conceptual review paper provides an overview of EBPs in ECSE and elaborates on the research to practice gap and the related issues. The paper discusses the identification, implementation, and dissemination of EBPs that have been regarded as the challenges the field of ECSE faces in closing the research to practice gap. Finally, implications and recommendations for future research, practice, and policy are discussed.</jats:p>",Movahedazarhouligh; S.(2022). Evidence-based; empirically supported; or scientifically Evidence-based practices; special education; early childhood special education; research to practice gap Ed.; Leadership; Policy; and Advocacy in Early Childhood. Department of Early Childhood; Elementary; Middle; Literacy; and Special Ed,
057-511-331-987-835,"Early School Performance for Students with Disabilities: Examining the Impact of Early Childhood Special Education, Parent Involvement, and Family Quality of Life.",2009,,,
057-785-689-552-850,"The Effects of Individualized Curriculum Based Inclusive Education Support Consulting on Early childhood teacher’s Teacher Efficacy, Interaction Behavior and Young Children with Disabilities’s Goals Attainment",2019,,,
058-196-558-493-628,Relationship between the Parenting Competence and the Family Resilience of Mothers of Infant with Disabilities,2016,,,
058-274-697-609-230,"유아특수교사의 배경변인에 따른 행복감, 교사효능감, 직무만족도에 관한 연구",2017,"This study was conducted to analyze the level of happiness, teachers"" efficacy and job satisfaction of early childhood special education teachers and determine the correlations between the variables. For the purpose, we conducted a questionnaire survey with 179 early childhood special education teachers working at the day care centers for the children with disabilities and the special school kindergartens in B city. The data collected were analyzed using SPSS 23.0. The results of this study showed that there was a statistically significant difference in the level of happiness, teachers"" efficacy and job satisfaction of early childhood special education teachers according to their backgrounds such as age, teaching career, type of organization, educational background. Also, A positive correlation among happiness, teachers"" efficacy and job satisfaction of early childhood special education teachers were found in this study. Finally, discussions of the results as well as implications of the study were provided.",,
059-459-826-676-753,Raising Children with Disabilities in China: The Need for Early Interventions.,2010,"In China, the national strategy for Early Childhood Care and Education (ECCE) is coherent with the national policy and the needs of children’s families. This policy has raised the public awareness of the value of early childhood education (ECE). However, there is a gap in services for children with disabilities. Based on the available sources, children with disabilities are viewed mostly as a social issue rather than as a medical/ rehabilitative issue. As a result, children with disabilities may have not received the attention or resources, as have children in regular education programs. This paper addresses different issues related to children with disabilities in China. In particular the authors have made the attempt to highlight the importance and fluidity of brain development in early childhood years in the context of identification and intervention. Recommendations are made for national policies related to early identification and intervention for all young children. Such policies are of the utmost importance for China as a country with rapid economical growth as well as having a large number of newborn babies who may be at risk for developmental delays.",,
059-748-447-831-021,A Qualitative Study on the Experience of Parents of Children Attending an Integrated Daycare Center for the Disabled Using Integrated Childcare,2024,"<jats:p>The purpose of this study is to understand the experience of parents of children attending integrated daycare centers for children with disabilities using integrated childcare. To this end, a qualitative research method was adopted, and in-depth interviews were conducted with 7 parents of children attending integrated daycare centers for children with disabilities in Gyeonggi Province, who were selected as the participants, and the data was analyzed according to the detailed steps of the structured analysis approach developed by Moustakas (1994). As a result of the study, 15 meaningful common statements were extracted, and the meanings clearly expressed in the meaningful statements were divided into related topic clusters and described as the essential structure of institutional factors, administrative factors, and teacher factors. The core meanings described below were identified and analyzed in depth. This study is expected to be used to reflect the needs of parents when preparing for the integration of children with disabilities by examining the common experiences of parents of children attending integrated daycare centers for children with disabilities and to establish guidelines for the direction of integrated daycare centers for children with disabilities at the time of preparing for the integration of children with disabilities. It is also expected to be used as a source of administrative support that can understand the needs of parents and resolve conflicts in the field of childcare and education, and as a starting point for motivation for teachers’ external and internal development.</jats:p>",,
059-786-462-277-361,Exposure to Media Violence and Young Children with and Without Disabilities: Powerful Opportunities for Family-Professional Partnerships,2008,"There is growing concern regarding the amount and type of violence that young children are exposed to on a daily basis. Through media, popular toys and video games violent images are consistently present in children’s lives starting at a very young age. This paper discusses (a) the growing presence of young children’s exposure to media violence, (b) the influence of media violence on early childhood development and well-being, (c) the impact of media violence on young children with disabilities, and (d) recommendations for addressing this national dilemma within the context of family-professional partnerships. A list of related web resources is also included.",Media violence; Young children with disabilities; Family-professional partnerships; Early childhood; Television and screen activities,
059-960-280-258-339,Early Childhood Special Educator Teacher Candidates' Journeys into the Profession,2025,"<jats:p>;                     Given a shortage of qualified early childhood special education teachers, attracting more individuals to the profession is an important task. I conducted a qualitative study examining early childhood special education teacher candidates’ (;                     <jats:italic toggle=""yes"">N</jats:italic>;                      = 13) journeys into teaching. I found that sociocultural contexts and past experiences, especially with disability and education, influenced teacher candidates’ decisions. Using the results, I discuss implications for U.S. teacher recruitment and preparation, with a focus on expanding access to the profession.;                   </jats:p>",,
060-083-959-454-188,Pre-school techers’ perception on inclusion of children with learning disabilities in early childhood education,2020,,,
060-470-643-816-381,Social Inclusion—The Next Step: User-Friendly Strategies to Promote Social Interaction and Peer Acceptance of Children with Disabilities:,2005,Research tells us that children with developmental disabilities and delays have reduced social interaction and reduced social acceptance by other children in comparison with their same-aged peers w...,,
060-512-764-250-604,Methods of Microcomputer Research in Early Childhood Special Education,1986,"In this article, selected studies are reviewed to examine the current conceptualization of microcomputer research in early childhood special education. Strengths and weaknesses of research methods being used to study the impact of microcomputers in early childhood special education are discussed, and recommendations are made for future research.",,
060-783-613-865-614,The Challenge of Pediatric AIDS A Framework for Early Childhood Special Education,1995,Providing early childhood special education services to children with human immunodeficiency virus (HIV) or acquired immunodeficiency syndrome (AIDS) is a challenge. This challenge requires flexibility and an awareness of best-practice recommendations for children with disabilities and special health care needs. This article provides a framework for early childhood special educators as they develop and implement service systems for this growing population of children.,,
061-054-902-444-927,Training Needs for implementing early childhood inclusion in China,2014,"This article focuses on assessing Chinese early childhood teachers' training needs for working with special needs children in regular classrooms in light of China's national policy requiring inclusive practices. The researcher recruited teachers from inclusion pilot kindergartens in Beijing to participate in the study. MANOVA results indicate that teacher perceptions of training needs did not differ in comparing their level of education, years of teaching experience, or class size. Descriptive statistics from the four subscales of the training needs survey data and interviews with special education teachers, principals, and early childhood teachers indicate that the teachers had the greatest need for training in the following areas: behavior management, the process of implementing individualized education plans, inclusion strategies, and communicating with parents and families. Finally the article discusses implications and recommendations for teacher preparation and future research.",Training needs; early childhood inclusion; Chinese kindergarten; children with disabilities,
061-783-203-250-39X,Promoting friendship development in inclusive early childhood classrooms: A literature review,2019,"The purpose of this literature review was to describe research findings related to how teachers could support friendships in inclusive early childhood classrooms, with particular interests in friendship development for young children with disabilities. This literature review was conducted to examine the following two questions: (a) How are friendships between young children with and without disabilities defined and measured? and (b) What teaching strategies and intervention programs does research recommend to promote friendships between young children with and without disabilities? The following criteria were used to determine the inclusion of articles: studies included teachers, were conducted in inclusive early childhood classrooms in the United States, had measures for friendships, and were published in peer-reviewed journals between 1990 to 2018. A total of eight studies were identified. The results of this review demonstrated that across all studies there were several common characteristics (e.g. mutual liking, spending time together) in defining young children’s friendships. The studies re- viewed also included various methods (e.g., surveys, interviews, observations) to measure friendships and suggested effective strategies and intervention programs that teachers could use to support friendship development. However, results also showed that teachers did not readily use the evidence-based practices. Based on the results, implications for future research and practices are discussed.",preschool; friendship; inclusive classrooms; disabilities or developmental delays,
061-865-856-784-769,Understanding the Significance of Successful Mainstreaming Practices for Young Kindergarten Children with Disabilities,2005,,,
062-075-278-242-801,A Study on Child Care Consulting Efficiency Plans of Child Care Centers for Children with Disabilities - Focusing on Perceptions and Needs of Child Care Staff,2017,,,
062-171-416-060-37X,"Early Childhood Intervention: Theory, Evaluation, and Practice - Early childhood intervention : theory, evaluation, and practice",1996,,Early intervention; policy; practice; Turkey; children,
062-234-389-793-126,Nuri Curriculum-Based math activities on the math ability of Young Children with Disabilities in Daycare Center Inclusive Class,2019,,,
062-370-032-732-255,Preservice Preparation of School Psychologists for Providing Related Services in Early Childhood Intervention: A University-Preschool Partnership,1994,"This article describes a model program for preparing school psychologists in the area of early childhood intervention. The implications of the Individuals with Disabilities Education Act of 1990 and the Education of the Handicapped Act Amendments of 1986 (P.L. 99–457, amendment to P.L. 94–142) for school psychologists are briefly discussed. The need for formalized training of school psychologists in the area of early childhood education and intervention is reviewed. A training model and preservice training grant to prepare school psychologists to work with culturally diverse preschool children are presented. Finally, challenges faced during the first 2 years of the program, as well as trainees' satisfaction, will be discussed.",,
062-462-793-164-06X,"School Factors Influencing Provision of Quality Early Grade Education for Pupils with Learning Disabilities in Nairobi City County, Kenya",2020,"A Research Thesis Submitted in Partial Fulfilment of the Degree of Masters of Education (Early Childhood Studies) in the School of Education, Kenyatta University. September, 2020",,
062-845-912-647-83X,Humor in Literature About Children With Disability: What Are We Seeing in Literature?,2014,AbstractThis article explores instances of humor in literature as it relates to children with disabilities and offers ways to help children and adolescents build an authentic understanding of disability and disability humor. The prevalent message in the books reviewed is that children with disability not only appreciate humor but also can produce various types of humor.,humor; disability; literature; children; adolescents,
063-125-209-018-32X,Education and Medical Professionals Collaborating to Prepare Early Childhood Teachers for Inclusive Settings.,2010,"Best practice in the early childhood special education field supports the inclusion of young children with special needs in natural learning environments, that is, in programs where children without disabilities of the same age and their families participate. Consequently, early childhood teacher education programs must prepare professionals to teach children who are diverse in physical, social, emotional, and cognitive abilities and needs. This article describes the first 3 years of collaboration between a university's early childhood teacher education program and a hospital's program for families of children with special needs. Using a transdisciplinary model, the mission of this partnership is to prepare a new generation of teachers who excel in helping children with and without disabilities thrive.",,
063-269-385-148-089,Systematic Modeling and Prompting to Teach Math Skills to Preschoolers With Disabilities,2021,Early math skills predict later academic achievement and are of critical importance in preschool. There also are discrepancies in early math skills of preschoolers with disabilities compared with t...,,
063-440-821-662-445,Dimensions of Family Involvement in Early Childhood Education.,1971,,,"Adult; Child, Preschool; Persons with Disabilities; Education of Persons with Intellectual Disabilities; Education, Special; Family; Female; Humans; Male; United States"
063-465-739-426-268,Family-Centered Early Childhood Special Education: Experiences and Needs of Families of Young Children with Disabilities Regarding Family Support,2004,,,
063-633-899-515-85X,Taking stock of special education policy & practice : a retrospective commentary,2009,Part One - Teaching and Learning Part Two - Social and Emotional Challenges Part Three - Significant Disabilities Part Four - Early Intervention / Early Childhood Special Education Part Five - Secondary Transition Education and Services Part Six - Technology Part Seven Policy.,,
063-805-396-760-720,An Ethnographic Study about Peer Relationship between Children with Visual Impairment and Children without Disability in a Reversely Inclusive Early Childhood Classroom,2010,,,
063-825-509-593-083,EVALUATING THE EFFECTS OF MEDITATION ON STUDENTS’ WITH DISABILITIES ON-TASK PERFORMANCE,,,Theses and Dissertations--Early Childhood; Special Education; and Rehabilitation Counseling Early Childhood; Special Education; and Rehabilitation Counseling 2020 Single-case design; Withdrawal Design; Multiple Probe Design; What Works Clearinghouse; Meditation,
063-868-984-500-077,Attitude Change Toward Disability in Pre-service Early Childhood Teachers: A Mixed-Methods Study,2025,"<jats:p>This study examined the effects of inclusive education experiences on pre-service early childhood teachers’ attitudes toward disabilities. Fifty-two students from G University participated in ten sessions of integrated activities with students from a special education school. A mixed-methods approach was used to analyze changes in disability attitudes. Quantitative results from repeated measures ANOVA showed significant improvements in five subdomains: general rejection, inferred emotional consequences, limitations on other capabilities, rejection of friendship, and anxiety during contact. Qualitative findings revealed reflections on professional identity and a shift toward more practical and inclusive teaching attitudes. The results suggest that short-term inclusive teaching experiences can promote meaningful attitudinal change. This study highlights the importance of integrating structured inclusive education opportunities into teacher preparation programs. </jats:p>",,
063-961-402-310-836,Transformed Understanding or Enlightened Ableism? The Gap Between Policy and Practice for Children with Disabilities in Aotearoa New Zealand,2013,"The concept of inclusion in the New Zealand legislative and policy environment is articulated in a liberal human rights discourse intended to redress past practices of segregation and exclusion. Such discourse has provided the early childhood sector with new ways to speak about disability and inclusion. There is, however, a growing body of evidence to show that how teachers speak about inclusion is frequently not reflected in practices in Early Childhood Education and Care (ECEC) settings. The emerging evidence reported in this article is drawn from an ongoing research project which, in part, examines the views of inclusion elicited through semi-structured interviews with teachers, owners and managers in long-day ECEC—the facilities designed to accommodate adults’ usual working hours. The larger study aims to examine tensions and complexities for teachers, owners and managers in long-day ECEC alongside the views and experiences of parents of children with disabilities. The concept of ‘enlightened ableism’ is introduced to frame an argument that teacher-speak, while overtly liberal, may be combining with a nervousness about disability and inclusion that raises challenges for progressing inclusive practice. Furthermore, current discursive contradictions between liberalism and neoliberalism in the sector appear to be contributing to some teachers’ uncertainty about ways to progress beyond the rhetoric of inclusion. The study is embedded in the Disability Studies literature and informed by Foucauldian theorising about discourse and power. This paper responds to the question: Has legislation and policy transformed understandings about disability and inclusion or merely provided an enlightened rhetoric, which serves to mask the continuation of ableist practices and thinking in the sector?",,
064-322-952-368-798,Mantuku (Manekin Tubuhku: As an Adaptive Media for Sex Education to Toddlers),2020,"Sexual assault to children in Indonesia or global has become a serious issue. Ideally, sex education is introduced since the children is in early age. Therefore, MANEKIN TUBUHKU (MANTUKU) is made as an adaptive technology for sex education to early childhood. This research includes a research and development uses ASSURE model which consists of (1) problem identification, (2) empirical studies, (3) replication, (4) synthesizing, and (5) reviewing. The implementation is done to normal and disability early age children in East Java Province. From the result of the research, it is concluded that MANTUKU is an effective adaptive technology which helps sexual education learning for early childhood.",MANTUKU; Early Age Sexual Education; Sexual Education Adaptive Technology,
064-636-366-261-105,Evaluating the Effectiveness of a Public School Prekindergarten Program for Children with Disabilities,2012,"A stratified sample of teachers was surveyed to determine their opinion about a Pre-k Program for Children with Disabilities. The results revealed that the teachers were satisfied with their students' progress, the support received from their administrators and district, and their ability to implement the curriculum to meet students' needs. Many pre-school children with disabilities and their families have been the recipient of services under the federal law passed in 1986 called the Education of the Handicapped Act Amendments or P.L. 99-457, which was later renamed the Individual with Disabilities Education Act of 1990 or IDEA (Florian, 1995). Since its inception, various studies have been done on the effectiveness of Early Childhood Special Education and how the delivery system can more effectively serve children with disabilities and their families across diverse populations (Barnett & Frede, 1993). Additionally, studies have found that early intervention services make a very noticeable difference in the lives of the children currently served (Odom, McLean, Johnson & LaMontagne, 1995). Methods have also been used to measure the effectiveness of Early Childhood Special Education such as parent interviews, teacher preparation programs, personnel knowledge and expertise, and observation of interaction with children (Barnett & Frede, 1993; Barnett, Macmann & Carey, 1992; File & Kontos, 1993; Le Ager & Shapiro, 1995; McCollum & Yates, 1994; Miller, 1991). Purpose of the Study The service delivery system in use depends on many factors such as children's needs, the structure set up by the local district, and personnel preparation. Also, as more researchers conduct studies in the field of Early Childhood Special Education, it is becoming clear that intervention must be fierce and early to be effective for children with disabilities (Odom, McConnell & Chandler, 1993; Odom et al., 1995). Different studies have used different methods to evaluate the effectiveness of early childhood special education programs. Miller (1991) used a survey in which she asked respondents to answer questions regarding their particular work sites. The questions measured the general knowledge of personnel working in those settings. Miller found that only one region in the U.S. out of five had more than 500/o of the respondents who could answer satisfactorily to questions on knowledge ·or theory of learning and development, reasoning behind assessments used on children and reasoning behind curriculum choices. Furthermore, other studies (Barnett et al., 1992; File & Kontos, 1993; Le Ager & Shapiro, 1995) have mentioned using individual student assessments to ascertain program effectiveness. However, these inventories tend to measure individual student achievement rather than the effectiveness of the program as a whole. Finally, other studies (Barnett & Frede, 1993; McCollum & Yates, 1994) have examined the connection between personnel preparation and program effectiveness. Results have been most promising in this area because the researchers have found that personnel knowledge of Early Childhood Special Education and awareness of program goals led to a closer match between",,
065-035-134-150-054,Social Interactions for a Young Child With Severe and Multiple Disabilities Through a Peer‐Mediated Intervention in Taiwan,2026,"<jats:title>ABSTRACT</jats:title>;                   <jats:p>;                     This study explored how a peer‐mediated intervention (PMI) conducted at an inclusive preschool in Taiwan encouraged social interactions and eliminated problem behaviors in a child with severe and multiple disabilities (SMDs). The author used a single‐subject experimental reversal design to analyze the case of a 6‐year‐old girl named Penny. Changes in Penny's social interactions and problem behaviors during the PMI were examined. When the PMI was introduced, Penny exhibited significant improvements in her social interactions and reductions in her problem behaviors, especially in the B;                     <jats:sup>2</jats:sup>;                     phase. Furthermore, positive feedback and support from Penny's parents and classmates bolstered the efficacy and acceptance of the intervention strategies. These findings demonstrate that a PMI can promote social engagement and eliminate problem behaviors in children with severe disabilities, thereby underscoring the importance of adopting such interventions more widely in inclusive educational settings.;                   </jats:p>",,
065-207-018-479-723,Early Childhood Preservice Teachers’ Attitude Development Toward the Inclusion of Children with Disabilities,2020,"The purpose of this study was to explore what Early Childhood Education (ECE) preservice teachers thought about inclusion and what factors influenced their attitude development toward inclusion, based on written reflections collected from 90 undergraduate ECE preservice teachers. Overall, the majority of the preservice teachers believed that inclusion was important and beneficial for both children with and without disabilities. However, some of the preservice teachers described concerns and challenges they might face when working with students with severe disabilities or challenging behaviors. Also, the majority of the preservice teachers reported that direct contacts with individuals with disabilities had a great impact on shaping their attitudes toward inclusion while several preservice teachers indicated that college courses and/or their family members influenced their attitude formation. The implications of the results and suggestions for future research and teacher education programs are discussed.",,
065-233-226-305-276,A History of Early Childhood Special Education,2016,This chapter provides a history of the relatively young field of early childhood special education. An overview of the evolution of services for young children with disabilities and their families as impacted by developments in public policy is provided. The establishment and activities of the professional organization for early childhood special education—the Division for Early Childhood (DEC) of the Council for Exceptional Children (CEC) – are highlighted. Advances in research that have informed both policy and services for children and families are followed from the 1800s to the present day.,,
065-386-469-230-464,Teachers' perceptions of their obligations to uphold education rights of young primary children with disabilities,2022,"<jats:p>Education is a fundamental human right. However, children with disability can experience greater exclusion accessing quality education compared with their peers. This thesis involved interviewing primary teachers to gain their perspectives of their rights and obligations. Using political philosophy to analyse the interview transcripts, it was found that participants’ understandings of rights obligations centred around: their knowledge of rights and rights documents, personal and professional experiences, and how they used moral reasoning. These findings provide a basis for supporting teachers to navigate the complexities of children’s rights to ensure access to high-quality education that supports holistic development for all children.</jats:p>",Children's rights; teachers' perceptions; teachers' obligations; inclusive education; disability; political theory; Rawls' Theory of Justice,
065-474-004-534-468,Special Educational Needs and Disabilities in Early Childhood Education (Turkey),2019,,,
066-431-441-657-42X,Supporting Early Childhood Special Education Personnel for Itinerant Service Delivery Through a State-Level Technical Assistance Project,2011,"An itinerant service delivery model takes early intervention and special education services to environments where young children with disabilities participate in their communities. Reconciliation of the mismatch that often occurs between recommended and actual practice requires support at all levels of the service delivery system, including professional development systems. The purpose of this article is to reflect on the use of a state-level technical assistance project as it relates to support and training for the provision of itinerant ECSE service. Those who provide professional development activities have a responsibility to ensure they apply research-based, adult learning principles that will effectively expand the knowledge and skills of those they seek to support and train. This article discusses the results of focus groups that were held to gather information related to training and supports early childhood professionals believed they would need to implement itinerant models that better reflected...",,
066-639-273-185-20X,Disability-Inclusive Early Childhood Care and Education in Tanzania: Exploring Challenges of Quality Nurturing,2025,"Background/purpose.Globally, early childhood care and education (ECCE) has become a national priority.In addition to fostering physical, emotional, social, and cognitive development, nurturing care in disability-inclusive ECCE helps shield young children from the harshest consequences of hardship.The purpose of this study was to examine the main difficulties in providing nurturing care in disability-inclusive ECCE.Materials/methods.A collective case study design served as the foundation for this qualitative study.A purposeful sample of 25 participants was selected.Focus groups and semi-structured interviews were used to collect data.Data was analysed in several stages using content analysis.Results.The findings showed that nurturing care was inadequately addressed, even when disability-inclusive ECCE was offered.In ECCE programmes, there were no effective inclusive practices to help children with disabilities reach their full potential.Conclusion.It was concluded that ECCE for children with disabilities was provided in a challenging environment that required immediate interventions.To make disability-inclusive ECCE a feasible procedure, school administration and other stakeholders should overcome the obstacles to nurturing care.",,
067-078-674-409-744,"Early childhood inclusive education in Thailand: a critical analysis of beliefs, knowledge, skills and practices",2020,"Recognising that inclusive education is critical to advancing All children’s development, social inclusion and future productivity, this doctoral thesis seeks to engage the field of Thailand’s early childhood inclusive education in a theoretical and practical conversation. Using Pierre Bourdieu’s conceptual tools (Capital, Field and Habitus), the study explores and critically analyses the facilitators and barriers to early childhood inclusive education in terms of teachers and education policy maker’s inclusive knowledge, beliefs, skills and practices in Bangkok, the capital city of Thailand. The conceptualisation from which this thesis is based, suggests that early childhood inclusive practice “exists in a social space given life through constant power struggles” (Eacott, 2010, p. 221). It is this contested space that defines the philosophy and practice of inclusive education, and arguably, teachers and policy makers’ everyday practices. Using a mixed method design underpinned by Bourdieuian eclectic methodology and analysis, the study found that the early childhood teachers have limited knowledge and understanding of inclusive education and practice which they have attributed to: (1) a lack of effective training in inclusive education (2) inclusive education for young children is a new educational concept and agenda in Thailand. The study further identified that although the policy makers agreed that legislation and policy on inclusive education is adequate, this is not backed by effective implementation in real practice. Teachers reported that they felt significant stress and helplessness in their classrooms when planning teaching to meet the learning and developmental needs of children with disability and those with additional education needs. The teachers attributed these stressors to not knowing what to do with children with disability in their classes in addition to supports that were not forthcoming in their teaching of children with disability. Furthermore, the study uncovered that relational and cultural-religious beliefs of reincarnation and hierarchical relationships posed barriers to inclusive education in the early years classrooms in Thailand. This means, a number of children in the early childhood settings that claimed to be inclusive, are actually in search of inclusion. The major implications glean from this study highlight the need for quality professional education, training and retraining of stakeholders (teachers, policy makers, support personnel etc) in leveraging knowledge and practice in educating children with disability/additional education needs. The study underscores the need for policy monitoring, flexibility in curricula, funding and novel ways of theorising issues of exclusion and inclusion. To accomplish these, the study provides a model to inform the development of a culturally relevant inclusive education for all young children in Thailand.",,
067-181-656-667-526,The Effect of the Strategies that Suggested in ‘The Teacher’s Guideline for 3-year-old Nuri Curriculum for Children with Disabilities’ on Social Interaction of Children with Disabilities: Case Study,2020,,,
067-596-246-517-378,INCLUSIVE EARLY CHILDHOOD EDUCATION FOR CHILDREN WITH LEARNING DISABILITIES,2025,"<jats:p>The prevalence of pupils with learning disabilities is quite high in Bayelsa State, Nigeria and this condition has not been accompanied with adequate treatment. In fact, an understanding of children with learning disabilities itself is still limited in the State. There are opinions for and against inclusion of children with learning disabilities. The aim of this study was to portray teachers’ knowledge and experience dealing with pupils with learning disabilities in inclusive early childhood education in Bayelsa State and its implication in providing learning accommodations and modifications for pupils with learning disabilities. Also to develop the capacity of teachers to make their classroom more inclusive for children with disabilities in the process provide all their pupils with an improved standard of education. The study adopted the descriptive survey design, observation and questionnaire was used for data collection. Observation used as guide in the form of a checklist of pupils with learning disabilities that arise based on the knowledge and experience of teachers and questionnaire along with the efforts of teachers to accommodate and modify learning. The findings of the study revealed that the teachers still do not understand how to distinguish between children with learning disabilities and children with difficulties in the classroom. Furthermore, the teachers provide curriculum adjustments as a part of learning accommodation and modification on the basis of the knowledge and experience they have. It was concluded that, inclusive education is every child’s right and should be free, compulsory, good quality and available in local communities. As much as possible, all children including children with disabilities should attend their local neighbourhood schools and learn alongside other children. Also, the above commitments means more and more children with learning disabilities in an inclusive classroom setup should be equipped with the necessary skills to accommodate and modify. Also the teacher training programme should be comprehensive enough to prepare teachers who are able to apply a specific body of knowledge within the unique integrated classroom setting.</jats:p>",,
067-618-196-924-606,Early Childhood Teachers Perception of the Critical Skills Required Entering the General Elementary School for Infants with Special Needs,2010,,,
067-884-774-394-523,A practical guide to early childhood inclusion: Effective reflection,2014,"In this book review, Gruenberg and Miller's book entitled ""a practical guide to early childhood inclusion effective reflection"" was reviewed. In the book preface, the authors indicate that there have dramatical changes in the field of special education and early childhood education during the past twenty-five years. Therefore, they focus on enduring and innovative practices in the inclusive programs and adaptations for children who are at risk or who have disabilities. The authors expected that this text will provide practical support to practitioners and teachers.",,
067-909-598-171-694,Facilitating the Participation of Children with Disabilities in Early Childhood Development Centres in Malawi: Developing a Sustainable Staff Training Programme,2020,"This article explores the development of a sustainable training programme supporting the inclusion of children with disabilities in early childhood, education and care (ECEC) centres in Malawi. This programme is based on a review of literature of curriculum, pedagogy and teaching approaches in ECEC in sub-Saharan Africa, alongside a review of national policy documents. The training was designed to enable staff to value the inclusion of children with disabilities in ECEC centres, as well as suggesting practical ways to do so. We set out our response to the gap in training of ECEC staff through the development of a supplementary integrated training programme, which, whilst respectful of the curriculum, policy and practice of Malawi, challenged staff to consider ways of including children with disabilities (CWD) and their families. We suggest this is a pragmatic and sustainable model that could be applied to training in other ECEC settings across the region in sub-Saharan Africa. It concludes with guiding principles for training those working in ECEC with young children with disabilities in low-income countries.",10.3390/su12052104 License: Creative Commons: Attribution (CC BY) Document Version Publisher's PDF  also known as Version of record early childhood education and care (ECEC); inclusion; disability; early childhood development (ECD); education training; Malawi,
067-975-019-943-393,"The Wiley Handbook of Early Childhood Development Programs, Practices, and Policies - Early Childhood Education and Care for Children with Disabilities",2017,,,
068-013-485-050-997,Righting educational wrongs: Disability studies in law and education:,2016,,,
068-163-642-041-546,An investigation of the effectiveness of the communication strategies used by Zambia Federation of Disabilities Organization(ZAFOD) in promoting early childhood care and development education (ECCDE) of children with disabilities in Community Schools of Mongu District,2015,"The study investigated the effectiveness of the communication strategies used by Zambia Federation of Disabilities Organisation in promoting Early Childhood Care and Development Education (ECCDE) of children with disabilities in community schools. The study was conducted in both community and government schools in Mongu District of western province.; It seems that children with disabilities have been highly affected by the way they are perceived and treated by communities. Many children with disabilities seem to be denied access to education because of the negative attitudes of their communities, teachers and the education system based on lack of awareness and understanding of the disabled. ; Data was collected through questionnaires, in-depth interview, focus group discussions and analysis of documents. Qualitative data was analysed thematically through identification of themes that emerged from data. The statistical Package for Social Sciences (SPSS 16.0) was used to generate descriptive statistics such as frequencies, percentages or tables. ; The study revealed that for children with disabilities to be effectively communicated to in Early Childhood Care and Development Education classes, there is need for a combination of communication strategies and channels such as television, radio, charts and other various print media but currently in all the schools surveyed, only print media was found.; The researcher recommends the following; employment of more teachers especially those trained in special education so that they can also handle children with special needs, there is need for a combination of communication strategies and channels in ECCDE classes and more sensitisation to parents and communities on the importance of ECCDE to children with disabilities should be done.",,
068-493-999-805-854,The Influence of Reactive Interaction Intervention in Free Choice Activity on Participation Behavior and Problem Behavior of Children with Developmental Disabilities,2019,,,
068-517-780-425-914,Current Issues in the Practice of Early Childhood Integrated Education and Care of Children with Disabilities : An Analysis of Setting Factors,1994,,,
068-743-806-917-243,Interaction Interventions for Young Children with Disabilities,2014,"Abstract; The intention is to introduce the conceptual framework proposed by Brown, Odom, and Conroy (2001) for the implementation of social interaction intervention. This tiered system organizes intervention strategies for early childhood professionals to make informed decision on how to promote social interactions of young children who are at risk for social competence difficulties in inclusive early childhood programs.",,
068-877-673-286-532,Elements of Successful Inclusion for Children with Significant Disabilities,2004,This study focused on the practices used by specialists and early childhood education personnel that contributed to the successful inclusion of 7 young children with significant disabilities who we...,,
068-913-978-356-154,A Basic Study on the Guardian Development of children with disabilities in decision-making skills and self-determination,2014,,,
069-039-525-915-732,Using adaptive designs to promote social interaction in an inclusive early learning environment:  one child's story,2021,"<jats:p>This qualitative research study employs narrative inquiry methods to both tell and explore the story of Zivvie (a pseudonym), a preschool child with severe disabilities, and her journey in becoming a full member of her learning community in an inclusive setting. The inquiry examines the changes in her social interactions with her peers resulting from the introduction of custom adaptive design objects, and how the use of adaptive designs provided Zivvie with a level of autonomy that enabled her to make choices about how she wanted to participate in her learning community. The inquiry also explores how the teacher’s role as observer and creator of accommodations for Zivvie within the learning environment facilitated the child’s development. Recommendations for future practice and research are identified.</jats:p>",,
069-640-777-081-583,Preparing for Children with Disabilities in Early Childhood Classrooms.,1998,,,
069-710-835-928-975,Assessment in Special Education: A Practical Approach,2001,"Preface. I. FOUNDATIONAL CONCEPTS IN ASSESSMENT IN SPECIAL EDUCATION. 1. Introduction to Assessment. Overview of Assessment. Purpose of Assessment. Individuals Involved in the Assessment Process. Classifications under IDEA . How Students Are Identified for Assessment. Parental Consent and the Assessment Process. Components of a Comprehensive Assessment. 2. Legal Issues in Assessment. Landmark Court Cases in Special Education. The History of Federal Legislation for Individuals with Disabilities. 3. Methods of Assessment and Testing Considerations. Assessment and Testing Considerations. Informal Assessment. Testing Considerations. 4. Basic Statistical Concepts. Scales of Measurement. Measures of Central Tendency. Frequency Distribution. Range. Variance. Standard Deviation. Normal Curve. Skewed Distributions. Correlations. 5. Validity and Reliability. Validity. Reliability. 6. Scoring Terminology Used in Assessment. Calculation of Age. Raw Scores. Percentile Ranks (Percentiles). Standard Scores. z Scores. T Scores. Stanines. Comparing z Scores, T Scores, and Stanines. Scaled Scores. Age Equivalent Scores. Grade Equivalent Scores. II. THE SPECIAL EDUCATION PROCESS. 7. The Child Study Team and Prereferral Strategies. The Child Study Team. Recommendations by the Child Study Team-Prereferral Strategies. 8. The Multidisciplinary Team and Parental Participation in the Assessment Process. Purpose of The Multidisciplinary Team. Membership of the Multidisciplinary Team. Formal Referral for a Suspected Disability. Assessment Plans-Consent for Evaluation. Assessment Options of the Multidisciplinary Team. Parental Participation in the Assessment Process. Confidentiality. 9. Assessment of Academic Achievement. Achievement Tests. Reading. Reading Assessment Measures. Written Expression. Tests of Written Language. Math. Assessment of Mathematical Abilities. Comprehensive Tests of academic Achievement. 10. Assessment of Intelligence. Intelligence. Measures of Intellectual Ability-The Wechsler Scales. Other Measures of Intelligence. 11. Assessment of Behavior. Assessing Problem Behavior. Understanding a Student's Behavior During Assessment. Assessing Emotional and Social Development. Assessment of Adaptive Behavior. Functional Behavioral Assessment and Behavioral Intervention Plans. 12. Assessment of Perceptual Abilities. The Learning Process. The Purpose of Perceptual Evaluations. Visual Perception. Auditory Perception. Comprehensive Measures of Perceptual Abilities. 13. Assessment of Speech and Language. Speech and Language. Types of Speech and Language Disorders. Assessment Measures of Speech and Language. 14. Early Childhood Assessment. Early Childhood Assessment. Legal Foundations for Assessment Procedures. The Challenge of Early Childhood Assessment. The Individualized Family Service Plan (IFSP). Working with the Family in Early Childhood Assessment. Early Childhood Assessment measures. 15. Other Areas of Assessment. Assessment of Hearing. Assessment Measures of Hearing. Physical and Occupational Therapy Assessment. Multicultural Assessment. 16. Determining Whether a Disability Exists. Diagnosing a Disability. Learning Disabilities. Mild Mental Retardation/Developmental Disability. Emotional Disturbance. 17. Writing a Comprehensive Report in Special Education. Report Writing. Practical Guidelines for Report Writing. Criteria for Writing a Comprehensive Report. Model Report. 18. Eligibility Procedures for Special Education Services. The Eligibility Committee (IEP Team). IDEA and Eligibility Committee Meetings. Developing the Information Packet for the Eligibility Committee. Presentation to the EC by the Special Education Teacher as Educational Evaluator. Classification Recommendations of the EC. LRE Placement Considerations According to IDEIA. Developing the IEP. Presentation to the EC: The Special Education Teacher as Classroom Teacher. The Annual Review. The Triennial Review. Declassifying a Child in Special Education. 19. Development of the IEP. IEP Development. Sample IEP. 20. Special Topics in Assessment. Questions and Answers About State and District-Wide Assessments. Transition Services. The Individuals with Disabilities Education Improvement Act. References and Suggested Readings. Name Index. Subject Index.",,
069-972-084-513-567,Notes on Contributing Authors,2014,,Susana C. DeJesús; EdD; Scholar in Residence; NYU; researcher; writer; educator; consultant; Language Acquisition; Early Childhood; Dual Language; and Literacy,
070-089-071-383-268,Exploring the meaning of education to enhance disability awareness among pre-service early childhood teachers participating in introductory special education courses -focusing on reflective journal writing and small group discussions-,2024,"<jats:p>The purpose of this study is The purpose of this study is to identify explore the educational meaning of improving disability awareness for pre-service early childhood teachers and to provide insights into the educational significance of reflective journal writing and small group discussions, as well as related class design. Participants in this study consisted of 27 pre-service early childhood teachers enrolled in the course. During the class, reflective journal writing and small group discussions were conducted before and after class, based on weekly learning topics. Data were collected, including reflective journals, in-depth interviews, discussion task performance data, researcher logs, and class outcomes. Based on the qualitative analysis, the educational significance of improving disability awareness for pre-service early childhood teachers can be summarized as follows. First, the meaning of education that transforms the fear of teaching children with disabilities into understanding and knowledge about them. Second, the meaning of education that fosters empathy for the challenges faced by children with disabilities, their teachers, and their parents. Third, the meaning of education that fosters mutual growth among teachers and children with disabilities. Fourth, the need for disability experience education was recognized and a sense of community was cultivated. The study provides that the collaborative process of reflective thinking and discussion in the teaching-learning process has a more positive impact on improving disability awareness.</jats:p>",,
070-106-096-742-361,Suggested Principles for Gifted Preschool Curricula.,1986,"A general framework consisting of four curricular dimensions (content, process, product, learning environment) and criteria for developing and judging appropriate curricula for gifted students are ...",,
070-137-879-909-596,Preparing Early Childhood Special Educators for Inclusive Practice,,,,
070-657-689-957-756,Long-Term Cognitive and Academic Effects of Early Childhood Education on Children in Poverty,1998,,,"Adolescent; Adult; Child; Child, Preschool; Cost-Benefit Analysis; Early Intervention, Educational/economics; Female; Humans; Infant; Intellectual Disability/prevention & control; Intelligence; Learning Disabilities/prevention & control; Male; Poverty/economics; Social Environment"
070-708-827-781-267,Empowering collective reflection: realistic evaluation of video enhanced reflective practice (VERP) in an early childhood setting in England,2021,,,
071-482-449-209-737,Early Childhood Inclusion,2024,"<jats:p>The themes analysed in the present chapter ensure a better understanding of the issue of early childhood inclusion in order to provide a theoretical and practical framework to teachers, specialists and families: clarifications regarding the evolution of concepts and inclusion indicators described by UNICEF in 1999, which were adopted by education institutions from around the world; legislative documents facilitating inclusive education in Romania; the factors that influence parents and teachers' attitudes towards early childhood inclusion; the effects of inclusion on children with and without SEN; good practices and researches regarding early intervention and preschool inclusion for the main categories of children with special educational needs and the most challenging for teachers (intellectual disabilities, hearing and visual impairment, physical and/or locomotor impairments, Attention Deficit Hyperactivity Disorder, Autism Spectrum Disorders).</jats:p>",,
071-852-177-725-302,Focus on Family: Homework Supports for Children With Learning Disabilities,2014,"Research indicates that parental involvement in school experiences, specifically parents completing homework with their children, can promote academic achievement (Jeynes, 2007). However, parents o...",,
071-859-487-161-188,Early childhood teacher candidates’ perceptions about inclusion,2002,"Abstract The purpose of this research was to examine the beliefs, attitudes, and knowledge of early childhood teacher candidates within the state of Texas about the inclusion of students with disabilities in the general education classroom. The “Inventory of Opinions About Persons with Disabilities” (IOPD) was utilized to collect self‐report data from preservice educators in their last semester of practical experience (i.e., student teaching or final intern semester) in 10 Texas universities. The return rate of the inventories was 70.85%, with data from 172 useable inventories reported in this study. The research questions indicated early childhood teacher candidates held positive self‐perceptions (mean = 2.0388) about their beliefs, attitudes, and knowledge related to inclusion and students with disabilities. However, the participants reported less positive attitudes about training (mean = .09884).",,
071-978-097-697-229,Montessori and Non-Montessori Early Childhood Teachers’ Attitudes Towards Inclusion and Access,2015,Montessori and non-Montessori general education early childhood teachers were surveyed about their attitudes towards including children with disabilities and providing access in their classrooms.  Both groups reported similar and positive supports for inclusion within their schools. Montessori teachers reported having less knowledge about inclusion and less special education professional development than their non-Montessori counterparts.   Implications for professional development and teacher preparation are described.,inclusion; attitudes; Montessori; early childhood; teachers; access,
072-167-438-504-171,Special Educational Needs and Disabilities in Early Childhood Education (Canada),2019,,,
072-220-427-513-099,The Effects of Inclusive Preschools on the Development of Children with Disabilities: A Longitudinal Study,2020,,,
072-269-913-885-004,Inclusive Early Childhood Education in Zambia: A Call for Policy Action,2022,"Early childhood education is thought to be foundational for the development of human capital and offers a window of opportunity for accelerated brain development. Zambia has made advancements in enhancing access to quality ECE. However, current initiatives have also shown inequitable access especially for children with disabilities. The effectiveness of a comprehensive inclusive early childhood education agenda has been explored in this paper as a compelling case for promoting equitable access for all qualified children. The major objective of the educational system is to serve as a social integration institution, and inclusive education is frequently considered as the path to achieving this objective. The paper is premised on the argument that the early years are crucial for inclusion because this is the period when the foundation for lifetime learning and the development of core values and attitudes is laid. Conversely, learning and developmental inequalities first manifest themselves in a child's early years, prior to their entry into primary school. It is simply too late to start talking about inclusion when children are already in primary school. Keywords: Early Childhood Education, Inclusive early childhood education, Rights-Based Approach, policy, legislation DOI: 10.7176/JEP/13-31-10 Publication date: November 30 th 2022",,
072-388-496-476-155,Early Childhood Education in Ethiopia: Present Practices and Future Directions,2016,"Over the past several centuries worldwide, in most cases, only children of the nobilities were sent to schools with the intention of sharpening their abilities and preparing them for future leadership. But in the modern era, education is formally recognized as a human right for every individual, irrespective of the individual‘s ability, disability, age, gender, ethnicity, socioeconomic status and other forms of differences. As a modern phenomenon, early childhood education is practiced in Ethiopia. With the opportunities and challenges, the practice of early childhood education continues to grow in coverage and participation. The current Ethiopian government, with the support of UNICEF, has drafted strategic operational plan and guidelines for early childhood care and education, and national policy framework for early childhood care and education. Access to early childhood education is growing over the years. Currently, government, private owners, NGOs, communities, and religious organizations are running ‗O‘ class, child to child and kindergarten programs and playing their part in educating children. Major challenges of the Ethiopian ECE are environment and physical space, curriculum content and pedagogy, early childhood educators and caregivers, partnership with families and communities and access to young children with special needs. In order to improve the practices, the future preschools of Ethiopia should work towards having (1) philosophies and goals, (2) high quality physical environments, (3) developmentally appropriate and effective pedagogy and curriculum, (4) attention to basic and special needs, (5) respect for families and communities, (6) professionally prepared teachers and staff, and (7) rigorous program evaluation.",,
072-588-067-116-844,"A position piece- The 'business' of disability: Tensions, responsibilities and challenges in a market model of early childhood education and care.",2011,,,
072-807-964-197-055,Role of Art Education Techniques in Early Childhood Care and Education,2025,"Art education is a vital art movement that affects all aspects of life, especially early childhood care. The methods and materials taught in art education are critical to children’s development and overall learning as they grow. Art in an educational setting is often used to enhance gains in cognitive development. The expert teacher educator accompanies the teacher with a professional handbook based on school of art education, which facilitates early childhood care and support. A series of detailed instructions are given to facilitate practical skills and knowledge acquisition among peers. The objective of the study is to provide art therapy to the children with disabilities to improve their early childhood education. Art education is a form of creativity, expression, creation, socialization, communication – all have their place in the developing of young children. The Art education was proved to eight children with disabilities. Purposive Sampling Technique was used. Art education gives them opportunity to try out different materials and create, use creativity and imagination. Art offers children endless possibilities that may have benefits beyond those with basic skills such as reading or writing.",,
072-873-478-081-896,Early Childhood Intervention in Austria,2014,"The situation of early childhood intervention in Austria is analysed on diverse systems level (legal situation, organisation, concrete procedure. Children with disability or at risk of being disabled qualify for early childhood intervention as well as partly and to some extent also children in the context of socially disadvantaged families. Based on nine provincial laws, the structure of early childhood intervention in Austria is heterogeneous. A consensus regarding key terms, the age of the child (0 -3 or 6), and home-based services exists. Future challenges focus on early identification of vulnerable target groups by increased communication with community based networks (social worker, mental health specialists) as the number of children with unspecific developmental delays or vulnerability will increase (www.strong-kids.eu).",,
073-071-922-890-713,Understanding special educational needs and disabilities,2018,,,
073-548-187-909-910,Preservice teachers' attitudes toward inclusion: Early childhood education and elementary education programs,2003,"Abstract Teachers’ attitudes toward inclusion of children with disabilities play a central role in the successful inclusion of these children into general education classrooms. This study examined possible predictors of preservice teachers’ attitudes toward (1) persons with disabilities, and (2) inclusion of children with disabilities into general education classrooms. Participants were students majoring in early childhood education and elementary education. Preservice teachers’ attitudes toward persons with disabilities and inclusion were explained significantly by their personal relationships with persons who have disabilities and the number of courses related to special education/teaching strategies taken. However, preservice teachers’ experiences working with persons who have disabilities was not a significant predictor. Further, the relations between preservice teachers’ attitudes toward inclusion and personal experience variables were mediated by their attitudes toward persons with disabilities. Thi...",,
073-568-611-299-647,The Effect of the Promoting Relationship Program Embedded in Daily Routines on the Social Interaction and the Peer Acceptance of Children with Disabilities,2017,,,
073-752-253-510-675,Unspeakable: the discursive production of a ‘tragic subject’ among children in the early childhood classroom,2018,"For the children in the inclusive early childhood classroom, there are acceptable, but only limited ways to speak about disability, and sometimes no way to speak. Discourses of tragedy and sufferin...",,
073-840-754-719-311,Partners in Improving Social Communication in Children With Disabilities in Urban Early Childhood Settings,2022,"<jats:p>This present chapter describes the focus and aims of the partners in improving social communication in early childhood special education (PISCES) program at California State University, Los Angeles (Cal State LA). The chapter begins with an overview of the aims and focus of the PISCES program in general; providing an interdisciplinary and collaborative training experience to graduate students in early childhood special education and applied behavior analysis who provide services to minimally verbal children with disabilities. After describing the context of the University, the shared experiences of students in the two programs are described in detail. These shared experiences include coursework, fieldwork, and PISCES specific activities. After describing the PISCES program, the authors consider some of the lessons learned, and importantly, how some features of the PISCES program can be sustained going forward. The chapter concludes with a call for ongoing, community-based action research to further inform service provision with early childhood special education populations.</jats:p>",,
074-048-868-644-001,Voices of early childhood educators to support emergent bilinguals without and with disabilities,2025,,,
074-097-760-814-364,Response to Intervention: Early Identification of Students with Learning Disabilities,2015,"The number of students with learning disabilities (LD) has grown substantially in the last three decades. These students account for more than half of the special education programs. As with the growing number, there is a great debate on the identification procedures of students with LD during early years. One of the models to early identify students with disabilities is Response to Intervention (RtI). The purpose of this article is to describe RtI on the identification of students with learning disabilities (LD) in the early years of childhood. First, a brief overview of RtI is provided, including the most popular models. Next, utilization of RtI in the identification of LD is described. Then, an overview of approaches that RtI is used to maximize achievement for a wide range of students is provided. Finally, future research directions in the area of special education within a model of RtI are discussed.",Response to intervention; learning disabilities; early identification; reading Müdahaleye yanıt verme; öğrenme güçlüğü; erken tanılama; okuma,
074-245-125-685-980,Understanding Inclusive Early Childhood Education: A Capability Approach.,2012,"This article explores the application of current discourse in inclusive education, particularly the capability approach and its utility in early childhood education. The article highlights the tensions between a rights-based discourse that informs inclusive education practice and the right for children to have early intervention. Structural approaches to supporting children with disabilities are examined. These structural approaches are evaluated using the framework developed using the capability approach. The article aims to ease some of the tensions that arise from differing philosophical approaches to education for young children, and to provide a framework for addressing the developmental and social needs of young children with disabilities.",,
074-511-889-499-052,Personnel Preparation in Recommended Early Intervention Practices: Degree of Emphasis Across Disciplines,2005,"University faculty were surveyed to ascertain the degree to which students in early childhood special education, occupational therapy, physical therapy, speech—language pathology, and multidisciplinary personnel preparation programs received training in five early intervention practices (family-centered, individualized family service plans, natural environments, teaming, and service coordination). Findings indicated a primary emphasis on family-centered practices across disciplines, with minimal emphasis on service coordination and teaming practices. Findings also showed that physical therapy faculty provided the least amount of training in the majority of early intervention practices as compared to faculty in other disciplines. Implications for improving student training are described.",,
074-530-830-351-196,"Included, but Underserved: Rediscovering Special Education for Students with Learning Disabilities",2012,,,
074-625-626-021-167,"A Preliminary Study of Inclusive Special Education Services for Infants, Toddlers, and Preschool-Age Children in California:",1998,"A sample of early childhood special education (ECSE) administrators in California was surveyed to gather information about the structure and organizational components of inclusive services for infants, toddlers and preschool-age children. The results indicate that the availability of inclusive services and type of service delivery models vary according to the child's age and disability. Programs for infants tend to be home based, and many infants have no opportunities for educational services in settings with typically developing peers. Services for preschoolers tend to fall into two configurations: children with mild disabilities who are frequently fully included and children with severe disabilities and low-incidence disabilities who are more often partially included or placed in special day classes only. The services provided most frequently in inclusive programs are related services and consultation to families, community preschools, and other agencies. In many programs, special education teachers do ...",,
075-437-045-462-093,A Study on Image of Young Children with Disabilities Recognized by Pre-service Early Childhood Teachers,2011,,,
075-529-015-600-764,"Articles, books, and documents on early childhood education: a selected bibliography",1971,,,"Bibliographies as Topic; Child, Preschool; Persons with Disabilities; Education of Persons with Intellectual Disabilities; Education, Special; Humans"
076-133-953-623-036,Early Childhood Development Is Not Enough: In Defense of Children with Developmental Delays and Disabilities and Their Right to Family-Centered Early Childhood Intervention (In the Global South).,2024,"The international recognition of the critical importance of the early childhood phase has been firmly established through decades of rigorous research, evidence-based practices, and undeniable evidence of the returns on investment made during this formative period. Consequently, early childhood development has emerged as a top priority on both national and international agendas. This momentum reached a pinnacle in 2015 with the unanimous adoption of the 17 Sustainable Development Goals (SDGs) by the United Nations, which placed a particular emphasis on children under the age of five within the education-focused SDG 4, notably target 4.2, centered on ensuring that all girls and boys are ready for primary education through the provision of accessible ""quality early childhood development, care and pre-primary education"". However, the Global South reflects the glaring omission of addressing the needs of children at risk of poor development due to disabilities. This paper underscores the imperative for specialized early childhood intervention tailored to young children with disabilities and their families, commencing as early as possible following birth. It advocates for Early Childhood Intervention (ECI) as a service distinct from general Early Childhood Development (ECD), emphasizing the crucial role of families as active partners from the outset. Furthermore, the paper strengthens the case for Family-Centered Early Childhood Intervention (Fc-ECI) through the integration of evidence-based practices and an in-depth description of one such program in South Africa with specific reference to deaf and hard-of-hearing infants and their families. This model will be guided by core concepts outlined in WHO and UNICEF Early Childhood Intervention frameworks. Through this exploration, the paper aims to shed light on the urgent need for inclusive approaches to early childhood development, particularly for children with disabilities, and to advocate for the adoption of Family-Centered Early Childhood Intervention as a cornerstone of global efforts to ensure the holistic well-being and development of all children.",children with disabilities; early childhood development; early childhood intervention; family centered intervention,
076-359-630-217-617,Deaf time in the twenty-first century: considering rights frameworks and the social relational model of Deaf childhood,2017,"AbstractThis paper considers Deaf time, or imagined futures of Deaf communities, as we question the efficacy of a rights framework to support the social relational model of Deaf childhood, which positions Deaf children within Deaf cultural discourses. We probe a disability rights discourse where the inclusion movement promotes the right of all children to high quality education and full participation in society. However, there is a gap between rhetoric and practice in early childhood education, which has often been a site of disablement for Deaf children and their families. In addition, legal recognition of the right to sign language in several contexts has not prevented a decline in numbers of Deaf children learning sign language. In planning for future Deaf communities, we examine Deaf cultural childhoods through the development of a parent ASL curriculum that is aligned with the Common European Framework of Reference for Languages (CEFR). The curriculum is contextualized in relation to disability right...",,
076-577-342-026-192,Early Childhood teachers' knowledge of teaching children with disabilities,2003,In recent years an educational practice has been to increasingly promote the inclusion of students with disabilities into mainstream schools. This trend relies on early childhood teachers utilising...,,
076-648-454-019-224,Fostering the Foundations of Self-Determination in Early Childhood: A Process for Enhancing Child Outcomes across Home and School.,2015,"Early childhood practitioners can play a vital role in the development of early self-determination in partnership with families. Self-determination has been generally considered to be about personal agency or control that can also relate to the quality of one’s life. Young children with disabilities start to develop a range of critical skills such as engagement and self-regulation that will be needed throughout their lives. These are the early foundational skills that lead to later self-determination. This paper describes a simple four-step process and key features of foundations of self-determination in early childhood, a collaborative process focusing on home–school partnerships. The unique alliance between each dyad (i.e., family member and early childhood practitioner) support child outcomes across naturally occurring routines at home and school. Each family and practitioner dyad uses attainable short-term goals embedded in home and school routines, intentional adult cues, and environmental modifications to promote foundational skills of self-determination in young children with disabilities.",,
076-705-073-272-46X,Effects of Integrated Music Activity Program on Language Ability of Young Children with Developmental Disabilities and Emotional Intelligence of Young Children,2012,,,
077-070-314-110-315,A psychoanalytic approach to ‘strangeness’ derived from disabilities: Understanding the inner psychological process for inclusive education,2016,,,
077-152-088-810-813,Evaluating cultural and linguistic load of IQ scores for English language learners,2020,,,
077-356-213-850-342,Widening the Circle: Including Children with Disabilities in Preschool Programs. Early Childhood Education Series.,2002,,,
077-369-116-958-653,Autistic and Pervasive Developmental Disorders,1994,"Recently passed federal legislation has brought unprecedented attention to the educational needs of preschoolers with developmental disabilities. In 1986, the Education of the Handicapped Act (Public Law 99–457) greatly increased assistance to states for providing education services to 3- to 5-year-old children with developmental handicaps. In 1991, this act was reauthorized by Congress and renamed the Individuals with Disabilities Education Act (IDEA), or Public Law 102–119. Part B of IDEA required that participating states provide a free, appropriate public education in the least restrictive environment to all children and young adults (between the ages of 3 and 21) with disabilities by the 1991–92 school year. Schools are to provide specially designed instruction to meet the unique needs of children with disabilities, including classroom instruction, physical education, home instruction, instruction in hospitals and institutions, and related services such as transportation, speech pathology and audiology, psychological services, physical and occupational therapy, recreation, medical and counseling evaluation services, and early identification and assessment of disabilities (Thiele, 1993). Preschoolers are to be provided these services at no cost and as part of an individualized education plan (IEP) developed with parent collaboration and consent. Although these services were to be in place by the 1991–92 school year, many communities do not yet have sufficient educational and early childhood mental health resources to meet the needs of all eligible preschoolers. Mental health professionals with expertise in assessing and intervening with young developmentally disabled children will be increasingly in demand to provide services to these children as well as consultation to public school early intervention programs.",,
077-454-119-657-908,Inclusion as an Approach and Process for Promoting Acceptance and Success: Comparative Perspectives between the United States and China,2015,"This paper examines the histories of Special Education in the United States and China, the progress they have made, the directions they are going, lessons they can learn from each other, and how these two societies can transform themselves to be more accepting, supportive, and inclusive because of the education and support provided to individuals with disabilities. It discusses the meaning of inclusion in the U.S. and China contexts, the logistics needed to build inclusive schools, the challenges educators and policy makers face, and how quality inclusive models can be developed to support young children with and without disabilities to be successful learners and community citizens. This paper also introduces the processes, progress, and challenges U.S. and China have gone through, with the intension of informing many other countries in developing and implementing high-quality inclusive programs for young children with disabilities and their families.",Inclusion; early intervention; early childhood special education; policy making,
077-570-993-066-803,The Importance of Positive Attitudes Toward Disability Among Future Health and Education Professionals: A Comparative Study,2025,"<jats:p>Understanding and embracing positive attitudes toward disability are crucial for inclusive practices. Universities play a key role in shaping these attitudes, making higher education critical for promoting inclusion and understanding diversity. This study investigates the influence of career selection and academic progression on university students’ attitudes toward disability and the associated impact on their future professional practices. A total of 446 university students from Extremadura, studying across physical activity and sports science, occupational therapy, and early childhood education, participated in this comparative study. The Spanish Attitudes Toward People with Disabilities Scale for Professionals was administered to students in their first and final years of study. The results revealed significant variations in attitudes toward disability among the different disciplines and academic years. Early childhood education and occupational therapy students exhibited more positive attitudes compared to physical activity and sports sciences students in their first year. The attitudes improved significantly across all the disciplines from the first to the final year, with notable positive changes among early childhood education and occupational therapy students. This study highlights the role of educational pathways and practical experiences in fostering positive attitudes. Tailored coursework and practical training can promote better healthcare and inclusive educational practices in future health and education professionals. Furthermore, this study highlights the need to improve the approach to competences in the analyzed university programs.</jats:p>",,
077-667-945-043-27X,Insights of National Education Policy 2020 and Early Childhood Care and Education,2023,"<jats:p>National Education Policy 2020 is such an education policy with Indian constitutional values and fundamental responsibilities, which emphasizes on connecting with the country and creating awareness of the role and responsibilities of the citizen in the changing world. The vision of this policy is to inculcate in students the pride of being Indian not only in thought but also in behaviour, intelligence and actions as well as in knowledge, skills, values and thinking committed to human rights, sustainable development and livelihood and global welfare, so that they can truly become global citizens. The policy lays special emphasis on the development of the creative potential inherent in each individual and aims to meet the essential requirements for the development of our country. In this policy, emphasis has been laid on promoting the use of technology for technical education, removing language barriers, making education accessible to students with disabilities, etc. Investment in early childhood care and education in the National Education Policy 2020 and ensuring its access to all children of the country, inclusion of flexible, multidimensional, play, activity and discovery-based education in early childhood care and education, to develop an excellent curriculum and pedagogic framework for early childhood education, to implement the ECCE system through comprehensive and empowered (ECCE) institutions, midday meal program and monitoring of health development and ensuring availability of check-up etc. are some of the major provisions related to early childhood care and education which make it a unique and important education policy in itself.</jats:p>",,
077-770-733-927-300,Training Rural Educators in Kentucky through Distance Learning: Impact with Follow-up Data:,2002,The Training Rural Educators in Kentucky (TREK) projects have been providing distance education courses to graduate students in moderate/severe disabilities (MSD) and early childhood special educat...,,
077-808-613-069-71X,Inclusive Early Childhood Education in Ethiopia,2024,"The main purpose of this study was to explore an inclusive early childhood education in Ethiopia with respect to O-class. A case study design was employed to achieve the study's goals. Parents, O-class teachers, school administrators, special needs experts, and early childhood care and education specialists took part in the study purposively and comprehensively selected. Interview, focus group discussion, and observation were used to collect data and were analyzed thematically. Results: The O-class was the new practice in the education system of the country to be taken as opportunity. Lack of teachers with the necessary training, funding, resources and facilities, parent’s awareness and participation, parent-teacher networking, and up to the standard early childhood care and education programs were reported as challenges. Conclusion: The practice of an in inclusive O-class mainly for children with disabilities has to be celebrated that the children were all in all denied the right to education in these schools in recent years back, it is being challenged by several factors though. Recommendations: The government should employ O-class teachers who have received the appropriate training and allot a sufficient budget to meet the needs of children with and without disabilities in these schools.",,
077-931-848-930-731,A Pilot Study of Hong Kong Fathers' Opinions on Early Childhood Special Education for Young Children with Disabilities,2013,,,
078-251-986-982-297,THE REALIZED AND EXPECTED EARLY CHILDHOOD INTERVENTION PRACTICES IN LITHUANIA,2016,"Inclusive early childhood practices are at the forefront of the research and practice efforts in many European countries. Inclusion in early childhood programs can set a trajectory for inclusion across the life course, making it critical that we include individuals with special educational needs in all facets of society from birth. In many European countries, including Lithuania, children with special educational needs and their families continue  facing significant barriers to accessing inclusive high-quality early childhood practices and too many pre-school children with special educational needs and disabilities continue  receiving special education services in separate settings, as opposed to the least restrictive environment. The aim of the research was to assess the realized and expected early childhood intervention practices while educating children with diverse needs in inclusive pre-school settings. The study was based on a survey using the instruments of Recommended Practices in Early Intervention/Early Childhood Special Education. The instrument includes the following topic areas: leadership, assessment, environment, family, instruction, interaction, collaboration, and transition.",children with special educational needs; early childhood intervention; educational support; family support,
078-464-649-032-687,Individualized education program development in early childhood education: a disabled children's childhood studies perspective,2022,"This article describes the results of a disabled children’s childhood studies analysis of Section 1414 of the Individuals with Disabilities Education Act (2004 (IDEA) Individuals with Disabilities Education Act. 2004. Pub. L. No. 101-476, 20 U.S.C. § 1400-1414. [Google Scholar]), which outlines definitions and procedures related to evaluations, eligibility determinations, individualized education programs (IEP), and educational placements for disabled children in the United States. Within the context of this key piece of legislation, disabled children are constructed as deficient, dependent, and incompetent. A disabled children’s childhood studies approach to the processes described in Section 1414 calls for a reframing of disability, and the creation of interdependent methods for supporting the active participation of disabled children in creating and implementing individualized education programs. This paper provides anecdotes illustrative of the current IEP process, and draws on disabled children’s childhood studies perspectives to show possibilities for a participatory approach to IEP development and implementation.",,
078-527-268-734-314,Typically Developing Children's Interactions with Peers with Disabilities Relationships Between Mothers' Comments and Children's Ideas About Disabilities,1999,The research reported in this article examined (a) the ways in which mothers talk with their preschool children about physical disabilities and Down syndrome and (b) the relationships between their...,,
078-562-115-971-515,The National Disability Insurance Scheme: Administrators' Perspectives of Agency Transition to ‘User Pay’ for Early Intervention Service Delivery:,2017,"The launch of the National Disability Insurance Scheme (NDIS) in Australia announced changes to the ways people with disabilities and families access services. These changes cover delivery of early childhood early intervention to families with infants and young children with disabilities. In July 2013, the NDIS was rolled out nationally in three pilot sites. This funded phenomenological study was conducted in one pilot rollout site with administrators from two agencies delivering such services. Analysis of the data identified factors that challenged professional practice and personal philosophy. The findings suggest that the long-term financial viability of community agencies is at risk. A crucial dilemma emerged concerning parent choice: to what extent does a 'user pay' system impose limitations to services being delivered in a family centred way?",,
079-463-006-885-08X,Research on the Development of a Special Education Competency Scale for Pre-service Teachers in Early Childhood,2020,,,
079-505-723-427-13X,Impact of Early Childhood Education in Developing Emerging Literacy Skills among Children with Hearing Impairment,2018,"Background: Birth to 8 years of childâ€™s life, the foundation is laid for overall development and learning in later stage. Learning includes critical skills, dispositions for academic learning, relating to others, becoming positive contributors to peer groups, families and communities. These skills will be develop among children through active participation with their peer, their families and their communities. This active participation extend from home to preschool, head start, playing groups, libraries, parks and places of workshop.All young children, including those who have disabilities, are dependent upon the experiences and opportunities available within these everyday contexts as they build a solid foundation for development and learning. Among all the disabilities hearing impairment is one of the significant disability, and its incidence very early in a childâ€™s life may paralyse his/ her communication skill development which in turn will lead to plethora of other problems in learning, employability and socialising.  In the context of education, children with hearing impairment because of their poor verbal language skills are delayed and deficient in the process of developing literacy skills, which is a fundamental requirement for academic learning. However, research evidences emphasise on the fact that early and appropriate training might help them overcome these deficiencies. Several ways have been proposed for improving emerging literacy skill development in young children with hearing impairment.  This reported study tried to investigate the impact of early childhood education in developing emerging literacy skills to children with hearing impairment. Experimental intervention was carried out through 6 months sessions of 45 minutes in the preschool.  Results: The results elicited relatively better influence of early childhood education in developing emerging literacy skills in preschool children with hearing impairment.  Keywords:  Emerging literacy skills,Early childhood education,hearing impairment",,
079-728-093-508-573,A Critical Disability Studies Approach to ‘Inclusive’ Early Childhood Teacher Education,2019,"Critical Disability Studies (CDS) focuses on how normalcy is constructed and offers an important framework for questioning ‘inclusive’ early childhood practices. This article proposes a CDS approach to early childhood ‘inclusive’ teacher education that (1) develops a CDS pedagogy, (2) identifies ableist practices, and (3) questions and redefines ‘inclusion.’; A Critical Disability Studies Approach to ‘Inclusive’ Early Childhood Teacher Education by Nicole Eilers is licensed under a Creative Commons Attribution 4.0 International License. Based on a work at https://rdsjournal.org. Permissions beyond the scope of this license may be available at https://www.rds.hawaii.edu/.",,
079-851-872-184-225,Opportunities for Development: The Practice of Supervision in Early Years' Provision in England.,2018,This article examines how the practice of supervision has developed within a range of early childhood education and care (ECEC) provision in a county in Central England in the United Kingdom. Super...,supervision; early childhood; early years; purposes of supervision,
080-230-094-144-078,At-Risk Children and Otitis Media with Effusion Management Issues for the Early Childhood Special Educator,1995,"Otitis media with effusion (OME) is one of the most common illnesses of early childhood, with a higher prevalence among many children with disabilities. Accompanying OME is typically a mild to moderate conductive hearing loss, which, when recurrent or persistent in early childhood, has been linked to late delays in the development of speech, language, and learning. This link has particular importance for children with disabilities who are already at risk for speech, language, and learning difficulties. This article describes the implications of OME for management of children with disabilities. The results of a survey of early childhood special educators on management of young children with OME and the role of the early childhood special educator in intervening with children with disabilities who have OME are discussed.",,
080-253-760-682-508,"An insight into the attitudes held by four- to six-year-olds toward people with disabilities: ideas, feelings, and behaviors.",2023,"<jats:p>Everyone is unique and has their own characteristics, interests, and needs. Consequently, schools must be able to cater to this diversity through an inclusive approach that begins in early childhood education. To this end, the necessary support must be implemented, and the wider educational community — particularly classmates — must adopt positive attitudes toward people with disabilities. Therefore, the present study aimed to determine the attitudes of early childhood education students toward people with disabilities and the variables that influence these attitudes. For this purpose, a sample of 261 participants completed a questionnaire with the help of an adult. Our findings revealed that the children generally have positive attitudes towards different types of disability. Furthermore, it was found that the type of disability, along with the variables of age, gender, and knowledge, impacted certain dimensions of these attitudes.</jats:p>",,
080-379-417-180-344,Implementation of Adaptive Methods in Individualized Learning for Early Childhood Students with Intellectual Disabilities: A Case Study,2025,"<jats:p>Background of the study: Children with intellectual disabilities require specialized educational approaches that accommodate their unique learning needs. Adaptive individualized learning has become an essential strategy in special education, particularly at the early childhood level, to support cognitive, social, and motor development. SLBN Keleyan in Socah, Bangkalan, has been recognized for its efforts in implementing such approaches despite various limitations.; Aims and scope of paper: This study aims to examine the types of adaptive individualized learning implemented for early childhood students with intellectual disabilities at SLBN Keleyan, Socah. The primary focus is on the application of special education approaches that address individual needs and the roles played by teachers, the school principal, and the school environment in creating meaningful learning experiences.; Methods: This research employed qualitative methods, including direct observation, semi-structured interviews, and document analysis. Data were collected from teachers, the school principal, and supporting documentation within the school environment.; Results: The findings indicate that SLBN Keleyan implements individualized learning strategies through the use of visual aids, educational games, and simple motor activities. The principal plays a pivotal role in fostering collaboration between the school, parents, and therapists to ensure cohesive support for each student. Despite challenges such as limited facilities, the learning process remains effective.; Contribution: This study underscores the importance of adaptive individualized learning in the education of children with special needs. It also reinforces previous findings (Fakhiratunnisa &amp; Desiningrum, 2022; Harsiwi &amp; Wulandary, 2024) that identify SLBN Keleyan as a potential model for inclusive and adaptive special education practices in the Bangkalan region.</jats:p>",,
080-448-831-997-014,Using Routines-Based Interventions in Early Childhood Special Education.,2012,"Young children with special needs, such as Tania who is described in the sidebar, receive developmental early intervention services provided by Part C of the Individuals With Disabilities Education Act (IDEA, 2004). The goal of Part C is to provide coordinated services for children from birth to 3 years who have identified disabilities, like Tania, or have or are at risk for developmental delays. Because Tania’s disability was evident at birth, she began receiving services as an infant. However, many children who have developmental disabilities or delays are not referred for services until after their second or third birthdays. When education professionals suspect that a child is eligible for early intervention services, they encourage parents to contact local Part C or Child Find agencies for a developmental assessment. (See page 22 for contact information for these agencies, whose links can be found at the National Dissemination Center for Children with Disabilities [NICHCY] Website.)",,
080-600-867-060-876,Inclusive Education Spirits and Contents Represented in 6th National Early Childhood Education Curriculum,2007,,,
080-611-008-112-475,"Friendships and social acceptance of children with disabilities: the role of classroom quality, individual skills, and ECEC dosage",2019,Positive social experiences with peers are important for children with disabilities attending inclusive early childhood education (ECE). This study investigated the associations between classroom q...,classroom quality; children with disabilities; social acceptance; friendships; dosage,
081-144-572-653-324,APPLICATION OF UNIVERSAL DESIGN IN EARLY CHILDHOOD EDUCATION ENVIRONMENTS: A MODEL FOR FACILITATING INCLUSION OF CHILDREN WITH DISABILITIES IN GHANA,2017,"With contemporary classrooms becoming increasingly diverse, educational authorities, teachers and school administrators are looking for innovative ways of coping with diversity of students. Historically, barriers to inclusion have been based on the explicit exclusion of individuals with disabilities and other minority groups. In order to create inclusive environments for diverse learners, the system of Early Childhood Education (ECE) centers in Ghana must be totally reconfigured, which will require shifts in our educational practices. The concept of Universality provides an important starting point for educational and social transformation. Situating it on the postmodern theoretical view point, this paper argues that in discussion of the approaches to enhance educational access for students with disabilities in Early Childhood Education in Ghana, the emerging models of Universal Design for Learning must be the focal point.",early childhood education; universal design; inclusive education; children with disabilities,
081-364-136-656-718,Dual Language Learners With Disabilities in Texas,2019,"The goal of this paper is to explore how DLLs are being served in ECSE programs in Texas. Informed by best practices in early childhood, bilingualism and requirements outlined in IDEA, this study is guided by an integrative conceptual model of child development grounded within social stratification theory. Data and policies related to the dual identification and placement of DLLs with disabilities in Texas public schools was examined. Data and information is presented and considered within the context of educational and community environments. Becoming better informed, we can potentially guide the development of a standard process for evaluating and conceptualizing quality early childhood special education programs for DLLs in the future and improve services for these children and their families.",,
081-403-970-383-458,Study of Preservice Childhood Teacher’s Integrated Educational Experience of Disability,2016,,Disability; Integrated education of disability; Preservice childhood teacher; early childhood,
081-541-574-008-643,"Gender, childhood and adult socioeconomic inequalities in functional disability among Chinese older adults",2017,"Gender difference and life-course socioeconomic inequalities in functional disability may exist among older adults. However, the association is less well understood among Chinese older population. The objective is to provide empirical evidences on this issue by exploring the association between gender, childhood and adult socioeconomic inequalities in functional disability. Data from the 2013 wave of the China Health and Retirement Longitudinal Study (CHARLS) was utilized. Functional disability was assessed by the activities of daily living (ADL) and instrumental activities of daily living (IADL). Childhood socioeconomic status (SES) was measured by birthplace, father’s education and occupation. Adult SES was measured in terms of education and household income. Multivariate logistic regressions were conducted to assess the association between gender, childhood and adult SES and functional disability. Based on a sample of 18,448 older adults aged 45 years old and above, our results showed that the prevalence of ADL and IADL disability was higher among women than men, but gender difference disappeared after adult SES and adult health were controlled. Harsh conditions during childhood were associated with functional disability but in multivariate analyses only father’s education was associated with IADL disability (OR for no education = 1.198; 95% CI = 1.062–1.353). Current SES such as higher education and good economic situation are protective factors of functional disability. Childhood and adult SES were both related to functional disability among older adults. Our findings highlight the need for policies and programs aimed at decreasing social inequalities during childhood and early adulthood, which could reduce socioeconomic inequalities in functional disability in later life.",Functional disability; Gender; Inequality; Socioeconomic status,"Activities of Daily Living; Aged; Aged, 80 and over; China/epidemiology; Persons with Disabilities/statistics & numerical data; Female; Health Status Disparities; Humans; Longitudinal Studies; Male; Middle Aged; Prevalence; Sex Distribution; Social Class"
081-671-949-869-593,"Human Exceptionality: School, Community, and Family",2004,"1. Understanding Exceptionality. Describing People with Differences. Including People with Disabilities in Family and Community Settings. The Americans with Disabilities Act (ADA). Making the ADA Dream a Reality. Multidisciplinary Perspectives on People with Disabilities. 2. Education For All. Origins of Special Education. The Right to Education. The Individuals with Disabilities Education Act (IDEA). Current Trends in the Education of Students with Disabilities. 3. Inclusion and Collaboration in the Early Childhood and Elementary School Years. Inclusive Education. Collaboration. The Early Childhood Years. The Elementary School Years. 4. Transition and Adult Life. Research on the Lives of Adults with Disabilities. Closing the Gap: Transition Planning and Services. Developing the Individualized Transition Plan (ITP). Preparing Students for Adult Life: The Role of Secondary Schools. The Adult Years. 5. Multicultural and Diversity Issues. Purposes and Approaches to Education. Multicultural and Diversity Connections to Special Education. Nondiscriminatory and Multidisciplinary Assessment. Education for Culturally Diverse Students. Other Diversity Considerations. Multicultural Issues and Specialized Instruction. 6. Exceptionality and the Family. Understanding Families. Family-Centered Support. 7. Learning Disabilities. Definitions and Classifications. Prevalence. Characteristics. Causation. Assessment. The Elementary School Years. The Adolescent Years. Inclusive Education. Medical Services. 8. Attention-Deficit/Hyperactivity Disorder. ADHD and Other Disabilities. Definitions. Prevalence. Assessment and Diagnosis. Characteristics. Causation and Interventions. 9. Emotional/Behavioral Disorders. Definitions. Classification. Prevalence. Characteristics. Causation. Assessment. Interventions. Promising Practices. Definitions and Classification. Prevalence. Characteristics. Causation. Educational Services and Supports. Inclusive Education. 11. Communication Disorders. The Structure of Language. Language Development. Language Disorders. Speech Disorders. 12. Severe and Multiple Disabilities. Definitions. Prevalence. Causation. Characteristics. The Early Childhood Years. The Elementary School Years. The Adolescent Years. Inclusive Education. Severe Disabilities and Biomedical Dilemmas. 13. Autism. Definition. Prevalence. Characteristics. Causation. Interventions. Impact on the Family. 14. Traumatic and Acquired Brain Injury. Definition. Prevalence. Characteristics. Causation. Educational Supports and Services. Medical and Psychological Services. 15. Hearing Loss. The Hearing Process. Definitions and Classification. Prevalence. Causation. Characteristics. Educational Services and Supports. Medical and Social Services. 16. Vision Loss. The Visual Process. Definitions and Classification. Prevalence. Causation. Characteristics. Educational Supports and Services. Educating Students with Vision Loss in the Least Restrictive Environment. Medical and Social Services. 17. Physical Disabilities and Health Disorders. Physical Disabilities. Health Disorders. Social and Health-Related Problems. Suicide in Youth. 18. Gifted, Creative, and Talented. Historical Background. Definitions and Concepts. Prevalence. Characteristics. Origins of Giftedness. Assessment. Services and Supports. Historically Neglected Groups. Appendix: What Every Teacher Should Know About IDEA 2004",,
081-793-878-996-688,Strategies for enhancing social skills of individuals with intellectual disability: A systematic review.,2022,"Individuals with intellectual disability who suffer from comorbid mental health problems are likely to experience difficulties in socialising. Deficits in social skills are also associated with challenging behaviours and self-injury. This paper presents global evidence from a systematic review of literature on such issues as 'interventions'; 'social skills development', and 'individuals with intellectual disability'. A thorough search of various bibliographic databases identified 1 124 academic papers. Ten papers met the inclusion criteria for in-depth analysis concerning the use of interventions to develop social skills among individuals with intellectual disability. The study revealed that the social skills of individuals with intellectual disability had been fostered using different strategies, such as classroom-based intervention, emotional intelligence training, use of a peer network intervention, computer games of emotion regulation, and puppet play therapy. Furthermore, the findings suggest that various aspects like communication, bridging the gap in social skills deficits, emotional recognition and regulation, and adaptive behaviour were fostered using the identified intervention strategy. This review revealed that social skills interventions appeared modestly effective but may not be generalisable to school settings or self-reported social behaviour for individuals with intellectual disability. It is also necessary to increase the sample size in future studies to draw generalisable conclusions.",intellectual disability (ID); intervention; social skills; strategies; treatment,
081-917-843-187-663,A Suggestion for Eliminating Reading and Writing Errors of Students With Learning Disabilities,2024,,,
081-979-369-685-350,Professional credential program: impacting early childhood inclusive learning environments,2020,"For more than three decades, the inclusion of children with disabilities in early childhood education settings has been developing worldwide in educational research, policy, and real-world practice...",,
082-747-681-037-511,Attitudes Toward Disability in Early Childhood Education: A Methodological Review,2022,"To create an inclusion school, we must take into account the attitudes toward disability of the entire educational community, i.e., teachers, families and peers. Specifically, it is essential that this inclusion begins to take place from when the pupils are very young. Therefore, this research carried out a systematic review of the studies that have examined the attitudes toward disability of these three groups in the early childhood education stage, with special emphasis on the methodology used. The results show that teachers and families, in general, reflect positive attitudes, while the children showed less favorable attitudes. The methodology demonstrated a greater preference for quantitative methods in the case of children and teachers, while in families, there is greater heterogeneity. Finally, it can be concluded that the attitudes of families and children in early childhood education are scarcely studied, so more research is needed.",,
082-773-394-063-097,Parental appraisal of the family impact of childhood developmental disability: times of sadness and times of joy.,2007,"Background Parental positive and negative appraisals of the family impact of childhood disability are tested as early predictors of parental self-esteem and overall family adjustment in households with young children with intellectual and developmental disabilities. Method Within 103 Canadian families, 103 mothers and 55 fathers independently completed interviews in their home at two time points: 6 months after their child entered childhood disability services (T1), and one year later (T2). Results Longer-term family adjustment was found to be predicted by level of parental negative appraisal of the family impact of disability, and by level of self-esteem, for both mothers and fathers. For mothers, positive appraisal of childhood disability was also found to predict early family adjustment and was related to enhanced self-esteem. Conclusions Gender differences in parental appraisal of the family impact of childhood disability appear to merge over time. Both positive and negative appraisals appear to coexist and are predictive of mothers’ and fathers’ perceived overall family adjustment in the longer term.",,"Adaptation, Psychological; Adult; Child, Preschool; Cost of Illness; Developmental Disabilities/psychology; Children with Disabilities/psychology; Emotions; Family Relations; Female; Humans; Male; Parent-Child Relations; Sex Factors; Stress, Psychological; Time Factors"
082-974-724-154-540,A study on the inclusive education experiences of parents of young children with disabilities,2012,,,
083-029-868-168-570,Early Childhood Teacher Preparation in Special Education at 2- and 4-Year Institutions of Higher Education.,2005,"The movement toward inclusion has made educating and caring for children with disabilities an increasingly critical part of the early education teacher's role. The goal of this paper is to describe the extent to which early childhood teacher preparation programs are including early childhood special educationlearly intervention content and experiences as part of their core course and practicum requirements. A nationally representative survey of 438 chairs and directors of early childhood teacher preparation programs revealed that while a large proportion of programs consider early childhood special educationlearly intervention to be a part of the mission of their program, the amount of coursework and practicum experience vary considerably by content area and level of degree offered by the program. Implications are offered for policy and future research.",,
083-042-601-649-013,Predictors of parental attitudes towards sexual health education for persons with special needs,2024,"International guidelines on sexual health education suggest that parents should be the primary educators in their children's sexuality education, considering that sexuality education is a lifelong process that begins in early childhood and continues into adulthood. The study aimed to investigate the relationships among parental self-efficacy, parental knowledge about sexuality, attitudes towards sexuality of people with disabilities, and parental stress. A total of 58 parents of children with various disabilities, including Autism Spectrum Disorders, ADHD, and physical disabilities, participated in the study. The findings indicate that knowledge about sexuality is an important predictor of the parental attitudes towards sexuality of people with disabilities.",,
083-199-877-340-637,The acceptance of Turkish kindergarten children toward children with disabilities,2020,"Knowing how children who display normal development perceive their peers with special needs is key to preparing a better inclusive education and raising mindful generations. In this study, we aimed...",,
083-238-463-096-020,A tool to record and support the early development of children including those with special educational needs or disabilities,2014,"Early intervention is key for children with special educational needs or disabilities ( SEND), and therefore early assessment is crucial. Information from parents about children's current ability and their developmental history can make valid and useful contributions to developmental assessments. Parental input is also important in early education for children with and without SEND. In England, recent changes to statutory guidance for early education highlight partnership working with parents, progress checks and continuous observation. The Early Years Developmental Journal ( EYDJ), an Early Support tool primarily aimed at families, aims to support early identification and assessment for children with SEND and early education for all children. The article describes Early Support to provide a backdrop and then outlines the purpose, structure and rigorous development process of the EYDJ. Use of the EYDJ to support parents, early years education practitioners, health visitors, developmental assessments and the forthcoming English special educational needs ( SEN) reforms is also described. [ABSTRACT FROM AUTHOR]",special needs; disability; early childhood; early education; early intervention,
083-302-300-907-582,REVISITING THE ROLE OF VISUAL PERCEPTION ON THE READING SKILLS OF STUDENTS WITH LEARNING DISABILITIES: SOME EDUCATIONAL PLANNING CHALLENGES,2020,"Students with learning disabilities often struggle with reading skill acquisition, due to the nature and complexity of the reading process (Brown, 2009). In addition, it has been documented that students experiencing reading disabilities, have problems with the basic cognitive skills of visual perception (Stokes, Matthen & Biggs, 2015). The purpose of the present study was to investigate the role of the cognitive parameters of visual perception, assessed by the Developmental Test of Visual Perception-2nd Edition (DTVP-2, Hammill, Pearson & Voress, 1993) on the reading ability of students with learning disabilities, assessed by Test A (Panteliadou & Antoniou, 2007, Standardized test for reading disabilities in Greek). The sample consisted of 73 children (N=73) attending the 4th and 5th grade of Primary school, diagnosed with learning disability in reading. The results indicated that visual perception was a predictive factor for reading performance. Implications of these findings are discussed in terms of developing early detection programmes as well as effective educational interventions for pre-school and primary school students. Article visualizations:",,
083-380-321-024-715,Differentiated instruction for students with disabilities in early childhood co-taught classrooms: types and quality of modifications,2018,Differentiated instruction is considered a prerequisite for the inclusion of students with disabilities (SWD) in general education. The aim of this study was to describe and evaluate the type and q...,,
083-492-710-535-259,Qualitative Meta-analysis of Individualized Education Plan (IEP) Research: Perspectives of Preschool Special Education Teachers and Daycare Teachers for Children With Disabilities,2025,"<jats:p>This study was conducted to explore the perceptions, experiences, and support needs of early childhood special education teachers and teachers of young children with disabilities who implement Individualized Education Plans(IEP). An IEP is a legally required document in many countries that outlines specific educational goals and the services a child with disabilities will receive. It is designed to ensure that children with disabilities receive a tailored education that meets their unique needs. This study also aims to derive directions for supporting the successful operation of IEPs. To this end, the research question was formulated as, “What trends do qualitative research findings on IEPs from early childhood special education teachers and teachers of young children with disabilities reveal?” A qualitative meta-analysis was conducted using the seven-step approach proposed by Noblit and Hare (1988), based on 16 qualitative studies related to IEPs. The analysis identified three main categories—perceptions, experiences, and support needs—within which 13 subcategories and 64 key themes were constructed. The core content of each subcategory was presented with direct quotations from the studies. Finally, based on the perceptions, experiences, and support needs of teachers implementing IEPs, thise study presents implications and significance for the successful future operation of IEPs.</jats:p>",,
083-499-274-116-876,Effective Social Interaction Strategies for Inclusive Settings,2007,"Many strategies and interventions exist in the education of young children with disabilities. One area of intervention is that of social interaction, including social skills instruction, peer interaction strategies, and play skills. Interaction and social skill strategies for use with children with and without disabilities for the purpose of increasing social interactions between children with and without disabilities in educational settings is an area many educators of early childhood special education strive to find in an effective and easy to implement format. Several strategies from research are presented in this article. Only strategies that were demonstrated to be successful through reported research are discussed. Strategies are identified according to their ease of implementation and effectiveness.",,
083-600-096-488-397,المعايير العالمية اللازمة لتنمية مهارات اللغة الإنجليزية لدى الأطفال ذوى صعوبات التعلم بمرحلة الطفولة المبکرة The needed International Standards for Developing English Language Skills of Early Childhood Stage with a Learning Disabilities,2021,The aim of the current research is to identify the needed international standards for developing the English Language Skills of Early Childhood Stage with a Learning Disabilities، and the researcher used the descriptive approach to determine those international standards، after verifying their validity through modifications of the arbitrators and the research ended by emphasizing the importance of the necessary the needed international standards for developing the English Language Skills of Early Childhood Stage with a Learning Disabilities.,,
083-621-447-494-821,Special Educational Needs and Disabilities in Early Childhood Education (Finland),2019,"Early childhood education and care (ECEC) Finnish early childhood education and care (ECEC) consists of services for children from birth to approximately seven years of age (mandatory pre-primary year for sixyear-olds and preceding ECEC). It can be arranged in day care centre or as family day care. Other club-based services are also available. Finnish ECEC (under six-yearolds) is regulated with Early Childhood Education Act and a national curriculum from ECEC. Pre-primary education Pre-primary education is a mandatory educational service for six-year-olds. It is provided four hours a day and it is free of charge for the families. Pre-primary education is part of ECEC services. Pre-primary education emphasises play-based learning and learning of social skills in peer interaction. Finnish pre-primary education is regulated with Basic Education Act and a national curriculum from preprimary education. After pre-primary education, children start the compulsory school at the age of seven. Early childhood special education (ECSE)",Heiskanen  Noora; Viitala  Riitta Early childhood education and care (ECEC); Pre-primary education; Early childhood special education (ECSE); Early childhood special education teacher (ECSET); Inclusive education; Special educational need (SEN); Early intervention; Participation,
083-755-328-445-115,Parents' Involvement in their Preschoolers Public Education: Families of Children with and without Disabilities,2016,"Parent involvement in early childhood education benefits the parents, the teachers, and most importantly the child. Parent involvement is a concept that refers to the participation of parents in their child’s development and academic learning, and is centered on the fostering of relationships between the home environment and the school environment (Fantuzzo, Tighe, & Childs, 2000). Currently, little research has been done on parent involvement in early childhood (and even less focusing on children with disabilities, specifically), and this study aims to fill this gap in the literature. Thirty nine parents of children enrolled in a public preschool program, which enrolls both children with and without disabilities, participated in this study, as well as the five teachers working at this program. The parents completed a survey packet which included questions about parent involvement both at home and within the school, as well as questions regarding the barriers that prevent parents from being involved. Upon the return of the packets, the teachers complete a brief questionnaire regarding the participating families’ involvement. The results revealed group differences based on the race/ethnicity of the family, the disability status of the child, and differences between barriers to home-based involvement and school-based involvement. These results suggest that family characteristics impact a family’s level of involvement and the barriers families’ face in regards to school-based and home-based involvement in their child’s early education.",,
083-928-635-569-460,Dynamic and Uncertain Pathways between Early Childhood Inclusion Policy and Practice,2008,"In the United States, early childhood inclusion dates back to the civil rights movement with the 1954 case of Brown v. The Board of Education, an issue of segregation by race in schools and followed by the Americans for Disability Act (ADA). A Free Appropriate Education (FAPE) in the Least Restrictive Environment (LRE), from Individuals with Disabilities Education Act (IDEA) has influenced inclusive practices. Both the IDEA and the No Child Left Behind (NCLB) provide language supporting early childhood inclusion, but the implementation of inclusion has been uneven. Many factors influence practice, including changes overtime in the interpretation of existing laws, definitions of what is inclusion and research outcomes of inclusive practices. Local infrastructure for serving young children, funding, qualified personnel, motivated leadership and teachers, and informed parents are also factors impeding or facilitating early childhood inclusion. The complexity involved suggests a dynamic process with uncertain pathways from policy to practice.",inclusion; policy; USA,
083-949-472-358-978,"Ordinary Families, Special Children: A Systems Approach to Childhood Disability",2014,"Many would agree that the growing number of children with disabilities is becoming astonishingly high. Children are being diagnosed with various disabilities including attention deficit/hyperactivity disorder, Autism Spectrum Disorder, Down Syndrome, various learning disabilities, speech and language impairments, disabilities with hearing and sight, emotional disturbance and many other health impairments. The presence of a child with a disability in a family has an immense impact on the way the family functions. Milton Seligman and Rosalyn Benjamin Darling, in their book Ordinary Families, Special Children, explains and provides a multi-systems perspective on childhood disability and its effects on family life through research, suggestions and numerous real-life scenarios that depict ways families respond to having a child with a disability. With his chief academic interest in the area of childhood disability and the family, Milton Seligman, PhD, collaborated with Rosalyn Benjamin Darling, Professor at",,
084-197-117-914-041,Effectiveness of embedded instruction in early childhood special education: a literature review,2011,"ABSTRACT Empirical literature acknowledges the importance and benefits of inclusive education. However, cautions have been noted in the literature with respect to providing children with disabilities with appropriate opportunities to learn new skills in inclusive settings. One approach that has been used in early childhood special education to provide instruction for young children with disabilities is called embedded instruction. The purpose of this literature review was to evaluate the effectiveness of embedded instruction for young children with special needs. The examination of findings revealed that embedded instruction is an effective practice to teach a range of skills to children with various developmental delays and disabilities in inclusive preschool classrooms. Moreover, children who learn new skills through embedded instruction generalise these skills across people, setting, activities, and materials and maintain these skills over time. RESUME: La litterature empirique reconnait l'importance e...",,
084-360-893-001-824,Inclusive leadership in early childhood education: practices and perspectives of program administrators,2015,"There is an overwhelming amount of evidence to support the inclusion of children with disabilities as best practice in early childhood education (ECE) programs (Council for Exceptional Children, Division of Early Childhood (DEC)/National Association for the Education of Young Children (NAEYC), 2009; Green, Terry, & Gallagher, 2014; Strain & Bovey, 2011; Rafferty, Piscitelli, & Boettcher, 2003). Unfortunately, data indicates that a majority of preschool children with disabilities receive special education services in separate settings (U.S. Department of Education, 2013). While a wealth of research provides evidence of how teachers can support inclusion in their classrooms, there is very little research exploring how leaders in the field promote inclusion within their programs. The purpose of this phenomenological case study was to gain insight into the perspectives of early childhood leaders about practices that facilitate inclusion. Leadership theory was used as a framework to explore data collected in the form of interviews, observations, and documents that revealed descriptions of contexts in which participants led as well as emerging structural and textural themes for and across participants to capture the essence of leadership practices in inclusive ECE programs. Implications for practice and directions for future research are discussed.",,
084-517-661-612-346,Pre-Early childhood teachers' Perceptions about Inclusive education for young children with disabilities presented Through the process of disability understanding education,2010,,,
084-629-643-165-067,Video modeling and praise in early childhood classrooms: Enhancing social learning and academic behaviors,2025,"The integration of video modeling and systematic praise strategies in early childhood education has emerged as a powerful pedagogical approach for enhancing both social learning and academic behaviors among young learners. This comprehensive review examines the theoretical foundations, empirical evidence, and practical applications of these evidence-based interventions within the United States educational context. Drawing from social learning theory and behavioral principles, this article synthesizes current research demonstrating the effectiveness of video modeling combined with strategic praise delivery in promoting prosocial behaviors, academic engagement, and skill acquisition in children ages 3-8 years. Analysis of 45 peer-reviewed studies conducted between 2020-2025 reveals significant positive outcomes across diverse populations, including typically developing children and those with developmental disabilities. Implementation considerations, technological requirements, and future research directions are discussed to inform best practices for educators and administrators seeking to optimize learning environments through these innovative approaches.",,
084-870-769-056-107,*Curriculum Development; Early Childhood Education; *Educational Policy; *Educational Research; Elementary Education; Language Arts; Learning Disabilities; *Literacy; Reading Difficulties; Research Utilization,1997,,,
084-931-492-771-007,Is the right to early intervention being honoured? A study of family experiences with early childhood services,2018,"This article presents an empirical study of family interactions with childhood disability and early years services in Ontario, Canada, with a focus on whether the right to early intervention is being honoured. International mandates, national legislation, and local policies have increased global awareness of the rights of children to be provided with environments for optimal healthy development and education, including the right to early intervention. The right to early intervention is articulated by the United Nations in several international declarations and conventions. Article 20 of the Convention on the Rights of the Child (CRC, 1989) was the first convention to use the term disability. It specifically addresses the particular rights of disabled children, with articulation of the right to “enjoy a full and decent life, in conditions which ensure dignity, promote self-reliance, and facilitate the child’s active participation in the community” (A.20, s.1, 1990). Further, the CRC clearly states that children have the right to special care and assistance for both the child and the service providers working with the child. Services are to be delivered free of charge in order to ensure that the child has access to education, training, health care, rehabilitation, preparation for employment, and recreation services. In all cases these services must consider the fullest social integration and individual development that is consistent with cultural and spiritual beliefs (A.20, s.2-4).",childhood disability; early years; healthy development; education,
084-948-558-762-586,Increasing Daily Living Independence Using Video Activity Schedules in Middle School Students With Intellectual Disability,2017,This study used a multiple probe across participants design to (a) evaluate the use of system of least prompts to teach students to self-instruct and (b) evaluate the use of a mobile device for a v...,,
084-999-607-058-860,A Teaching Method Providing Choice Opportunities for Young Children with Severe and Multiple Disabilities Effects of Spontaneous Expression and Participation Behavior,2020,,,
085-284-675-414-895,Functioning in Key Contexts for Children with Developmental Disabilities and Illnesses and Directions for Future Research,2026,,,
085-367-259-252-819,A study on factors which parents consider when choosing a elementary school for children with disability through focus group interview,2017,,,
085-367-625-352-992,Inclusive education in New Zealand: voices from early childhood teachers,2022,"<jats:p>This study reports data on early childhood teachers' perspectives of early childhood inclusive education in New Zealand. A qualitative method was employed for this research. The process included an internet survey questionnaire which was sent out to early childhood teachers across New Zealand. The results indicated that though early childhood teachers believed that in general, early childhood programmes in New Zealand were flexible and welcoming, they found that their programmes did not effectively respond to children with special needs. Teachers also reported the strategies they used and the difficulties that must be overcome for the successful inclusion of young children with disabilities. Implications and suggestions for the implementation of effective inclusive early childhood services are included.</jats:p>",,
085-712-238-716-121,Research Guides: Early Childhood Education: EDU 221 Disability Topic Paper,2012,,,
085-727-246-330-570,Communication Disabilities,2016,,,
085-728-933-818-070,Teaching Non-Target Information to Children with Disabilities: An Examination of Instructive Feedback Literature.,2018,"Systematic trial-based learning procedures are commonly used to teach students with disabilities in special education settings. Instructive feedback is a procedure created to increase the efficiency of trial-based learning procedures. It involves the planned addition of non-target information that is systematically placed in the consequent events of learning trials. This systematic review examines the instructive feedback literature that was conducted since the only previous review was published in 1995. An extensive search of published and gray literature yielded a total of 54 eligible studies. Across studies, participants acquired an average of 64% of the non-target information presented through the instructive feedback procedure. In group studies of instructive feedback, participants exhibited an average gain of 55% of the extra information provided to peers. Results suggest that the instructive feedback procedure can be used to increase the efficiency of trial-based learning for students with disabilities of all ages. Instructive feedback is recommended as an effective strategy for enhancing trial-based teaching procedures for students with disabilities.",,
085-962-815-289-388,Professional competencies of intellectual disabilities teachers in early childhood stage as perceived by them,2022,"<jats:p>This study aimed to determine the level of professional competencies for teachers of intellectual disability in early childhood from their point of view in the Riyadh region and to identify the differences at that level according to the variable years of experience, academic qualification, and location of the program. The study sample consisted of (92) teachers of intellectual disability in early childhood in the Riyadh region, who were selected by random sampling method. To achieve the study's objectives, the researcher prepared a scale of competencies for teachers of intellectual disability in early childhood. The scale consisted of (47) items distributed over six sub-dimensions, which were responded to using the five-year Likert scale for the level of proficiency. After their psychometric criteria were verified, they were applied to the sample of the study in order to extract the results that showed that the level of possession of professional competencies by intellectual disability teachers in early childhood was generally at a high level. The arithmetic mean of the scale as a whole was (3.87).</jats:p>",,
086-030-643-881-292,‘You know that collaboration works when … ’ identifying the features of successful collaboration on behalf of children with disabilities in early childhood education and care,2017,"ABSTRACTThe purpose of this study was to identify features of successful collaboration among professionals and parents involved in supporting children with disabilities in early childhood education and care. The study employed a multiple-case study design comprising 6 cases and 30 adult participants, who were interviewed regarding their collaboration on behalf of 6 children with significant disabilities ranging in age from 3 to 5 years. Applying a system-theoretical approach, analysis led to the development of a framework based on the concepts of ‘internal’ and ‘external’ features of collaboration. Whereas internal aspects refer primarily to the interpersonal interactions of parents and professionals, external features are linked to conditions that occur at a greater ‘distance’ from these interactions, yet nonetheless appear to have a substantial impact on participants’ beliefs about whether the collaboration is successful. We argue that external influences have too often been overlooked in the literature...",,
086-210-373-156-59X,Pathways to Inclusion: Exploring Early Childhood School Administrators' Attitudes towards Including Children with Disabilities in Türkiye,2023,"Inclusion has been recognised as an educational practice to support development and learning of children with disabilities in general education settings in Türkiye since 1980s. Numerous studies have examined the attitudes of various stakeholder towards inclusive education. However, there is limited research examining early childhood school administrators’ attitudes towards inclusion. The purpose of this study was to investigate attitudes of Turkish early childhood school administrators towards inclusion of young children with disabilities and factors that may impact their attitudes. A total of 267 school administrators completed an online questionnaire. Findings showed that early childhood school administrators possess moderately positive attitude towards inclusion of young children with disabilities in their schools. Variables including gender, education, administrative role and location of school predicted administrators’ attitudes; female administrators, those with a bachelor’s degree in early childhood education, principals rather than assistant principals; and those who worked in urban schools had more favourable attitudes. Moreover, early childhood school administrators’ attitudes towards inclusion were found to be closely related to their values in relation to diversity and equity, beliefs regarding parental, community and system-level support for inclusion and previous positive inclusive experiences, professional development and training on inclusion and leadership skills. Implications for future research and practice are discussed",,
086-235-020-450-073,A Disability Studies in Education Analysis of the edTPA Through Teacher Candidate Perspectives,2017,This analysis of the Special Education edTPA is written by two professors who co-taught a student teaching seminar at one institution and supported the first groups of teacher candidates required t...,,
086-470-926-752-393,: Foundation Course on Education of Children with Disabilities Block - 3 : Understanding of Early Childhood Development and Intervention of Children with Disabilities Advisory and Implementation Committee:,2004,,,
086-794-465-669-239,A Study on the Meaning of the Relational Experience in the Inclusive Classroom of Children with Disabilities,2011,,,
086-886-199-094-118,The Trauma-Informed Attitudes and Practices of Early Childhood Special Education Teachers: A Mixed Methods Exploration.,2026,"Young children with disabilities experience trauma at high rates. Early childhood special education teachers play a critical role in supporting these children through the use of trauma-informed care. This study explored early childhood special education teachers' trauma-informed attitudes and practices. Twelve early childhood special education teachers in one Midwestern state participated in this study. A mixed methods study was conducted, with participants completing a survey to measure trauma-informed attitudes and participating in interviews to explore trauma-informed practices. Participants were aware of the impact of trauma on the children in their class and described various factors that impacted their use of trauma-informed care. Implications for research and practice are discussed related to the provision of trauma-informed care for young children with disabilities.",Preschool; Teachers; Trauma; Trauma-informed care,
086-903-147-286-144,Special Education Services for Preschool-Aged Children,2022,"Education of preschool aged-children with disabilities has been mandated in the United States since the mid-1970s. Children age 3–5 with disabilities have been served under Part B, Section 619 of the Individuals with Disabilities Education Act (2004) beginning in 1986. Services to preschool-aged children include being educated in the Least Restrictive Environment (LRE) and receiving an Individualized Education Program (IEP) which includes the child’s present level of performance, goals and benchmarks for the child, and supports needed to meet the identified goals. In planning instruction for young children with disabilities, prominent themes in early childhood special education are inclusion with typical peers, use of evidence-based and developmentally appropriate practices, and working with families to identify the strengths, needs, and goals for children. Inclusion in early childhood environments with typically developing peers has been linked to better cognitive and social outcomes for young children with disabilities (Barton & Smith, 2015). However, it is imperative in settings where young children with disabilities are taught that developmentally appropriate practices (i.e., teaching practices that are determined based on the child’s development, individual learning strengths and needs, and cultural context) that are also evidence-based are used. To this end, the Division of Early Childhood of the Council for Exceptional Children has identified a set of recommended practices based on evidence and experience from the field (DEC, 2014). One overarching theme in early childhood special education included in the DEC Recommended Practices (2014) is the ongoing need for family-centered practices. These family-centered practices ensure the early childhood special education providers collaborate with the family to plan the goals and instruction for their child with a disability. Use of family-centered practices lead to better outcomes for young children with disabilities (Dunst, Trivette, & Hamby, 2007).",,
087-185-694-279-552,Early Childhood Educational Settings and School Absenteeism for Children With Disabilities,2018,Data from the Early Childhood Longitudinal Study Kindergarten Class of 2010–2011 were used to examine the implications of preschool and full-day kindergarten enrollment for the subsequent school ab...,preschool; full-day kindergarten; children with disabilities; absenteeism,
087-618-153-463-470,Competencies and Training Needs For Early Childhood Inclusion Specialists,1999,"This study investigated perceptions of competence, training, and importance ofprofessional skills related to inclusion of children with disabilities in early childhood settings. Four groups were surveyed for a total of 172 respondents, including parents of children with disabilities, professionals in early childhood programs, university-based trainers, and preservice students. Respondents completed a survey indicating their perceptions of professional competence or training, as well as importance of skills in five domains: (a) working with families, (b) performance-based assessment, (c) interdisciplinary team functioning, (d) consultation, and (e) challenging behaviors/attention deficits. In addition to validating competencies that are important for early childhood inclusion specialists, we compared perceptions across respondent groups. In all skill domains, parents rated professionals' competence lower than did the professionals themselves; there was no difference between faculty and students in their ra...",,
087-991-927-058-061,DESAFIOS DOCENTES RELACIONADOS À INCLUSÃO ESCOLAR DA CRIANÇA COM NECESSIDADES EDUCACIONAIS ESPECIAIS NO ÂMBITO DA EDUCAÇÃO INFANTIL,2024,"<jats:p>This work aims to understand the challenges of inclusion and the importance of inclusive practices promoted through pedagogical work in early childhood education, as well as understanding inclusion as a right for all; discuss teaching difficulties in everyday early childhood education classrooms from an inclusive perspective; identify pedagogical practices and methodologies that stimulate the development of children and encourage the processes of inclusion of children with disabilities in early childhood education. There are many challenges encountered in teaching practice, especially when it is part of a special education perspective. To carry out this research, bibliographic and documentary analyzes were used as a methodology that bring approaches related to the topic in question, with the aim of clearly emphasizing the teaching challenges with regard to inclusion in early childhood education classrooms. We used bibliographic and documentary surveys such as the Law of Guidelines and Bases of National Education No. 9,394/96 (LDBN), Federal Constitution of 1988, Operational Guidelines for specialized educational assistance in Basic Education, Special Education modality, Cury (1995), Mantoan ( 1993), among others who supported this construct with its literary reverberations. One of the most relevant points of this research was the importance of teacher training, highlighting its importance in being able to work with the public who have special educational needs, implementing what the law provides, where the right to inclusion and permanence of students must be implemented, starting with Early Childhood Education, the first stage of Basic Education</jats:p>",,
088-139-212-371-655,Response to Early Literacy Instruction: Practical Issues for Early Childhood Personnel Preparation.,2005,"Abstract Converging research has demonstrated the importance of early literacy intervention to prevent reading disabilities. However, no one program can meet the needs of all children. One proposed revision of current special education identification procedures is known as the response‐to‐intervention (RTI) model. RTI will require that early childhood educators deliver research‐based early literacy instruction, assess children's progress in the curriculum, and develop intensive individualized interventions to improve outcomes for children who do not make adequate progress. This article addresses the challenge facing professionals who provide preservice and in‐service early childhood teacher education and who must train personnel to implement RTI.",,
088-147-783-556-450,Dancing for Democracy: Able-ness and Disability Justice,2017,,,
088-370-566-505-499,Examining lifespan stage recognition abilities among adults with intellectual disability,2019,"Being aware of the different social expectations linked to the principal lifespan stages (i.e., childhood, adulthood, old age) is critical to an individual's inclusion in the community and to devel...",,
088-397-961-550-572,Early Childhood Educators' Perception of their Training and Support Needs for Inclusive Education,2023,"<jats:p>Inclusion literature is multifaceted; demonstrated by variation in meaning and interpretation of the concept. Within the body of literature on inclusion, educators' perceive training and support needs as key barriers to practicing inclusive education. The current study explores the perceptions of twenty early childhood educators across Toronto, Ontario about their own training and support needs for enacting inclusive education. A qualitative interview method, and triangulation with two questionnaires were used to collect data. The social model of disability was the theoretical framework that guided the research project. Major themes came from the topics identified in the literature and elicited through interview questions. Several subthemes also emerged during data analysis. Results of the thematic analysis suggest that opportunities for ongoing training and more access to resources are sought by educators and might increase confidence in their ability to include children with disabilities in their programs. Recommendations for future research and practice are discussed.</jats:p>",,
088-724-694-234-860,Team Teaching in an Early Childhood Interdisciplinary Program: A Decade of Lessons Learned,2009,"Preparing students in the early childhood field to work with children both with and without disabilities and to collaborate with different professionals is an important endeavor for colleges and universities. The purpose of this paper is to articulate a unique model of program collaboration between early childhood special education and early childhood regular education that demonstrates a cohesive preservice teacher education program across two departments within one university. This unique 10-year history of interdisciplinary collaboration and team teaching provides insights into many of the benefits and challenges of this type of program. This paper presents an historical overview of the development of this collaborative program and describes the logistics of operating an interdisciplinary program at the administrative level. Information collected from faculty and students illustrates the benefits and challenges of team teaching. Finally, strategies for developing a successful program are discussed.",Early Childhood; Special Education; Preservice Teachers; Team Teaching; Teacher Education,
088-799-809-611-707,Okulöncesi Kaynaştırma Ortamlarında Yetersizliği Olan Çocukların Akran Kabulü,2014,"Peer acceptance is considered crucial to gain positive outcomes for young children with disabilities in inclusive early childhood education. The purpose of this qualitative case study is to investigate peer acceptance of children with mild intellectual disabilities (ID) in inclusive kindergartens. Through a purposeful sampling technique, three children with ID and their 51 typically developing classmates were included in the study. Data were gathered through semi-structured interviews with the classmates and the content was analyzed. Differences in peer acceptance were evident across three cases: one was socially accepted, one was socially rejected, and third was socially ""controversial"", that is, he was both accepted and rejected. While good social skills of children with ID were closely related to the peer acceptance, social skill deficits and problem behaviors were related to the peer rejection. Therefore, well-designed practices that promote social competence in inclusive early childhood classrooms are needed to enhance the social interactions and peer acceptance of young children with disabilities.",Peer acceptance; inclusion; kindergarten education; children with disabilities Akran kabulü; kaynaştırma; okulöncesi eğitim; yetersizliği olan çocuklar,
089-244-316-630-114,Funcionalidade e qualidade de vida de crianças com deficiência,2018,"Introduction: Preschool teachers are able to provide realistic information about functionality and quality of life of children with disabilities in regular classrooms.Objective: To analyze functionality and quality of life of children with disabilities included in public schools with early childhood education programs in Florianopolis, in the State of Santa Catarina, Brazil.Methods: Special education teachers, classroom teachers, physical education teachers, special education teaching assistants and classroom assistants for 2- to 5-year-old children with disabilities, who showed motor disabilities and were included in municipal public schools with early childhood education programs in Florianopolis. The instruments used were: the Pediatric Evaluation of Disability Inventory, the Pediatric Quality of Life Inventory version 4.0 and an identification form.Results: There were similarities between teachers’ reports about functionality and quality of life of children with disabilities.Conclusion: There are different academic backgrounds, professional categories and working hours. However, the reports of these teachers showed homogeneity of results, which indicates that they are attentive to the educational tasks and child care, and engaged in inclusive education, child development and well-being.",motor disorders; quality of life; children with disabilities; child education,
089-295-988-424-663,Young children with and without disabilities: Perceptions of peers with physical disabilities,2014,"Young children with and without disabilities were interviewed regarding their perceptions of other children with and without disabilities. Both groups of children were generally positive and realistic about the physical, academic and social competence of children with and without disabilities. However, compared to typically developing children, children with disabilities tended to view other children with disabilities more positively in the physical and academic areas. In the social areas, more children without disabilities responded more positively than children with disabilities. These findings have implications for successful inclusion in early childhood education.",young children with disabilities; perceptions about physical disabilities; typically developing children's perceptions,
089-424-735-666-056,"Language, Learning, and Disability in the Education of Young Bilingual Children",2021,"<jats:p>Using an interdisciplinary perspective to discuss the intersection of language development and learning processes, this book summarizes current knowledge and represents the most critical issues regarding early childhood research, policy, and practice related to young bilingual children with disabilities.</jats:p>",,
089-660-904-111-516,Development and Implementation of a Performance-Monitoring System for Early Childhood Education,2001,"This paper describes the conceptualization, development, and implementation procedures for a performance-monitoring system designed to evaluate the progress of young children, with and without disabilities, in an inclusive early childhood education program. A total of 20 early childhood educators from one preschool participated in a 10-month, professional development program designed to advance their knowledge and understanding of performance assessment, and to enable them to develop their own performance-monitoring system entitled “Changing, Learning, and Growing” (CLG). This paper provides an overview and rationale for performance monitoring, and explains the five-step process through which participating teachers were guided in their development of CLG.",,
089-815-641-450-017,"An International Conversation on Disabled Children’s Childhoods: Theory, Ethics and Methods",2020,"This article brings together members of the International Advisory Committee for the Inclusive Early Childhood Service System (IECSS) project, a longitudinal study of interactions with institutional processes when families have a young child with disabilities. The article introduces international discourses on early childhood development (both individual and community) and raises questions about the ethics of these discourses in the context of historical and current global inequalities. We consider the exporting of professional discourses from the global north to the global south through directives from global institutions, and the imposition of medical thinking onto the lives of disabled children. We discuss theoretical positions and research methods that we believe may open up possibilities for change.",Disabled Childhood Studies; Institutional Ethnography; Early Childhood; Sustainability Goals; International Development,
090-123-964-916-895,"Session 9: Sustainability, Policy and Leadership | Early Childhood Provisions Outlined Under Individuals with Disabilities Education Act (IDEA) Mandates",2014,,,
090-169-902-028-749,Using PulpMotion videos as instructional anchors for pre-service teachers learning about early childhood special education,2016,"Providing pre-service early childhood general educators with a strong knowledge base of key aspects of early childhood special education is essential in the United States as US federal law mandates it. Specifically, the Individuals with Disabilities Education Act (IDEA) stipulates that children with special needs must to be placed in the least restrictive environment, and thus this legislation increases the number of young children with special needs in general education settings (Cook, Klein, Tessier, 2008; Crockett &amp; Kauffman, 2013; Siegel, 2007). For many pre-service early childhood educators, learning about concepts in early childhood special education can be challenging given that pre-service general educators can often feel uncomfortable with potentially working with children with special needs, a population that they may feel they have little understanding of how to effectively teach (Henning &amp; Mitchell, 2002). However, teacher education approaches that allow the exploration of various perspectives about inclusive practices while also developing critically reflective thinking skills can promote a sound understanding of inclusive teaching practices (Silverman, 2007). This study introduced an anchored instructional experience using a software program called PulpMotion to create video media to bridge meaningful understandings of general educators with potentially challenging knowledge of early childhood special education. Pre-service early childhood educator s presented with the PulpMotion created anchored instructional video experiences were shown to have a marked increase of on-line discussion board postings and reviews of ""non-required"" reading of early childhood special education.<br>International Research in Early Childhood Education, vol. 5, no. 1, p. 56-63",,
090-372-737-296-97X,Contemporary Psychoanalytic Approaches to Early Childhood Education,2025,"<JATS1:p>Contemporary Psychoanalytic Approaches to Early Childhood Education edited by Alex Collopy offers critical analyses of psychoanalytic theory to provide a deeper understanding of the construction and education of young children from infancy to age eight, focusing on the experiences of children with identified disabilities, social, emotional, gender, linguistic, racial, and socioeconomic differences. It also provides portraits of early childhood practice and early childhood teacher trainings to demonstrate the potential of psychoanalysis as both a lens for understanding the dynamic nature of being, development and learning, and as a creative, multimodal method for facilitating new relationships between the inner and relational worlds of children and adults. Written by and for scholars and professional educators in curriculum and instruction, school psychology, infant mental health, social work, and allied professions, this book provides insight into the histories, present, and potential futures of psychoanalysis within and across education spaces as an act of advocacy for young children.</JATS1:p>",,
090-741-220-121-908,Comparative Research on the Attitudinal Competence for Early Childhood Education and Care in Europe - Comparative Research on the Attitudinal Competence for Early Childhood Education and Care in Europe,2017,"Her research interests center on the quality of early childhood services, with her fellowship focusing on the knowledge, skills, and attitudes required of the early childhood education and care workforce. She has a background in researching the provision of early childhood services and policy developments in early childhood education and care. Jan Georgeson is a research fellow at Plymouth University, currently investigating professional development for early years practitioners, especially in the context of multiagency working and working with very young children. She has a background in teaching young children with special educational needs, particularly speech, language, and communication difficulties. Jan carried out research at Birmingham University from 1995 onward, completing an EdD in Educational Disadvantage and Special Educational Needs in 2006. Since then she has worked on a range of research projects on disability, special educational needs, and provision in the early years.",,
091-211-530-750-273,Adaptive education for students with special needs in the inclusive classroom,2004,This article focuses on factors that promote the use of appropriate accommodations for children with disabilities in early childhood inclusive settings. It investigates the kinds of accommodations ...,,
091-256-885-110-813,Estudos da Defectologia em Vygotsky e suas contribuições para a Educação Infantil na perspectiva da Educação Inclusiva,2025,"<jats:p>This article aims to present the contributions of Vygotsky's theory of defectology to early childhood education from the perspective of inclusive education, highlighting some pedagogical inspirations for everyday practice and organization. This literary review brings together contributions from pedagogy, psychology, and sociology, configuring powerful, multidisciplinary reflections on child development. The article considers the importance of fostering debate around inclusion among early childhood education children, understanding children with disabilities as producers of cultures that develop holistically through their encounters with themselves, others, and the world. </jats:p>",,
091-831-587-559-661,A study of factors which influence maternal happiness for mothers of young children with disabilities and mothers of young children without disabilities,2013,,,
091-967-689-456-930,EXPLORING THE CHALLENGES ON THE IMPLEMENTATION OF INCLUSIVE EDUCATION IN EARLY CHILDHOOD EDUCATION: A CASE OF CHILDREN WITH DISABILITIES,2023,"<jats:p>Particularly the study explored if the absence of trained and qualified teachers in early childhood, stigma on students with disabilities, unsuitable infrastructures, and improper methodologies for instruction and curriculum were features that obstruct the stipulation of special needs education in preschool. The study was carried out in 10 preschools, which were randomly selected in Morogoro Municipality involving teachers and heads of preschools. The descriptive design was employed while using a mixed method to analyze the variables and more interpretation whereby instruments employed were questionnaires and interviews.  Statistical analysis was employed using ANOVA and Chi-square with p-value ≤ .05 and CL of 0.95 with the support of percentages, tables, and charts. Participation and self-esteem, motivation, benefits as well as the type of disability seem to greatly influence the accomplishment of inclusive education. On the other side insufficient teacher training, deficient materials for learning and teaching, and unsuitable curriculum were observed to slow down the execution of inclusive education. Results of this study showed that there is an unfavorable environment for learning, and the minimum point of understanding and knowledge on content about special needs education among teachers. It is expected that these findings will help and support the Ministry of Education to design, manage, and administer inclusive education in early childhood education adequately and in a proper manner.</jats:p>",,
092-100-119-079-445,Educational play in early childhood education,1991,"(1991). Educational play in early childhood education. Early Child Development and Care: Vol. 66, No. 1, pp. 45-64.",early childhood education; non-formal education; social pedagogy; creative writing; visual arts; diversity; disabilities,
092-208-327-708-79X,Ecological Inventory: An approach for assessment of children with intellectual disability,2014,"Assessment of children with intellectual disability is necessary to determine their eligibility for special educational services. As cognitive and adaptive behaviors are essential parts of the definition of intellectual disability. The main purpose of this paper is to review of different major tests, scales and instruments which are used for assessment of these children. This paper also present critical arguments against using intelligence tests and adaptive scales developed in other technically advanced countries of the world and use in Pakistan. Ecological approach is discussed in detail as best approach for need assessment of functional skills and programming for children with intellectual disability.",,
092-481-122-087-683,"The ""Concept Teaching"" Game: A Rationale",1987,"Follow this and additional works at: http://educate.bankstreet.edu/thoughtandpractice Part of the Curriculum and Instruction Commons, Curriculum and Social Inquiry Commons, Disability and Equity in Education Commons, Junior High, Intermediate, Middle School Education and Teaching Commons, Pre-Elementary, Early Childhood, Kindergarten Teacher Education Commons, and the Social and Philosophical Foundations of Education Commons",,
092-566-521-244-036,그림책 활용 장애이해교육을 통한 예비유아교사의 인식 변화,2019,"The purpose of this study is to find out the changes of perception of pre - service early childhood teachers in the education of disability understanding using picture books and to find out the necessary measures to activate further integrated education based on them. The subjects of this study were 22 pre-service early childhood teachers in early childhood education department in D area. The research tool is composed of 40 questions of intellectual disability, mental disorder (autism), 40 questionnaires, reflective journal, pre-service early childhood teachers. It is the picture book analysis data and the educational plan drafted. The data were analyzed by quantitative and qualitative analysis to see the changes in perceptions of pre-service infant teachers. The quantitative analysis was performed using the SPSS 18.0 program and the corresponding sample t-test. The qualitative analysis was conducted using the Nvivo 11.0 program respectively. The results of this study showed that there is a significant difference in social distance between the intellectual disability and mental disorder(Autism)",,
092-724-441-950-53X,SPED 635 Assessment: Early Childhood Special Education and Moderate/Severe Disabilities,2015,Syllabus for SPED 635 Assessment: Early Childhood Special Education and Moderate/Severe Disabilities,,
092-928-959-080-414,Using PulpMotion videos as instructional anchors for pre-service teachers learning about early childhood special education,,"Providing pre-service early childhood general educators with a strong knowledge base of key aspects of early childhood special education is essential in the United States as US federal law mandates it. Specifically, the Individuals with Disabilities Education Act (IDEA) stipulates that children with special needs must to be placed in the least restrictive environment, and thus this legislation increases the number of young children with special needs in general education settings (Cook, Klein, Tessier, 2008; Crockett & Kauffman, 2013; Siegel, 2007). For many pre-service early childhood educators, learning about concepts in early childhood special education can be challenging given that pre-service general educators can often feel uncomfortable with potentially working with children with special needs, a population that they may feel they have little understanding of how to effectively teach (Henning & Mitchell, 2002). However, teacher education approaches that allow the exploration of various perspectives about inclusive practices while also developing critically reflective thinking skills can promote a sound understanding of inclusive teaching practices (Silverman, 2007). This study introduced an anchored instructional experience using a software program called PulpMotion to create video media to bridge meaningful understandings of general educators with potentially challenging knowledge of early childhood special education. Pre-service early childhood educator s presented with the PulpMotion created anchored instructional video experiences were shown to have a marked increase of on-line discussion board postings and reviews of ""non-required"" reading of early childhood special education.International Research in Early Childhood Education, vol. 5, no. 1, p. 56-63",teacher education; digital technology; special education,
093-012-237-428-286,Interface entre Educação Infantil e Educação Especial: estudos sobre o atendimento às crianças na atualidade,2021,"This study aimed to identify research in master's and doctoral programs related to the interface between Early Childhood Education and Special Education. A brief overview of Early Childhood Education and Special Education was presented in its legal aspects and in terms of teacher education. From the bibliometric procedure, we verified the amount of work, year of its defense and level (master's degree or doctorate degree). For the search we used the descriptors: “Early Childhood Education” AND “Special Education”, for the database of the Thesis and Dissertation Catalog of the Higher Education Personnel Improvement Coordination, there was refinement of the research in the large area of ​​knowledge: Humanities. Totaling the corpus of this work with a total of 13 theses and 45 dissertations. There was a temporal distribution of scientific productions from 2004 to 2019, as well as by regions of the country with the highest concentration in the Southeast followed by the South; due to administrative dependence, most of the scientific production was carried out at HEIs at the Federal level; the Postgraduate Programs with research within the interface were divided into three areas: Education, Special Education and School Education and the population of registered coverage was the majority on disabilities in general followed by intellectual disabilities and a smaller number on the other disabilities.",,
093-072-857-824-807,Focusing on Parent--Child Interaction The Bridge to Developmentally Appropriate Practices,1992,"This article contrasts the differences between the educational philosophy and procedures used in early childhood education (ECE) and early childhood special education (ECSE). ECE emphasizes child-directed instruction that is based on children's choices and interests and is embedded in children's play. ECSE emphasizes teacher-directed activities that promote the acquisition of specific developmental skills. We propose that there is insufficient evidence to claim that the ECSE model is essential to the developmental functioning of children with disabilities. In contrast, recent research on parent--child interaction points to the potential benefits of ECE procedures. Findings from this research provide a rationale for examining how the ECE model can be adapted to meet the needs of children with disabilities.",,
093-089-139-742-242,Intellectual Disabilities,2016,,,
093-381-924-449-146,Beyond omission: analysing the erasure of disability and inclusion in the developmentally appropriate practices,2025,"The 4th edition of the National Association for the Education of Young Children&rsquo;s (NAEYC) guidelines for developmentally appropriate practice (DAP) had an opportunity to provide the field an inclusive blueprint. While there was an attempt in this edition to respond to decades of critiques (e.g. Bloch [1992]. &ldquo;Critical Perspectives on the Historical Relationship Between Child Development and Early Childhood Education Research.&rdquo; In Reconceptualizing the Early Childhood Curriculum: Beginning the Dialogue, edited by S. Kessler, and E. B. Swadener, 3&ndash;20. New York, NY: Teachers College Press.; Cannella [1997]. Deconstructing Early Childhood Education: Social Justice and Revolution. New York, NY: Peter Lang.; Escayg [2019]. &ldquo;Who&rsquo;s got the Power?&rdquo;: A Critical Examination of the Anti-Bias Curriculum.&rdquo; International Journal of Child Care and Education Policy 13 (1): 1&ndash;18. https://doi.org/10.1186/s40723-019-0062-9.; Langford [2010]. &ldquo;Critiquing Child-Centered Pedagogy to Bring Children and Early Childhood Educators Into the Center of a Democratic Pedagogy.&rdquo; Contemporary Issues in Early Childhood 11 (1): 113&ndash;127. https://doi.org/10.2304/ciec.2010.11.1.113.; P&eacute;rez and Saavedra [2017]. &ldquo;A Call for Onto-Epistemological Diversity in Early Childhood Education and Care: Centering Global South Conceptualizations of Childhood/s.&rdquo; Review of Research in Education 41 (1): 1&ndash;29. https://doi.org/10.3102/0091732X16688621.; Souto-Manning and Rabadi-Raol [2018]. &ldquo;(Re)Centering Quality in Early Childhood Education: Toward Intersectional Justice for Minoritized Children.&rdquo; Review of Research in Education 42 (1): 203&ndash;225. https://doi.org/10.3102/0091732X187595.), the new edition continues to centre dominant developmental approaches where adults hyperfocus on children&rsquo;s differences or individual characteristics rather than on changing educational structures and practices that promote inequity (Ferri and Bacon [2011]. &ldquo;Beyond Inclusion: Disability Studies in Early Childhood Teacher Education.&rdquo;). The revised guidelines do not go far enough to address inequity and to give teachers and programmes tools for addressing injustice for all young children. This manuscript builds on previous critiques of DAP by explicitly addressing the exclusion of disabled children from the guidelines.",,
093-497-664-825-161,Observing the Social Interactions of Children with Disabilities,2014,,,
093-822-004-445-266,Training early childhood special education teachers to embed instruction during recess for students with severe disabilities,2009,,,
093-900-590-867-103,Research Trends in Mathematics Education for Young Children with disability,2016,,,
093-955-858-910-757,An Analysis of Research Trends in Early Childhood Inclusive Education,2011,"The purpose of this study was to analyze recent research trends in early childhood inclusive education. For this purpose, a total of 408 theses, written between 1986 and 2010, were chosen and then analyzed in terms of years of publication, the main topics of research, and the research methodology used. The results of this study are presented and discussed as follows : First, the amount of research into inclusive education increased greatly after 2001. Second, the main topics of the research, as reflected in the theses studied, were general discussions of inclusive education, the attitudes and apprehension of those working with young children with disabilities and the rate of increase in the quantity of research produced has been gradually increased. Third, the methodologies of researches varied somewhat, as reflected in the review of the survey studies and experimental studies. Therefore, it can be said that research into Early Childhood Inclusion Education will continue to be a subject of interest and study and will continue to develop for the benefit curriculum, measurement, assessment and the families concerned.",,
094-298-265-666-479,The Effects of Education Experience for Enhancing Awareness of Disability on Attitudes of Inclusive Education among Childcare Teachers: Focused on the Mediation Effect on the Attitudes towards Persons with Disabilities,2020,,,
094-369-894-037-603,O afeto e o cuidar no desenvolvimento de crianças com deficiência na educação infantil,2018,"Affection and care are important foundations in early childhood education and essential for the development of children with or without disabilities. Thus, the training of professionals from this initial period of basic education needs to be an issue on the agenda and focus of discussion. Encouraging this reflection in the school can play in favor of the inclusion of children from the early stages of school life. Therefore, the following text seeks to discuss and propose reflections on actions that can be carried out in the context of Early Childhood Education to help a more humanized learning environment.",Take care; Affection; Early Childhood Education; Special Education,
094-981-269-142-820,Early Childhood Intervention in Austria,2014,"The situation of early childhood intervention in Austria is analysed on diverse systems level (legal situation, organisation, concrete procedure. Children with disability or at risk of being disabled qualify for early childhood intervention as well as partly and to some extent also children in the context of socially disadvantaged families. Based on nine provincial laws, the structure of early childhood intervention in Austria is heterogeneous. A consensus regarding key terms, the age of the child (0- 3 or 6), and home-based services exists. Future challenges focus on early identification of vulnerable target groups by increased communication with community based networks (social worker, mental health specialists) as the number of children with unspecific developmental delays or vulnerability will increase (www.strong-kids.eu).",,
095-042-877-532-292,Valuing children with special educational needs and disability,2022,"This chapter celebrates the unique qualities of the Early Childhood Practitioner (ECP) within the arena of Special Educational Needs and Disabilities (SEND), locating this within the evolution of ideas and understandings of the SEND within the wider educational sector in England. It focuses upon the ECP’s expertise in supporting the extensively varied needs of individual children within the sector, whilst recognising and upholding all children’s rights to quality care within the non-maintained Early Childhood Education and Care (ECEC) sector and the local authority-maintained sector, illuminating differences in degree of responsibility for SEND between the two. Drawing upon the author’s involvement in the research carried out for TATYC in 2020, the chapter refers to primary research data collected from Maintained Nursery School (MNS) leaders and practitioners to demonstrate ECPs’ contribution to SEND.",,
095-271-778-281-431,Depictions of Disability a Way with Words,2001,This paper examines 69 articles with a disability theme which were published in the Australian Pre-School Quarterly and the Australian Journal of Early Childhood between 1960 and 2000. The evolving...,,
095-311-287-189-765,Disability Inclusive Early Childhood Development and Education in Humanitarian Settings,2023,"<jats:p>This review looks at the available evidence on disability inclusion in early childhood development and education in humanitarian settings. It found that little evidence and guidance is available relating specifically to the inclusion of children with disabilities in early childhood education in humanitarian settings and there is a lack of extensive provision. However, some guidance exists and the review presents a number of case studies of disability inclusion in early childhood development and education in humanitarian settings.</jats:p>",,
095-523-714-030-826,Is A Partnership Possible? A Comparison Of Elementary Teachers' And Early Childhood Educators' Perceptions Of Disability And Inclusion,2021,"<jats:p>Education literature presents diverse perceptions of disability and inclusion by educators and scholars.  Past research has shown that educators' beliefs influence their practice.  The Full-Day Early Learning Program will commence in Ontario schools in September 2010, which will involve teacher and early childhood educator teaching teams.  This qualitative research study presents two elementary teachers' and two early childhood educators' perceptions of disability and inclusion.  Using a grounded theory strategy of inquiry, two interviews were conducted with each participant.  A poststructural lens was used to analyze and interpret data.  Key findings show distinct understandings of disability and inclusion between the two educator groups, which relate to their pedagogical beliefs and views of the purpose of education. This study draws on attribution theory and a social relational model of disability to explore the implications of participants' perceptions for children's education. Recommendations for future research and practice and identified and briefly explored.</jats:p>","""disability""; ""inclusion""; ""teachers""; ""early childhood educators""; ""perceptions""; ""beliefs""; ""attitudes""; ""purpose of education""; ""attribution theory""; ""social relational model""; ""poststructuralism""; ""grounded theory""; ""full-day early learning""",
095-578-729-006-050,"'Mom, Will Kaelie Always Have Possibilities?' - the Realities of Early Childhood Inclusion",2002,"Ms. Hanline and Mr. Daley discuss and dismiss the myths surrounding the inclusion of children with disabilities in early childhood education programs. LEIGHA, THE 5-year-old daughter of one of the authors, recently asked, ""Mom, will Kaelie always have possibilities?"" Since she was just a year old, Leigha has attended a child-care program that actively includes children with disabilities. And she was trying to understand her friend Kaelie's disabilities. While she confused ""possibilities"" and ""disabilities,"" Leigha innocently identified the main reasons for creating inclusive early education programs: to create normalized expectations for children with disabilities and to foster an understanding of disabilities among the nondisabled. However, while ""best practices"" in early childhood education and in early childhood special education support the inclusion of children with disabilities in early childhood programs,1 about half of all young children with disabilities receive services in settings that serve only children with disabilities.2 Thus many preschoolers with disabilities are isolated from the learning benefits that may occur when they have daily contact with their nondisabled peers. Children who do not have disabilities are also deprived of the positive outcomes that may occur when they interact with peers who have disabilities. Moreover, family members and teachers are unable to experience the potential advantages of inclusion if young children with disabilities are educated exclusively in segregated settings. We wish to identify here some beliefs that work to prevent the implementation of inclusive programs. These beliefs focus on the perceived needs of young children with disabilities, on the potential reactions of nondisabled children, on the anticipated demands on teachers, and on parental concerns. We have become familiar with them through our reading of the literature on inclusion, as well as through our own experiences with inclusive programs. Belief 1. The instructional needs of young children with disabilities can't be met in an early childhood education setting, because young children with disabilities need highly structured programs. Reality 1. Best practice in early childhood education is based on developmental theories, such as those of Jean Piaget, Lev Vygotsky, and Erik Erikson, and on a philosophy of constructivism. The primary vehicle for promoting development in these programs is child-initiated, child-directed, teacher-supported play. In contrast, the field of early childhood special education is based primarily on the behavioral theories of John Watson, Edward Thorndike, and B. F. Skinner and on the educational psychology of mastery learning. The message from these theories is that the more time the child spends in direct instruction, the more the child will learn. A further assumption is that a child with disabilities will be unable to take advantage of environmental experiences that typically promote development. Thus special education programs for young children have traditionally been more teacher- directed than typical early education programs. These philosophical differences between the two approaches have contributed to the belief that learning opportunities in early childhood programs may not be adequate to promote the development of children with disabilities. Recently, professionals have begun to realize that there is much in common in the practice of both approaches and that polarized thinking regarding best practice may prevent children from experiencing inclusion. For example, early childhood education in general has come to recognize that teacher-directed approaches have their place, and the best practice guidelines for early childhood special education programs increasingly recognize the importance of play-oriented approaches. Research findings indicate that inclusive settings (compared to disabled-only environments) are more stimulating and responsive to young children with disabilities. …",,
095-738-713-617-121,Exploring early childhood educators’ experiences of teaching young children with disability:,2020,"This paper argues that whilst inclusive education in early childhood is gaining wider acceptance in the equity and diversity movement, the value and contribution of educators’ voices about what is ...",,
095-903-370-088-905,Multiple perspectives on integrated education for children with disabilities in the context of early childhood centres in Hong Kong,2013,"The integration of children with disabilities in mainstream early childhood settings is a common practice in many developed and developing countries world-wide. A number of key points have been raised concerning such integration, including the increased attention to civil education about the rights of persons with disabilities, training for teachers, and close communication between the government and the mainstream schools. This paper presents a qualitative study of these critical issues in the context of integrated early childhood centres in Hong Kong. These centres operate under an integration policy inherited from the British colonial period. This policy lies within the larger philosophical context of Confucianism with its commitment to excellence, which makes for an intensely competitive schooling environment. Thus, the story presented in this paper is a collection of multiple perspectives of parents with and without children with disabilities, teachers, and school principals on the topic of integrati...",,
096-187-298-479-187,Using Microsoft® PowerPoint™ to Support Emergent Literacy Skill Development for Young Children At-Risk or Who Have Disabilities,2008,"The increasing availability and use of technology applications for teaching emergent literacy skills in early childhood education settings nationwide requires that early childhood education professionals develop skills with readily available software programs. This paper provides general recommendations in using Microsoft®;  PowerPoint™ to support emergent literacy skill development for young children at-risk or who have disabilities. Specific suggestions are presented in the areas of phonological awareness, alphabetic principles, comprehension, concepts about print, and vocabulary development.",,
096-198-498-803-635,A Study on the Validation of the Content Framework of a Family-Customized Parenting Coaching Program for Parents of Young Children with Disabilities,2026,,,
096-807-524-662-209,Manifestations of Public and Self-Stigma of Physical Disability: A Scoping Review in Rehabilitation and Disability Research,2023,"<jats:p>As physical disability exists globally and stigma is prevalent, the need for research on the stigma of physical disability is identified in the fields of rehabilitation and disability studies. This study conducted a scoping review for analyzing the manifestations of stigma on people with physical disabilities using Preferred Reporting Items for Systematic Reviews and Meta-Analyses guidelines. Search terms were used with three electronic databases (Pub-Med, ERIC, and Psyc-INFO) for peer-reviewed rehabilitation and disability journals published from 2000 to 2020 time frame. A total of 683 records were identified, of which 146 were duplication and 413 were excluded by title and abstract, and 124 full-text articles were assessed for eligibility. The final number included was 3 quantitative studies and 8 qualitative synthesis studies for a total of 11 studies. This study revealed that the stigma related to people with physical disabilities is a global issue, and stigma appeared in various settings of society (e.g., education, workplace, rehabilitation and sexual health care, and the benefit system). Public stigma usually appeared related to physical image and the presence of a wheelchair, and most of the studies related to self-stigma were in the stage of recognizing the public stigma, and there were also responses to the public stigma to aim for opportunities for coping and change. Awareness of stigma led to negative psychosocial well-being such as depression, self-efficacy, and quality of life. Future researchers should consider cultural differences and specific types of physical disabilities.</jats:p>",,
096-949-045-350-148,Accessibility of the quality early childhood care and education for the children with disabilities: practices and constraints,2014,,,
097-035-060-510-168,EARLY CHILDHOOD CARE AND EDUCATION [ ECCE] IN NATIONAL EDUCATION POLICY 2020 AND QUESTIONS ON DISABILITY,2020,,,
097-113-925-063-960,"Exploring Challenges to Inclusion of Children with Intellectual Disabilities in Early Childhood Development in Mutoko District, Zimbabwe",2022,"<jats:p>This study sought to explore challenges in the current practices of including children with intellectual disabilities (IDs) in early childhood development (ECD) with a view to using the findings to improve their access to early learning programmes. The study employed semi-structured interviews, focus group interviews, nonparticipant observation and document reviews. Individual interviews were employed to gather data from eleven ECD teachers and five school heads. From each of the five schools, five teachers were purposively selected to participate in focus group interviews. The study found that the execution of this seemingly rather complex practice of inclusion in early learning programmes has to be changed since teachers revealed that they lacked the expertise and necessary resources to meet the needs of these learners. Additionally, schools would prefer these children to attend special schools; they do not accept them and teacher education programmes do not prepare them effectively to work in inclusive environments. The study recommends that capacity building for ECD teachers be improved in order to equip them with adequate skills to deal with children with IDs. In addition, it is recommended that ECD classes be adequately resourced in terms of material and infrastructure. The inclusion of children with IDs at ECD level should be supported by policies that clearly spell out how issues related to resources, class sizes, assessment and teacher education are addressed. Support services should also be available to assist ECD teachers to meet the needs of children with IDs.</jats:p>",inclusion; intellectual disabilities; early childhood development,
097-407-426-732-799,Attitudes and self-efficacy of early childhood educators towards the inclusion of children with disability in day-care,2023,"Educators’ preparedness to include children with disability in day-care is key to the success of early childhood inclusion. This study examines the relationship between attitudes and self-efficacy as key predictors of preparedness for inclusion. The study was conducted in Switzerland, a country with a young tradition of inclusive early childhood care and education, (ECEC) but with increasing numbers of children with disability in public day-care facilities. Early childhood educators (N = 214) completed a questionnaire on their feelings, beliefs, self-efficacy, and behavioural intentions. Structural equation modelling (SEM) was used to analyse paths of effects of participants’ background on behavioural intentions. Results show that inclusive ECEC experience, private interactions and training on disability were associated with higher behavioural intentions. This effect was mediated by participants’ self-efficacy and their beliefs. General ECEC experience was directly associated with lower behavioural intentions. Implications for research and practice are discussed.",,
097-557-497-379-64X,Analysis of Research Trends in Inclusive Education of Young Children with Disabilities at Public and Private Kindergartens: Focusing on Articles Published in Korean Journals during 2008∼2018,2019,,,
097-639-823-527-425,LibGuides: Early Childhood Education: Children with Disabilities,2015,Here you will find library and internet resources for research on topics and issues in Early Childhood Education,,
097-745-508-469-316,A Critical Analysis of Key Policies Shaping Services for Young Children with Disabilities in South Africa,2019,"There have been significant recent developments in the policy arena in South Africa in respect of disability and of early childhood development viz. the White Paper on the Rights of Persons with Disabilities and the National Integrated Early Childhood Development Policy. Using Bacchi’s analytical framework encapsulated in the question, What’s the problem represented to be?, these policies were subjected to scrutiny, analysing how disability and inclusion are represented within them, and how these representations shape the lives of young children with disabilities. Among the underlying assumptions contained in these policies is that barriers excluding persons with disabilities are socially constructed and their removal will result in inclusion. Further, the policies imply that marginalisation and vulnerability are inherent traits of children with disabilities. Inclusion is portrayed as an ideology rather than a practice.  Amongst unproblematised elements of the polices is the supposition that children with disabilities are a homogenous group, and that there is a distinction between children with and without disabilities. The effects of these representations manifest in a focus on social barriers, which downplays the importance of habilitation and rehabilitation for the individual child and may result in children with disabilities being portrayed as passive recipients of services. It may also undermine choice and agency of children and their families.  Further, the analysis indicates that defining the principle of inclusion too broadly makes it difficult to measure.",children with disabilities; disability; early childhood development; inclusion; policy,
097-858-869-851-431,"Implementing inclusive education in early childhood settings: the interplay and impact of exclusion, teacher qualities, and professional development in Ghana",2021,"Inclusive education (IE) in the early years enhances young children's learning, socialization, and development; yet, children with disability are one group that is often isolated, excluded, or marginalized in early childhood education. This paper examines jointly the perceived exclusion practices, teacher qualities, and professional development and the interplay and impact of these factors on effective inclusive early childhood education. Drawing on data collected from individual interviews with teachers and headteachers in a large early childhood and school setting in Ghana, findings of this qualitative study indicate the exclusion practices of teachers. The findings suggest that resistance to IE limits learning, engagement, and social opportunities for children, especially those with disability. The findings also identify that effective teacher qualities and professional development enhance the provision of quality inclusive early childhood education. The study reinforces the need for improved support for teachers and to make sure that they are placed at the center of IE policy and practice.",Early childhood; inclusive education; inclusive early childhood education; exclusion; teacher qualities; professional development,
097-862-943-473-005,Early Childhood Special Education Teacher's Perception and Support Needs of Curriculum Modification in Inclusive Kindergarten,2020,,,
097-996-387-413-004,A Document Analysis of the National Association for the Education of Young Children's Developmentally Appropriate Practice Position Statement: What Does it Tell Us about Supporting Children with Disabilities?,2011,"With the increasing frequency of young children with disabilities being included in early childhood classrooms, there is a critical need for early childhood educators and professionals to take an analytical look at the standards guiding early childhood education. By completing a qualitative document analysis of the developmentally appropriate practice (DAP) position statement of the National Association for the Education of Young Children, the author explored what the statement articulates regarding children with disabilities included in early childhood classrooms. This discussion explicates what teachers may take away from DAP regarding disabilities and the gaps it leaves for individual interpretation in classrooms. Findings indicate that while DAP and inclusive practices have much in common, the position statement lacks the specificity necessary to assist general early childhood teachers in implementing individualized approaches.",,
098-280-593-064-776,The Value of Re-Reading...Again and Again,1987,"Follow this and additional works at: http://educate.bankstreet.edu/thoughtandpractice Part of the Curriculum and Instruction Commons, Curriculum and Social Inquiry Commons, Disability and Equity in Education Commons, Junior High, Intermediate, Middle School Education and Teaching Commons, Pre-Elementary, Early Childhood, Kindergarten Teacher Education Commons, and the Social and Philosophical Foundations of Education Commons",,
098-406-241-420-598,Intergrating early childhood education program activities group therapy in educational interventions for children with development disorders,2021,"<jats:p>Developmental Disorders (DD) encompasses a group of mental conditions originated in childhood that involve severe impairments in various aspects (physical, learning, language or behavioral). These disorders include communication disorders, intellectual disabilities, specific learning disorders, movement disorders, autism spectrum disorders, and attention deficit hyperactivity disorder (ADHD). The consequences of DD cause disabilities that can last a lifetime, affecting a child's ability to learn and participate in community integration. Currently, there are many studies in the world and in Vietnam on specialized therapeutic interventions for children with DD. The article proposes an approach as a method in educational intervention for this group of children with DD, which is to integrate the preschool education program with activities group therapy. The article presents the basic theoretical research bases, thereby proposing ways to integrate the preschool education program with group therapy with the content of rules and activities in the program. The Early Childhood Education program can integrate and propose notes when integrating the Early Childhood Education program in therapeutic interventions for children with DD.</jats:p>",,
098-456-716-399-135,What's in a name? A comparative literature review of disability within early childhood education,2024,"<jats:p>Handicapped, special, or diverse? Segregated, mainstreamed, or included? The field of disability and difference within education, is vast and wide-ranging. This review of the literature highlights how, although we have come far in the last 40 years, there is still much to learn about effective inclusion of disabled children in early childhood settings. The article compares literature between two distinct decades – the 1980s and the 2010s – identifying the shifts within the field around language, social development of, and attitudes toward, disabled children in early childhood settings. Although international literature is used, the discussion focuses on the Aotearoa New Zealand context. The importance of teachers is acknowledged as a predictor of a positive and inclusive learning environment where disabled children can thrive and succeed.</jats:p>",,
098-776-061-139-393,Universal Design for Learning: Promoting Access in Early Childhood Education for Deaf and Hard of Hearing Children,2023,"The following article is a literature review of the guiding principles for universal design for learning (UDL) specifically for early childhood education with implications for children who are deaf and hard of hearing (DHH). In recent years, early childhood education has become more inclusive for all children with and without disabilities. Given that educators need to plan lessons and design their classrooms with every child in mind prior to meeting them, guidance on the UDL framework is warranted. DHH children present unique barriers in the classroom. This article walks through the three guiding principles, engagement, representation, and expression along with integration of assistive technology for DHH children and their educators. Three future directions for integrating the UDL framework into the classroom are included. They are (a) educator preparation programs, (b) school district’s professional development, and (c) select available technology web-based resources.",,
098-807-545-990-191,Authentic Assessment For Children With Language Considerations: Early Identification and Connection to Services,2024,"Early identification of delay or disability is critical in the early years when children are developing. Yet practices for early identification are often rife with challenges for the families of young children. Part C of the Infants and Toddlers with Disabilities Program of the Individuals with Disabilities Education Improvement Act (IDEA) was authorized almost 40 years ago, mandating that children with developmental disability or developmental delay be identified and fairly assessed to obtain high quality early intervention services. An overview of the components of Fair Assessment and legal requirements are highlighted in this article. An outline for recommended practices and considerations for culturally and linguistically diverse students is presented.",,
098-833-262-618-436,Executive Function Accounting for Children's Mathematical Cognitive Disability,2007,"Children's mathematical cognitive disabilities not only involve cognitive components and psychological processes,but also involve cognitive neural mechanism such as prefrontal cortex.Executive Function can forecast and explain children's mathematical cognitive disability from the perspectives of cognitive neural mechanism,working memory,inhibitory control and problem solving.",,
099-246-346-378-660,Developing the early childhood participation data set,2024,"Because data are crucial to making effective decisions at every level (from the classroom to state policy), it is essential to see data as the connective pipeline running through family decisions about enrollment, programmatic decisions on service delivery, and statewide policy decisions.Our organization provides tools to present and understand early childhood services and demographics.Recently, our organization has been collaborating to design, manage, and implement a statewide longitudinal data system, which includes the Early Childhood Participation Dataset (ECPDS).The ECPDS tracks every child enrolled in several early childhood services, which allows administrators and policymakers to see how children's participation in different programs (childcare assistance to public preschool) and use of services (early intervention to special education) develop over time.It also allows analysis by geography, race/ethnicity, disability, gender, and financial status.In partnership with research groups at other universities, we are developing this system to improve decision-making in education through better data use.Our poster visualizes how the ECPDS will function while articulating specific challenges and advantages of this system.",,
099-545-337-860-439,The Experience and Perception of Early Childhood Special Education Teachers on the Operation of 2019 revised NURI Curriculum for Children with Severe and Multiple Disabilities,2022,"<jats:p>The purpose of this study is to investigate the experiences and perceptions of early childhood special education teachers in applying 2019 revised NURI curriculum to young children with severe and multiple disabilities. For this purpose, individual interviews were conducted with 6 early childhood special education teachers who had experience in applying revised NURI curriculum to children with severe and multiple disabilities. Data were analyzed into 3 topics and 8 subcategories through qualitative content analysis. The key themes were 1) revised NURI curriculum and young children with severe and multiple disabilities, 2) experience of operating revised NURI curriculum for young children with severe and multiple disabilities, 3) difficulty and support needs of revised NURI curriculum for young children with severe and multiple disabilities. The main findings were as follows. First, participants experienced confusion and trial and error, while recognizing the importance of play. Second, participants supported children’s play through close observation, making special teaching materials, conducting direct teaching, and cooperating with fellow teachers and family members. Third, participants stated that support in various aspects such as medical/treatment support, teacher support, and environmental support was necessary. Based on the results of the study, we discussed the operational support ways that should be considered when applying revised NURI curriculum to young children with severe and multiple disabilities.; </jats:p>",,
099-643-675-964-395,Inclusive Education in Thailand,2018,"This paper discuses Thailand's policies on education for persons with disabilities, particularly inclusive education. It also explores challenges that the country is facing in promoting inclusive education and discusses how Thailand can promote inclusive education for students with disabilities.",inclusive education; Thailand; special education,
100-471-124-510-771,Creating an Inclusive Learning Environment for Children With Disabilities in Early Childhood Education in Mozambique (Poster 9),2024,,,
100-563-293-851-751,Transition to preschool for children with ASD: expectations of Turkish parents and teachers,2020,Autism spectrum disorder is common among disability. Difficulties experienced by the child with autism in developmental areas may cause negative situations during transition to preschool. This stud...,ASD; expectations; parent; teacher; transition to preschool,
100-710-083-749-510,CHALLENGES KINDERGARTEN TEACHERS FACE IN ADMINISTERING ASSESSMENT TOOLS TO CHILDREN WITH INTELLECTUAL DISABILITIES IN THE KUMASI METROPOLIS,2022,"<jats:p>Purpose: The purpose of this study was to examine the challenges kindergarten teachers face in administering assessment tools to children with intellectual disabilities in the Kumasi Metropolis.&#x0D;; Methodology: Regarding the methodology, a descriptive survey design was adopted using a sample of 120 early childhood teachers from 22 public inclusive schools in the Kumasi Metro. Purposive sampling technique was used to select all 22 public inclusive schools, while convenience sampling technique was employed to select the actual respondents for the study. Questionnaire was used to gather the research data. Means (M) and Standard deviations (SD) were used as statistical tools to analyze the data.&#x0D;; Findings: The findings revealed that most public kindergartens teachers in the Kumasi metropolis admitted not being confident enough to try out authentic assessments like portfolios, learning logs, journals, projects graphic organizers, concept mapping and rubrics on children with intellectual disabilities in inclusive public schools (M=3.84, SD=.575, KS=.620) due to inadequate professional guidance. It was therefore recommended that teachers should be equipped with skills and morale in administering authentic assessment practices to learners with intellectual disabilities. The study would serve as an important reference source for inclusive public and private kindergarten teachers, headmasters/mistresses, Teacher Education Division (TED), Early Childhood Care and Development Division (ECCDD) and Special Education Division(SED) of the Ghana Education Service (GES),University of Education (UEW) and the Institute of Education, (IoE) of the University of Cape Coast, (UCC) and other private educational institutions that train teachers in their effort to improve the management of testing with the adequate information about what is actually involved in assessment practices in the Early Childhood Centres.&#x0D;; Unique contribution to theory, practice and policy: Besides, the study would contribute to the improvement of testing practices, specifically, on children with intellectual disabilities on construction, administration, and scoring of teacher-made tests in the inclusive early childhood centres. The constructivist learning theory by Lev Vygotsky, which was adopted for this study, postulated that children learn best when they are allowed to construct a personal understanding based on experiencing things and reflecting on those experiences.</jats:p>",Assessment Tools; Children; Intellectual Disabilities; Kindergarten; Teachers,
100-777-544-769-095,USING COACHING STRATEGIES TO SUPPORT PARENTS WHEN PROMOTING SOCIAL COMMUNICATION IN INDIVIDUALS WITH DISABILITIES,,,Theses and Dissertations--Early Childhood; Special Education; and Rehabilitation Counseling Early Childhood; Special Education; and Rehabilitation Counseling 2020,
100-800-256-835-097,"Human Exceptionality: Society, School, and Family",1987,"All chapters begin with 'Snapshot' and conclude with 'Case Study,' 'Debate Forum,' and 'Review.' I.MULTIDISCIPLINARY, CULTURAL, AND FAMILY PERSPECTIVES. 1.A Multidisciplinary View of Exceptionality. Labeling People with Differences. Bringing about Social Change. The Americans with Disabilities Act of 1990 (ADA). Living and Learning in Community Settings. Medical, Psychological, and Sociological Understandings of People with Disabilities. Bringing about Educational Change. The Individuals with Disabilities Education Act (IDEA). Section 504, ADA, and Students with Disabilities. School Reform and Inclusive Education. Students at Risk but Not Disabled. 2.Multicultural and Diversity Issues. Purposes of and Approaches to Education. Nondiscriminatory and Multidisciplinary Assessment. Parents from Different Cultures and Their Involvement in Special Education. Education for Culturally Diverse Students. Other Diversity Considerations. Multicultural Issues and Specialized Instruction. 3.Exceptionality and the Family. Understanding Families. Family Support. II.THROUGH THE LIFESPAN. 4.The Early Childhood and Elementary School Years: Special Education, Inclusion, and Collaboration. The Early Childhood Years. The Elementary School Years. Educational Collaboration: Sharing the Responsibility. Inclusive Elementary Schools and Classrooms. Special Education Classrooms and Schools. Full Inclusion and the Continuum of Placements. 5.Transition from School and the Adult Years. Transition Planning and Services. Legal Requirements for Transition Services. The Individualized Transition Plan (ITP). Implementing Transition Services in Secondary Schools. The Adult Years. Issues for Aging Adults with Disabilities. III.HIGH INCIDENCE DISABILITIES. 6.People with Learning Disabilities. Definitions and Classifications. Prevalence. Characteristics. Causation. Assessment. The Elementary School Years. The Adolescent Years. Inclusive Education. Medical Services. 7.People with Emotional or Behavior Disorders. Understanding Emotional or Behavior Disorders. Definitions and Classifications. Prevalence. Characteristics. Causation. Assessment. Interventions. The Early Childhood Years. The Elementary School Years. The Adolescent Years. Inclusive Education. 8.People with Mental Retardation. Definitions and Classification. Prevalence. Characteristics. Causation. Prevention. Assessment. The Early Childhood Years. The Elementary School Years. The Adolescent Years. Inclusive Education. Medical and Social Services. 9.People with Communication Disorders. The Structure of Language. Language Development. Language Disorders. Speech Disorders. Fluency Disorders. Delayed Speech. Articulation Disorders. Voice Disorders. Prevalence. IV.LOW INCIDENCE DISABILITIES. 10.People with Severe and Multiple Disabilities. Definitions. Preva",,
101-248-710-715-15X,A Study on Needs of Parents of Children with Disabilities of Psychological Support Services for Siblings of Children with Disabilities,2016,,,
101-254-742-167-355,Early Childhood Inclusion in Taiwan.,2017,"<jats:p>In accordance with the Special Education Act that indicates that young children with special needs must have individualized educational plans and receive education with their typically developing peers in the general education setting, Taiwan implemented an experimental preschool inclusion program in 1989. Subsequently, during the 1990s, there was an emphasis on the importance of early intervention for children with special needs from birth to 6 years of age. The use of the International Classification of Functioning, Disability, and Health (ICF) and its Children and Youth version (ICF-CY) has also influenced views on early childhood inclusion in educational settings. This article describes the relevant legislation, current early childhood inclusion practices in different forms, relevant research, challenges, and future directions of early childhood inclusion at the governmental, community, institutional, and individual levels in Taiwan.</jats:p>",,
101-731-335-815-166,The Effects of Social Story Intervention Under Integrated Setting on Social Engagement During Free Play in Preschoolers with and without Disabilities,2009,,,
101-951-788-890-710,Supportive Teacher-Student Relationships: Promoting the Social and Emotional Health of Early Adolescents with High Incidence Disabilities,2002,"(2002). Supportive Teacher-Student Relationships: Promoting the Social and Emotional Health of Early Adolescents with High Incidence Disabilities. Childhood Education: Vol. 78, Our Crisis in Children's Mental Health, pp. 285-290.",,
102-142-911-659-677,“Castles in the Air”: Kindergarten Directors’ Perspectives on Inclusion in China,2020,"Although the Chinese government has set forth policies to support the inclusion of children with disabilities in regular educational settings, inclusion is still far from a reality for many children. Even in inclusive settings, there is still a dearth of knowledge about how inclusion is being implemented. The purpose of this paper is to present findings from a follow-up study with directors of inclusive kindergarten programs in Beijing, China. The goal is to understand how children with disabilities are included in regular kindergartens through the lens of 26 associate directors and directors of inclusive kindergartens. The data were collected through open-ended interviews; analysis relied on both deductive and inductive thematic coding. The results suggest while there were more opportunities for children with disabilities to access inclusive early childhood programs in Beijing, children with disabilities were not full participants in activities. Support for programs to provide quality inclusion is also lacking. The results have implications for practice and policies in order to improve the quality of inclusive early education in China.",kindergarten; inclusion; China; children with disabilities,
102-842-974-370-077,The Ecology of Inclusion,1998,"The article describes a study that examined the experiences of 40 children with mild to moderate disabilities with respect to the nature of their activities, amount and type of adult involvement, and the social context of their activities within inclusive early childhood programs. A comparison sample of children without disabilities was observed on the same set of variables. The overall quality of the classroom was also assessed. Children with disabilities spent the majority of their free-play time in manipulative activities or in nonplay, typically in a group of peers with a teacher. Children without disabilities were most often in dramatic play and alone with a teacher or a peer. Children with disabilities were involved with teachers two thirds of the time; the majority of children's interactions with teachers in the classroom were responsive.",,
103-016-793-965-655,Analysis of disability-related Amharic proverbs and their curriculum implications,2023,"The present study aims to analyze disability-related Amharic proverb messages, their implications, and gender orientation.To do so, a mixed research approach and descriptive survey design were applied.Data were collected through document analysis.The collected data were analyzed using thematic content analysis, frequency counts, and percentages.A total of 49 proverbs were analyzed.The analysis revealed that these analyzed disability-related Amharic proverbs were derogatory.Moreover, the findings showed that through the analysis of 49 proverbs, 11 themes (social, psychological, religious (spiritual), cognitive/perceptual, economical, anatomical, technological, advising, beauty, recruitment, health, and moral implications) have emerged.The analysis of the proverbs also revealed that most of the disabilityrelated proverbs were gendered, while a few were gender-neutral.The overall results imply that disability-related Amharic proverbs have curriculum implications.",,
103-879-293-945-336,Kids together: creating connections and empowering inclusion in the early years,2014,"The Kids Together program is an innovative trans-disciplinary model of service delivery for early intervention that targets children aged 0-8 years with disabilities/additional needs. Using early childhood education centres as the starting point, Kids Together aims to deliver early education, therapy and family support services in a mainstream pre-school or day care centre setting as well as supporting parents and carers through home visiting. The integrated program was developed by Noah's Shoalhaven in 2013 in preparation for the move to packaged service delivery of disability services in NSW. The forum will provide the audience with an opportunity to learn about how the Kids Together program is currently being implemented and evaluated in early childhood centres across the Illawarra and to discuss future directions.",,
104-489-945-370-439,A social work perspective on transatlantic collaboration to prepare students for leadership and enhance service delivery,2012,"The Transatlantic Consortium on Early Childhood Intervention was established in 2002 to address practice and policy pertaining to children with disabilities and their families. The goals of the Consortium were to contribute to the preparation of practitioners for leadership roles, to enhance service delivery in participating countries, and to enhance international understanding about early childhood intervention. The Consortium, which is now called, Global Education and Disability Studies (GEDS), involves universities in Europe (Jonkoping University and Stockholm University in Sweden; University of Porto in Portugal; Ludwig Maximilians University in Germany) and in the U.S. (University of North Carolina at Chapel Hill, Vanderbilt University, and the University of Colorado). It was initially established with funding from the European Union and the US Department of Education. The project has had three rounds of funding, and has facilitated study by hundreds of students from participating universities, who have spent Summer Institutes, extended stays, and whole semesters in partner countries taking courses; meeting with local practitioners, with consumers, and with family members; and examining their assumptions about disability. They have studied early childhood programs and policies, and carried out research on disability and early childhood intervention. The activities of the Consortium have involved faculty and students from the fields of Social Work, Education, and Psychology. The Consortium is especially important for social work as it focuses on policies and practice of relevance to vulnerable populations across the globe, and has engaged students and faculty members in close, direct interaction with clients, as well as social work practitioners, students, and faculty members. The presentation will address the activities and structure of the Consortium and its impact on students and their practice. Discussion will focus on how such a project can facilitate collaboration and give birth to new ideas.",,
105-037-963-705-094,The effects of Child Development Associate (CDA) training on the attitudes of Head Start teachers towards mainstreaming children with disabilities : Head Start as a laboratory for early childhood special education,1992,,,
105-312-363-291-266,DESAFIOS DOCENTES RELACIONADOS À INCLUSÃO ESCOLAR DA CRIANÇA COM NECESSIDADES EDUCACIONAIS ESPECIAIS NO ÂMBITO DA EDUCAÇÃO INFANTIL,2024,"This work aims to understand the challenges of inclusion and the importance of inclusive practices promoted through pedagogical work in early childhood education, as well as understanding inclusion as a right for all; discuss teaching difficulties in everyday early childhood education classrooms from an inclusive perspective; identify pedagogical practices and methodologies that stimulate the development of children and encourage the processes of inclusion of children with disabilities in early childhood education. There are many challenges encountered in teaching practice, especially when it is part of a special education perspective. To carry out this research, bibliographic and documentary analyzes were used as a methodology that bring approaches related to the topic in question, with the aim of clearly emphasizing the teaching challenges with regard to inclusion in early childhood education classrooms. We used bibliographic and documentary surveys such as the Law of Guidelines and Bases of National Education No. 9,394/96 (LDBN), Federal Constitution of 1988, Operational Guidelines for specialized educational assistance in Basic Education, Special Education modality, Cury (1995), Mantoan ( 1993), among others who supported this construct with its literary reverberations. One of the most relevant points of this research was the importance of teacher training, highlighting its importance in being able to work with the public who have special educational needs, implementing what the law provides, where the right to inclusion and permanence of students must be implemented, starting with Early Childhood Education, the first stage of Basic Education",,
105-426-109-193-981,Teacher Professional Preparedness to Support Learners with Special Needs in the Inclusive Education Project Schools,2022,"Globally, there is evidence that teachers’ skills are of paramount importance in the implementation of inclusive education so as to unlock the potential of learners with disabilities. The Government of Kenya’s re-introduction of the Free Primary Education programme in 2003 saw an influx of learners to schools, including those with disabilities. However, learners with special needs soon dropped out due to lack of support (MOEST 2003), as teachers did not know what to do with these learners in their classrooms. In 2010, through constitution of Kenya (Republic of Kenya 2010), the Government committed itself to provide free and compulsory basic education to all learners. However, the education and training policy for learners and trainees with disabilities (MOE 2018a) notes that dropout rates of learners with disabilities are high in regular schools due to the insufficiently trained teachers.This paper presents findings of a study carried out in Nairobi and Homabay counties in Kenya with regard to teacher professional preparedness to support learners with special needs in inclusive project schools sponsored by Sight Savers and Leonard Cheshire Disability (LCD) in Kenya. The study sample comprised of 8 schools from urban and rural focusing on learners in standard 4 to 8 in Nairobi city and Homabay counties. A total of 160 learners in inclusive public primary schools, 8 head teachers, 80 teachers, 2 sponsors and 2 coordinators were involved in the study. Data were collected using questionnaires, interviews schedules and focus group discussions. Quantitative data were analyzed using descriptive statistics, which were computed in frequencies and percentages and presented in frequency tables and graphs. At the same time, qualitative data were analyzed using thematic approach in line with the study objectives.The study findings revealed that teacher’s college training prepared them to teach regular learners, hence they were not prepared to teach in inclusive classrooms. Teachers not only revealed that they had difficulties identifying the specific needs of learners, they also confirmed their inability to support them in the inclusive classrooms. The findings further revealed that most of the head teachers who are in charge of the curriculum implementation in schools did not have any training in special needs education. To fill these training gaps, the project sponsors (Sight Savers International and Leonard Cheshire Disability) were implementing regular in-house training to enable teachers support learners with disabilities. These organizations also had coordinators, resource persons and patron teachers who were mentoring teachers at the school level on teaching-learning resources to confirm their relevancy. This was meant to bring about changes of attitude on disability, effective use of learner-centred approach in the classroom, developing Individualised Education Programme (IEP), lesson planning and reporting on quarterly basis. Keywords: Teacher professional preparedness, inclusive project schools and learners with special needs. DOI: 10.7176/JEP/13-15-01 Publication date: May 31 st 2022",,
105-432-342-836-593,Exploration of Play Behaviors in an Inclusive Preschool Setting,2020,"Play-based learning is an integral component of the early childhood classroom; however, little research has been conducted around how children with and without disabilities engage in play within an inclusive preschool setting during center time. The present investigation utilizes the Play Observation Scale and Test of Playfulness to descriptively compare the play behaviors of children with speech-language impairments and developmental disabilities in relation to their peers. Findings indicate that while children with and without disabilities are more alike than they are different in terms of their play, there are trends in play preferences and interest across comparison groups in terms of dramatic play behaviors and sustained attention during play activities. Implications for researchers and practitioners’ facilitation of play in inclusive preschool settings are presented.",,
105-451-104-168-837,Factors affecting enrollment of children with disabilities in child care and early education programs: A mixed methods study of Arkansas center-based programs,2025,,,
105-531-830-643-911,Services for Special Education Need/Disability Learners Transferring from Nursery School to Primary School in Guyana,2019,<jats:p>This article serves to highlight the need for policy to support the smooth transition of students with special education needs/disability from early childhood programmes to primary school education. It identifies what is and provides recommendations.</jats:p>,Guyana; special education; transition; transition services; nursery; playschool,
105-589-529-455-550,Development and Validation of Physical Environment Checklist for Young Children with Physical Disabilities in Inclusive Settings,2020,,,
105-612-792-736-299,Research Guides: Early Childhood Education: Inclusion Resources,2011,"Resources for everyone who works with and cares for young children. Early childhood educators, this is your list! These books are representative of many resources to help early childhood educators plan inclusive programs and activities to promote the participation of children with disabilities into integrated early learning settings.",,
106-045-681-767-349,Teacher Effectiveness in Identifying High-Risk Kindergarten Children:,1979,,,
106-075-399-239-97X,Special Educational Needs and Disabilities in Early Childhood Education (England),2019,,,
106-399-282-393-501,Toward Developing and Validating a Measure to Appraise Progress Monitoring Ability,2024,"<jats:p>The provision of progress monitoring within publicly funded early childhood classrooms is legally required, supported by empirical research, and recommended by early childhood professional organizations, for teachers providing Part B services under the Individuals with Disabilities Education Act. Despite the widespread recognition of progress monitoring as an essential tool to support child development in early childhood classrooms, clear guidance on what constitutes high-quality progress monitoring is unclear. Therefore, we sought to develop and validate a new teacher quality measure specific to progress monitoring. Such a measure may assist school districts and early childhood programs in understanding the ability of their teachers for engaging in progress monitoring and supporting children with or at risk for disability or delay. Rasch analyses suggest that additional items of greater difficulty are needed within the measure, prior to public release (osf.io/28bz6/).</jats:p>",,
106-439-488-985-477,Early Years teachers' knowledge and perceptions about autism in Greece,2025,"<jats:title>Abstract</jats:title>;                   <jats:p>The purpose of this study was to explore Early Years (EY) teachers' knowledge and perceptions about autism in Greece. An online questionnaire was completed by 276 respondents with experience in teaching children from 0 to 6 years old. The findings showed that EY teachers in Greece are aware of the main difficulties people with autism are likely to face, while occupational and speech and language therapy, together with interventions by psychologists, are reported as the most popular approaches in autism. However, most of the respondents stated that they have limited knowledge of autism overall and how to specifically teach an autistic child in the classroom, as well as that they are in desperate need of relevant training. Finally, EY teachers in Greece seem to strongly support mainstream education for pupils with autism.</jats:p>",,
106-556-980-248-404,The Effect of Early Intervention on the Development of Infants and Toddlers with Disabilities and the Empowering of Parents and Early Intervention Practitioners,2018,,,
107-144-931-637-249,Design and validation of a programme to improve attitudes towards disability in early childhood education,2024,"In order to achieve effective educational inclusion, positive attitudes towards disability among peers are essential. However, many studies have found a negative disposition towards this group (Álvarez Citation2020; Wang and Qi Citation2020; Werner, Peretz, and Roth Citation2015). Therefore, it is important to have specific programmes that help us to improve disability awareness. However, despite the relevance of the Early Childhood Education stage, no validated programmes with this objective have been found in Spain. For this reason, the PROCREADI programme has been designed. Programme for Growing up with Positive Attitudes towards Disability in Early Childhood Education [author(s)] has been designed and validated through a pilot study with a sample of 28 Infant Education students. The results show a notable improvement in attitudes and in the knowledge of the concept of disability in this experimental group. Therefore, it can be concluded that the proposed programme is a useful tool to promote greater knowledge and more positive attitudes towards people with disabilities among preschool students.",,
107-177-441-843-454,PARENT-IMPLEMENTED COMMUNICATION INTERVENTION FOR PRESCHOOL-AGED CHILDREN WITH AUTISM,,,,
107-261-274-370-582,"The social experience of early childhood for children with learning disabilities : inclusion, competence and agency",2010,"This paper tells of the social experiences of three four-year-old children with learning disabilities as they negotiate their daily lives in their homes and early education settings in England. We apply a social model of childhood disability to the relatively unexplored territory of young children and use vignettes drawn from video observation to explore the interactive spaces contained in settings with different cultures of inclusion. Using a multimodal approach to the data we show the nuanced ways in which the children enact their agency. We explore the relationships between agency, culture and structure, and argue that children with learning disabilities are active in making meaning within social and relational networks to which they contribute differently depending on the barriers to doing and being that each network presents. Thus, the paper provides an original use of the notion of distributed competence.",,
107-334-070-756-541,Construct validation of the Enabling Practices Scale,2016,"ABSTRACTBackground Empowerment is regarded as an important outcome in service provision to families of individuals with disability. Nevertheless, data on psychometric characteristics of measures related to empowerment are often inadequate, and limited data are available on the Enabling Practices Scale (EPS).Method The EPS was completed by 128 families enrolled in a support program for children with disability in childcare centres.Results Confirmatory factor analysis failed to affirm the original factor structure of the EPS. Subsequent exploratory factor analysis suggested an alternative 3-factor structure (Comfort and Reciprocity, Autonomy, and Support). Internal consistency of these factors was acceptable to high.Conclusions The EPS is a potentially useful instrument to evaluate service practices that may be related to family empowerment, but further examination of its psychometric characteristics is suggested.",,
107-632-324-959-265,Current Status and Support Needs of Including Preschoolers with Disabilities: A Preliminary Study of Developing Preschool Inclusion Model,2019,,,
108-240-192-681-858,Analysis of the Use of Public Library Services and Related Needs for People with Developmental Disabilities by Age Group,2020,,,
108-244-808-390-345,기관장의 장애유아 통합교육에 대한 태도,2000,"The purpose of this study is to investigate what attitude, toward the inclusive education of the children with disabilities, is taken by the heads of educational facilities which include preschools, such as public schools, special schools, and kindergartens or early childhood intervention centers. The subjects of the study are every 50 heads of the educational facilities which include preschools, and as the methods of the study, the questionnaires are used. The result of the study are as follows: First, in the rate of the understanding of inclusive education in general, that of the heads of the special schools is highest and is followed by that of the heads of kindergartens or early childhood intervention centers, and public schools. Second, in the rate of the understanding of the inclusive education on the interest in the special education, that of the heads of the special schools is relatively higher than that of the others. Third, about the effect of the inclusive education on both the general and young children with disabilities, the answers of the heads of kindergartens or early childhood intervention centers are most positive, followed by those of the heads of special schools and public schools. Fourth, about the effective way of the inclusive education, each head of the facilities takes very positive attitude. Fifth, the heads of the facilities think that the merits of the inclusive education are to form the positive thought on the young children with disabilities, to increase the children's adaptability to the world, to inspire the thought of living together, and to respect the individual's character, and that the demerits are the alienation of children from lack of consideration on both the general children and children with disabilities, lack of facilities and professionally qualified teachers, and the parent's biased views. Based on this research and its results, for the research of early inclusive education, I propose as follows: First, It will be helpful to the effort on the forward inclusive education to think the effective way of the inclusive education with the heads of the facilities experienced in the inclusive education as the central figures. Second, because the contents of the questionnaires used in this research are fragmentary and limited, it may be needed to study the inclusive education with the questionnaires including a wide and profound range of questions.",,
108-731-922-597-292,Extra-Ordinary Siblings: The Early Life Course Consequences of having a Sibling with a Disability,2019,"Author(s): Penner, Anna | Advisor(s): Treas, Judith | Abstract: Twelve percent of families in the United States have a child with a disability, yet little is known about the long-term consequences of growing up with a sibling with a disability. This study builds on previous research regarding disability effects on families and offers an additional view on sibling effects in general. By utilizing the life course perspective, this dissertation examines the linked lives of siblings with and without disabilities as well as the association between having a disabled sibling in childhood across early life course outcomes. Within the life course context, this dissertation examines how family stress theory, adultification, and resource dilution interact with sibling disability status to yield the results.Using secondary data from the National Longitudinal Survey of Youth 1979 Children and Young Adults, this study examines behavioral problems during childhood, risk behaviors during adolescence and early adulthood, and college completion rates among young adults who had a disabled sibling during childhood. Both boys and girls with a disabled sibling have higher reports of behavioral problems in childhood than those without a disabled sibling. Both boys and girls with a disabled sibling exhibit more externalizing behaviors than those without, particularly antisocial behaviors. Furthermore, girls with a disabled sibling also exhibit more anxiety, peer conflict, and headstrong behaviors than girls without a disabled sibling. These behavioral problems do not persist into adolescence, however, and young men and women with a disabled sibling see similar or lower rates of risk behaviors as those without a disabled sibling. Adultification appears to contribute to the lower likelihood of risk behaviors particularly in adolescence. Women are less likely to complete college if they had a sibling with a disability during childhood; there is no significant difference by sibling disability status for men. While family income and mother’s education do not attenuate the college completion gap between those with and without a disabled sibling, having stably married parents during childhood largely eliminates this gap.By identifying these differences, this dissertation reveals how disabilities have consequences not just for the individuals with disabilities, but for their siblings as well, shining a light on this otherwise hidden cost of disability on families.",,
108-830-773-971-765,"Rural Young Children with Disabilities: Education, Challenges, and Opportunities",2020,"The plight of young children with disabilities who live in rural communities remains unsolved issue in many developing countries. Culturally, many people have negative beliefs regarding the causes of disabilities. Disability may be associated with punishment by gods, ancestral spirits resulting from mother’s promiscuity during pregnancy, witchcraft, or evil spirits. This article focuses on challenges and opportunities of young children with disabilities who live in the rural communities of Eswatini and Zimbabwe, and related to accessing early childhood development (ECD) education services. Lessons drawn between the two countries reveal that in Eswatini, the Disability Unit which caters for disability issues is under the Social Welfare Department and is accommodated in the Deputy Prime Minister’s Office. In Zimbabwe, Chikwature, Oyedele and Ntini (2016) noted that an inclusive education policy is still yet to be drafted. Disability issues are still not fully represented constitutionally. Using the social exclusion theory enabled the researcher to determine how deeply rooted social exclusion is in the attitudes of teachers and rural communities. Using interviews and focus group discussions, 30 parents/caregivers for children with disabilities, aged 4 to 5 years, were purposively sampled for study. Results showed that the failure of these children to access ECD services in the community impacts negatively on their holistic development. Most children with disabilities who grow up in an environment and society characterized by negative attitudes and beliefs, and prejudice about disabilities are bound to imitate and perpetuate these attitudes, hence, intervention is critical. The study recommends that there should be unity of parents/caregivers, communities including schools and international forums, to garner much support to assist children with disabilities.",,
108-919-155-955-339,A National Early Childhood Special Education Leadership Summit,2014,"On October 16, 2013 a national, early childhood special education leadership summit was held in San Francisco, CA at DEC's 29th Annual International Conference on Young Children with Disabilities and Their Families. The summit format was a facilitated, focus group discussion in which participants shared their perceptions of what is needed to build and preserve the field’s leadership capital. There were 18 participants who were nominated as leaders in the field and represented researchers, faculty, program administrators, teachers, other personnel, and families of children who have received special education services. This draft report summarizes the background and rationale, methods, preliminary findings, and recommended actions.",,
108-970-285-215-471,The Effects of Educational Games on EFL Vocabulary Learning of Early Childhood Students with Learning Disabilities: A Systematic Review and Meta-analysis,2021,"<jats:p>Educational games play an essential role in the life of the new generation. Although there are many criticisms, many studies focus on the importance of educational games in improving EFL vocabulary learning of early childhood students with learning disabilities in the target language. Researchers have begun to research how games are used in class to enhance vocabulary learning. This paper investigates the effects of educational games on EFL vocabulary learning of early childhood students with learning disabilities based on a literature review. Many studies focus on educational games' effect on various aspects of education. This concept paper aims to shed light on some of the benefits of games and the challenges teachers and early childhood children face in using educational games. This paper's results show that games are used not only for the success of early childhood students with learning disabilities in EFL classes but, more importantly, to motivate them and increase cooperation between children. Additionally, the results indicate that there are advantages and disadvantages of using games to learn English vocabulary.</jats:p>",Educational games; EFL vocabulary learning; Elementary school students with learning disabilities; A systematic review meta-analysis,
109-473-195-998-213,Turning 5: Helping Families of Preschoolers with Disabilities Navigate the Transition to Kindergarten in New York City.,2016,"27 Randi Levine is project director of early childhood education at Advocates for Children of New York. The Turning 5 work group – a collaboration between Advocates for Children of New York, the New York City Department of Education, and other partner organizations – provides support to families of students with disabilities facing the challenges of transitioning to kindergarten. Turning 5: Helping Families of Preschoolers with Disabilities Navigate the Transition to Kindergarten in New York City",,
109-624-423-216-080,"Early Childhood Special Education for Children with Disabilities, Ages Three through Five: Program Evaluation.",1999,"This document presents guidelines for evaluation of early childhood special education programs in North Dakota. Following an introduction, a section considers six general program goals including the significance of families, the need for developmentally appropriate and individually appropriate practice, preference for service delivery in community-based inclusive settings, collaborative teams, coordinated delivery of services, and the importance of culturally competent professional actions. The following sections offer guidelines on evaluating programs for family involvement, effective Child Find activities, effective programs and service delivery models, effectively integrated programs and environments, effective and safe physical environments, and effective administration including personnel and interagency collaboration. Appended are several survey forms that examine the perceptions of the early childhood programs of preschool staff, principals, general education teachers, and parents. (DB) Reproductions supplied by EDRS are the best that can be made from the original document. Early Childhood Special Education for Children with Disabilities, Ages Three through Five: Program Evaluation U.S, DEPARTMENT OF EDUCATION Office of Educational Research and Improvement EDUCATIONAL RESOURCES INFORMATION CENTER (ERIC) This document has been reproduced as received from the person or organization originating it. Minor changes have been made to improve reproduction quality. Points of view or opinions stated in this document do not necessarily represent official OERI position or policy.",,
109-826-952-521-756,Early Childhood Teachers' Experiences regarding the Inclusive Education in Private Kindergartens,2011,,,
110-451-344-171-091,Uncovering cultural regularities underpinning the pedagogy of learners with disabilities,2026,"<jats:p>Background: Fear of disability tends to influence teachers’ pedagogical practices in early childhood education in Ghana. Deeply rooted in socio-cultural beliefs, this fear hinders inclusive education and perpetuates exclusionary practices.; Aim: This article explores the fear of disability within Ghanaian early childhood education, as an instance of Ghanaian and West African cultural practices manifesting in and through teachers’ classroom activities, which constrain the effective learning and development of learners with disabilities.; Setting: The research was conducted with teachers from seven early childhood education centres in Accra, Ghana.; Method: We applied focus group interviews, integrating a local conversational approach to enhance the effectiveness of our Vygotsky-inspired authentic questioning method. Using an approach that embodies respect, mutual acknowledgement, and affirmation of each other’s humanity, the first author was able to uncover the profound cultural meanings of the teachers’ practices, which would otherwise have been difficult to reveal through a rigid application of formal methods.; Results: The findings promote cultural contingency of methods as tools for uncovering the dynamic structure of cultural processes, such as fear of disability, that underpin complex social practices of the pedagogy of learners with disabilities.; Conclusion: The article provides an analysis of the data and the process through which data was produced, leading to the uncovering of the underlying culturally situated regulatory processes vis-à-vis the teachers’ relationship with learners with disabilities.; Contribution: The paper contributes to the application of informal methods of inquiry, informed by both theory and practice in cultural psychology and education.</jats:p>",,
110-490-232-317-166,"To Include or not to Include: Early Childhood Preservice Educators' Beliefs, Attitudes, and Knowledge about Students with Disabilities",2000,"The first purpose of this study was to develop and validate the Inventory of Opinions About Persons with Disabilities (IOPD). The IOPD was developed to collect preservice early childhood educatorsself-report data related to inclusion. A total of 332 participants enrolled in graduate programs in a college of education served as the validation sample. After validation and revision of the IOPD, the researcher used the instrument to investigate preservice early childhood educators beliefs, attitudes, and knowledge about students with disabilities and their inclusion in general education classrooms. Data were collected from 172 participants from 10 universities in Texas during their student teaching/final intern semesters. This research demonstrated that an instrument, the IOPD, could be developed to effectively measure preservice early childhood educators beliefs, attitudes, and knowledge about the inclusion of children with disabilities in their classrooms. The participants reported positive self-perceptions (mean = 2.0388) about their beliefs and attitudes toward inclusion. However, the participants reported less positive attitudes about training (mean = -.09884). Discriminant function analyses indicated a negligible statistical effect for type of program (professional development school or traditional) and a statistically significant effect for preferred classroom setting (non-inclusive, special education, inclusive). Further research with the same participants or similar cohorts at one and three years of inservice teaching could broaden the scope of knowledge regarding early childhood teachers opinions about inclusion and students with disabilities. In addition, including procedures for gathering qualitative data with the Inventory of Opinions About Persons With Disabilities might provide more specific information about individual beliefs, attitudes, and knowledge about inclusion.",,
110-686-396-149-087,Availability of Instructional Resources in Enhancing Social Skills of Learners with Mild Intellectual Disability in Primary Schools' Units in Siaya County,2025,"<jats:p>The purpose of this study was to assess availability of instructional resources in enhancing the social skills of learners with mild intellectual disabilities in Primary Schools’ units in Siaya County. Most learners with mild ID lack social skills, this is exhibited by challenges they face in the community. The study was premised on Vygotsky’s social development theory in its theoretical framework.  In the study a mixed method approach with a focus on both qualitative and quantitative aspects was employed. The sample size constituted 10% of 24 schools, the total population of schools serving learners with mild intellectual disability. A total of 189 respondents from the research location made up the target population of the study comprised of (137) learners with intellectual disabilities who participated in the study, (12) head teachers were interviewed, 12 deputy headteachers and 29 teachers who completed the questionnaires. The researcher used purposive random sampling to select special units in public primary schools for learners with ID to take part in the study. The main research instruments, which were used, included open-ended questionnaires, interview guides and observation checklists. Validity was ensured through expert consultation from supervisors. Triangulation, piloting and test retest was adopted to increase reliability of qualitative data. After two weeks, the researcher picked up the completed surveys that were given to target schools. In Siaya county, one special unit for learners with intellectual disabilities served as the pilot site. Qualitative data collected was analyzed thematically and presented in narrative form quantitative data was analyzed by use of computer program, the statistical package for social science (SPSS) software version 22 data was presented using descriptive statistic and presented in tables, graphs and charts. Quantitative data was gathered and analyzed thematically and given in a narrative form. From the study findings, it was indicated that the teachers were equipped with knowledge to teach social skills to learners with mild intellectual disability The study established that there is need for the availability of instructional resources to maintain learners’ attention, enhanced home practice by learners, increase the frequency of trainings, involve parents and significant others in the training programs, and recommends investment in adaptive technologies, improved teacher training, and partnerships between schools, NGOs, and government agencies.</jats:p>",,
110-716-962-248-755,Attitudes about Inclusion: Through the Lens of Practitioners and Novices,2013,,early childhood; special education; teacher attitudes; inclusion,
111-057-587-999-046,Criterion of the Next Environment and Best Practices: Mainstreaming and Integration 10 Years Later,1990,"Origins of the criterion of the next environment (CNE) are examined as a basis for reevaluating its continued applicability to the field of early childhood special education, particularly as it relates to mainstreaming and integration of young children with disabilities. Particular attention is given to changes in public kindergarten classrooms and the relationship of these changes to CNE. Current positions are made explicit, particularly the commitment to integrated education for all students with disabilities, collaborative partnerships, and the need for instructional supports. Implications of CNE for the 1990s are discussed.",,
111-095-402-113-18X,Inclusion of Children with Intellectual Disability in Early Childhood Education in Saudi Arabia: Impact of Teacher Characteristics,2023,"<jats:p>Background: The practice of inclusive education in mainstream classrooms has gained momentum worldwide in recent years. This situation has attracted the interest of researchers in equal measures, with the main focus being directed at the impact of teacher attitudes toward inclusive education. The previous studies have mainly focused on inclusive education in primary and secondary education environments in the Western world while paying no attention to early childhood education in developing countries like Saudi Arabia.&#x0D;; Aim: This study fills this knowledge gap by investigating the impact of teacher characteristics on the attitudes toward the inclusion of children with intellectual disabilities in early childhood education in Saudi Arabia.&#x0D;; Methods: Data were collected through a web-based survey. Statistical analysis was conducted using SPSS to generate descriptive statistics and correlations.&#x0D;; Results: There were statistically significant relationships between acceptance of inclusion of learners with IDs and all the independent variables; age (p=0.000), gender (p=0.021), training (p=0.000), professional role (p=0.015), knowledge (p=0.000) and experience (p=0.000).&#x0D;; Conclusion and Recommendations: Early childhood education teachers in Saudi Arabia should receive training on special needs to attain knowledge and experiences in dealing with learners with IDs in inclusive environments.</jats:p>",,
111-239-904-841-021,Considerations in the Personnel Preparation of Itinerant Early Childhood Special Education Consultants,2004,"Based on changes in the delivery of early childhood special education (ECSE) services, an argument is made for including content related to the purposes and models of consultation as well as collaborative process skills in personnel preparation programs for early childhood special educators. The content of current personnel preparation programs for early childhood special educators is described and suggestions for additional content to develop skills necessary to support young children with disabilities in inclusive settings are offered. Finally, questions are identified that will inform the development of personnel preparation programs to address the skills needed by itinerant ECSE consultants.",,
111-551-569-653-643,The Actual Condition of Safety Education for Children with Disabilities and Awareness of Early Childhood Teachers,2025,"<jats:p>Purpose: This study aims to identify the current status and awareness of safety education for children with disabilities among early childhood teachers working in children’s homes for children with disabilities and to use these data as a basis for supporting safety education for children with disabilities. Methods: A survey was conducted among 200 early childhood teachers working in integrated and specialized children’s centers for children with disabilities in Busan, Ulsan, and Gyeongnam, with 161 completed questionnaires analyzed using SPSS Ver. 24. Results: Early childhood teachers lacked a customized approach that considered the characteristics of each disability, relying on uniform audio-visual education for large groups. They perceived that safety education quality should improve through case training, experiential education programs, and support from institutions, parents, communities, and the government. Conclusion: By identifying the current status of safety education for children with disabilities and the challenges faced by early childhood teachers, this study suggests that systematic support is needed to equalize safety education levels and provide consistent education for all children with disabilities.</jats:p>",,
111-745-634-472-423,Taking Stock and Moving Forward: Implementing Quality Early Childhood Inclusive Practices,2016,"The long-standing and widespread support for the concept of inclusion of young children with disabilities is manifested in decades of legislation and policy, strongly held professional and family values, and a large body of research (Early childhood inclusion: Focus on change. Baltimore, MD, 2001). In spite of that support, children across the country have uneven opportunities to experience high quality inclusion in natural environments and regular education settings. Data suggests that progress has stalled in implementing the concept in a consistent and sustainable way (Odom, Buysse, & Soukakou, Journal of Early Intervention, 33, 344–356, 2011). To address the current issues related to early childhood preschool inclusion, this chapter begins with a description of this history and current context of inclusive practices within early childhood special education (ECSE). A description of the current implementation of inclusion follows. An approach to addressing the current concerns about early childhood inclusion, using an implementation science framework, identifies the inclusive practices with the strongest evidence, the implementation drivers or levers for change in increasing likelihood that those practices are implemented, and an action agenda for improving the likelihood that young children with disabilities experience high quality inclusion.",,
111-776-550-964-246,An exploration of the diversity of self‐help and help‐seeking practices for communication disability in Ghana and Fiji,2016,,,
112-442-912-437-504,Individuals with Disabilities Education Act (IDEA),2011,,,
112-633-562-019-418,Early Intervention Programs in Korea for Children with Disabilities,1999,"A national survey of 53 early childhood special education teachers in Korea was conducted to investigate their knowledge and perceptions regarding various aspects of kindergarten and preschool programs for children with disabilities. Results from the study indicated that (a) children in the age range of 3 to 7 years were the group most frequently served by early childhood special education in Korea, (b) teachers reported infrequent assessment and scarcity of curriculum resources, (c) most teachers reported using a self- or school-developed curriculum, and (d) confusion exists regarding the concept and use of the Individualised Education Program (IEP). Because of a somewhat lower than expected teacher response rate further study is needed to determine if the results of this study are representative of programs nationally. Also, evaluative steps should be taken to ensure that curricula are appropriate for the various ages and types of learners. Likewise, research is needed to identify those factors that fac...",,
112-718-377-366-824,Prevención en Educación Infantil: estudio de las actitudes hacia la discapacidad de docentes,2019,"According to Delors (1996), one of the basic pillars for the education of the 21st century is “learning to live together”. This involves not only assess the tremendous diversity that exists today in our classrooms, but also, to respond to this diversity, including persons with disabilities. In this sense, one of the most determining factors to carry out inclusive education is the attitude of the teacher. Specifically, we have focused on early childhood education teachers, due to the compensator and preventive nature of inequalities that has this stage.For this reason, we have analyzed the attitudes of different teachers of early childhood education with specific instruments for this purpose, with recognized prestige in the theme. Thus, it was found that, in general, the teachers showed positive attitudes towards persons with disabilities, but which, in particular, the teachers who taught teaching in the second cycle. Finally, we discuss the results, and are designated future perspectives for the study",attitudes; disabilities; teachers; early childhood education,
112-853-474-220-36X,Early Childhood Education and Care for Children with Disabilities: Facilitating Inclusive Practice*,2007,"In this case study, a co-operative inquiry process was used to facilitate the expansion of inclusive early childhood education and care practices in a rural community in the Midwest. A university and a community researcher first engaged in interviews and site visits, during which they learned how a three-member inclusion team of early care and education professionals initiated changes in practice from self-contained to inclusive special education and therapy. Key practices included responding to families’ priorities, changing roles, and providing integrated services and support for children’s successful transitions into Kindergarten. The second part of the research consisted of action planning during focus groups and community meetings, which resulted in social recognition from the school district, technical assistance through state improvement grant funding, and better preschool options for young children with disabilities.",,
112-995-334-252-62X,Children's Perspectives on the Roles of Teachers and Therapists in Inclusive Early Childhood Programs.,2000,"In the United States, slightly more than half of young children with disabilities are enrolled in community-based early education programs with their typically developing peers. When this occurs, individualized intervention programs are often provided in the child's classroom with other children present. This study examined typically developing children's different ideas about the roles of the teachers, interventionists and therapists in inclusive early childhood programs. While most children knew their teachers by name, they were less likely to know the names of some of the therapists. Children described teachers' primary roles as teaching and taking care of children, while therapists were most often described as providing special services for a few children. Differences in children's descriptions of the adults' roles were related to the ways in which interventions were provided in the classroom. Implications of these findings for including children with disabilities in early childhood programs are discu...",,
113-103-321-569-257,"Children’s spirituality and inclusion: strengthening a child’s spirit with community, resilience and joy",2015,"The vision of inclusion speaks to the minds, hearts and spirits of children with disabilities. A meaningful inclusive atmosphere exists when children with and without disabilities are physically engaged and interact with one another as a community in a variety of activities. Spirituality for children with disabilities within an inclusive early childhood classroom requires an education that is intellectual, emotional, social, moral and spiritual. In this type of environment, children with disabilities and peers can flourish in a warm and welcoming community. This paper contributes to the literature and asserts the importance of the ‘forgotten’ dimension of early childhood special education. Learning strategies to inform teachers and parents for establishing an inclusive welcoming classroom for children with disabilities are offered by exploring a spiritual curriculum emphasising holistic education with peers through strengths-based projects, small group work and peer-mediated interventions for supporting t...",,
114-117-718-668-476,Understanding Inclusive Early Childhood Education: A Capability Approach,2023,"<jats:p>&lt;p&gt;This article explores the application of current discourse in inclusive education, particularly the capability approach and its utility in early childhood education. The article highlights the tensions between a rights-based discourse that informs inclusive education practice and the right for children to have early intervention. Structural approaches to supporting children with disabilities are examined. These structural approaches are evaluated using the framework developed using the capability approach. The article aims to ease some of the tensions that arise from differing philosophical approaches to education for young children, and to provide a framework for addressing the developmental and social needs of young children with disabilities.&lt;/p&gt;</jats:p>",,
114-710-044-425-394,Enhancing the Quality of Early Childhood Care and Education Globally,2015,"Access to high-quality early childhood care and education (ECCE) services is important to children's well-being and later school success, particularly for children with disabilities who require spe...",,
114-711-101-007-696,Teachers' perception of the response to intervention implementation feasibility in Chinese inclusive early childhood education.,2019,This exploratory study examined Chinese teachers’ perceptions of the practical uses of Response to Intervention (RTI) in preschool inclusive education settings. A survey and follow-up interviews we...,RTI model; children with special needs; preschool inclusive education,
114-946-612-096-738,An Analysis of Consulting-Related Studies in the Early Childhood Setting for Children with Disabilities,2020,,,
114-998-914-819-991,"Diversity And Disability In Visual Arts, Children'S Literature, Play And Creative Writing: An Educational Program For Children In Early Childhood Education In A Non-Formal Educational Setting",2018,"This article presents an applied educational program for early years children with three thematic objectives, i.e. empathy, disabilities and visual arts. The program took place in Children’s Museum of Thessaloniki and focused on the reflection between the text and image generally. The participants were twenty children from 4 – 8 years old, as the program was designed for early childhood education students. The program was theoretically based on the principals of Social Pedagogy, the methods and the techniques which were considered appropriate, were related to experiential activities, use of artworks and creative writing. The artworks that were used in the program originate from Greek visual arts of the 19th and 20th century and depict images of disability. The use of literary narration and visual arts especially in early childhood education constitutes an alternative, interactive and effective tool in order to teach issues that are related to social phenomena, to impart the value of respect in diversity and to reinforce the value of inclusion. Teachers can help students develop an understanding of social and cultural meaning in art, and can provide students with the tools to understand their culture, by recognizing art as a cultural carrier, using a critical literacy framework. In this program, children had the chance to create their stories and to talk about diversity, to discover their senses and to express their feelings playing and learning by experience.",,
115-272-476-892-550,Retrospective Evaluation of Mothers' Opinions related to the Small Steps Early Intervention Program in Turkey,2014,"The purpose of this current study is to evaluate the Small Steps Early Intervention Program based on opinions of the mothers who participated in the program ten years ago. The participants of this study consisted of 10 mothers who had young children with disabilities participating early intervention program carried out in Turkey between 2000 and 2003. In this study, a descriptive research method was used in order to determine the mothers' opinions regarding the Small Steps Early Intervention Program. The data was collected by using semi structured in-depth interviews. In an attempt to reach detailed findings, the data of the study were analyzed inductively. The present study provides an understanding of opinions related to the Small Steps Early Intervention Program of mothers who have children with disabilities and it gives important information on the effectiveness of the program having been implemented since 1996 in Turkey. More importantly, it gives insights regarding the changes and adaptations to be done for future implementation of the SSEIP which was the first structured early intervention program aimed to meet the needs of the young children with disabilities and their parents in our country.",,
115-327-328-317-621,Study on the Effectiveness of Practicum Program Model of Pre–service Child Care Teachers for children with Disabilities,2017,,,
115-447-993-697-00X,Erratum to: Disability and vocational rehabilitation in rural settings,2017,,,
115-721-234-066-142,Pre-service Early Childhood Teachers' Inclusive Education Beliefs and Perceptions of Disability Awareness Education,2023,"<jats:p>Objectives The purpose of this study is to find out the variables that affect pre-service early childhood teachers' inclusive education beliefs and perceptions of disability awareness education, and to investigate the relationship between inclusive education beliefs and disability awareness education.; Methods An online survey was conducted on pre-service early childhood teachers in the Gwangju and Jeonnam regions on their beliefs in inclusive education and perceptions of disability awareness education. Basic statistics, t-test according to background variables, and correlation analysis were conducted on the final 179 pre-service early childhood teachers' beliefs on inclusive education and perceptions on disability awareness education.; Results First, pre-service early childhood teachers' overall inclusive education belief, inclusive expertise, inclusive cooperation, inclusive effect, and inclusive perception were found to be positive, but the inclusive will was relatively weak. There was a difference in the inclusive education belief depending on whether or not the introductory special education course was taken. It was found that the pre-service early childhood teachers' grades and their experience of interaction with children with disabilities did not have a significant effect on their inclusive education beliefs. Second, pre-service early childhood teachers perceived the need for disability awareness education as high, but their interest and confidence in disability awareness education were relatively low. Compared to the lower grades, the upper grades had higher confidence in disability awareness education, and the students who had the experience of taking introductory special education courses had a higher level of understanding of disability awareness education. Third, there was a significant correlation between the inclusive education belief, need for, understanding of, and confidence in disability awareness education. There was a correlation between interest, need, and understanding of disability awareness education, but there was no significant correlation between need and confidence in disability awareness education.; Conclusions It is necessary to further strengthen education on inclusive education and disability awareness education in the early childhood teacher training course. On the other hand, it is necessary to further strengthen the curriculum that can increase understanding of disability awareness education and increase confidence in implementation.</jats:p>",,
115-826-897-335-957,The Inclusion of Children with Disabilities in Early Childhood Education,2018,,,
115-929-504-663-792,An Assessment of General and Special Education Teachers' and Students' Interpersonal Competences and Its Relationship to Burnout,2020,,,
116-170-362-484-072,A Study on the Styles of Peer Interaction of Preschool Children with Disabilities into Inclusive and Segregated Settings,2003,,,
116-508-093-787-774,Teachers' Changing Perceptions of Problem Behaviors in Infants at Risk for Disabilities: Functional Understanding and Professional Consultation in General Childcare Settings,2026,,,
116-590-117-879-67X,"A Synthesis of ""Best Practice"" Guidelines for Early Childhood Services",1988,"""Best practice"" guidelines drawn from recent advances within the field of disability are reviewed and synthesized for the purpose of defining exemplary early childhood special education services. With both empirical and ideological support, the paper identifies six major characteristics of exemplary programs. Such programs provide services that are (a) integrated, (b) comprehensive, (c) normalized, (d) adaptable. (e) peer and family-referenced, and (f) outcome-based. Programmatic guidelines are addressed for each characteristic.",,
117-010-945-884-936,The sounds of memory: Troubling the professionalization of knowledge through Black women's memoir and interpretive disability studies,2022,"<jats:p>In this article, the authors encourage the consideration of the use of Black women’s memoir to inform pre-service early childhood education by exploring Mary Herring Wright’s memoir of growing up Black and deaf in the southern USA in Sounds Like Home and bell hooks’ memoir of childhood in Bone Black: Memories of Girlhood. In their engagement with Wright and hooks, stories of childhood, longing and memory appear as valid forms of knowing that attend to issues of power, hegemony and social inequity. The authors further demonstrate that the standards of practice promoted within the Ontario College of Early Childhood Educators, particularly ‘Standard II: Curriculum and Pedagogy’, understand knowledge as valid primarily if based on empirical and developmental ways of knowing. Black women’s memoirs and counternarratives, engaged with from an interpretive disability studies perspective, trouble this by suggesting that memories and stories of childhood also serve as valid and important forms of knowledge in pre-service early childhood education training and beyond . How might one encourage and support a disability studies approach to inclusion in pre-service early childhood education settings? How might such an approach help blur the child–adult binary that often appears in pre-service early childhood education, and in almost all the relationships that children have with adults? Melding the creative and the critical, the authors argue that Black women’s memoir can deepen our understanding of belonging and love, and therefore is a necessary intervention in educational institutions embedded within a normative order that creates binaries between children and adults.</jats:p>",,
117-083-730-614-864,Promotion of Early Childhood Development and Mental Health in Quality Rating and Improvement Systems for Early Care and Education: A Review of State Quality Indicators.,2023,"In the United States (U.S.), quality rating and improvement systems (QRIS) are used by many states to incentivize quality in ECE and may be a viable lever for promoting early childhood development and mental health on a population level. We conducted a qualitative review of publicly available data on state QRIS indicators to better understand how states incorporate evidence-informed early childhood development and mental health promotion standards in QRIS. We systematically compared QRIS indicators for 41 U.S. states with child development and mental health promotion quality standards from <i>Caring for Our Children National Health and Safety Performance Standards; Guidelines for Early Care and Education Programs, 3rd Edition</i>, as of March/April 2020. Of those, 39 states included at least one indicator consistent with child development or mental health promotion standards, including practices that can lead to early detection of developmental delays such as developmental monitoring, activities or curriculum addressing developmental domains, and regular communication and resource-sharing with parents/guardians. Opportunities exist within states for incorporating more specific guidance within indicators, such as use of childcare health consultants and advocates, validated screening tools, parent/guardian participation or input in developmental monitoring and screening, and staff training on family engagement. We found that in most states QRIS indicators offer guidance for ECE systems to support and monitor early development and foster mental health, with opportunities to enhance guidance. Findings point to QRIS as a viable opportunity for promotion of early childhood development and mental health standards in ECE systems.",Children’s Health Equity; Children’s Mental Health; Early Childhood Development; Early Identification; Health Promotion; Quality Early Care and Education; Quality Rating and Improvement Systems,
117-149-156-517-275,Adolescents and Transition Students with Disabilities in Rural Areas,2017,,,
117-416-074-017-123,Measuring childhood disability and AIM programme provision in Ireland,2021,"<jats:p>The social inclusion of children with disabilities, and in particular their inclusion in early learning and care settings, is key to maximising their wellbeing, care and future education. It is therefore vital that children with disabilities have equal access to early learning and school age care and education. Joint research, published by the ESRI and Pobal explores a number of existing challenges experienced by children with disabilities in this area.</jats:p>",,
117-418-721-459-438,Increasing Understanding and Social Acceptance of Individuals With Disabilities Through Exploration of Comics Literature,2015,"Research supports the inclusion of children with disabilities in general education classrooms as a way to boost academic and social development, not only for children with disabilities, but also for typically developing children. A wide variety of perspectives and abilities in the classroom builds empathy, understanding, and creativity—all critical skills for children and adults learning, living, and working in increasingly diverse communities. Instead of deficit thinking about individuals with disabilities (considering them only in terms of what they cannot do), current best practices around the world call for a strengths-based approach. All children have the right to a quality education, and separate facilities do not guarantee equitable treatment. In this article, the authors explore the benefits of a classroom study of comics literature featuring characters with disabilities in terms of classroom behavior, learning, and social skills building. In outlining specific classroom activities and linking the...",,
117-556-677-973-637,Service-Learning in Early Childhood Teacher Education: Using Service to Put Meaning Back into Learning.,2008,,,
118-181-618-986-700,Early childhood education of children with disabilities in Botswana,1996,,,
118-254-253-938-830,Narrative inquiry of fathers of young children with disabilities about Parenting experience,2019,"The purpose of this study is to find out the meaning of father 's role in the education of children with disabilities and the meaning of fathers' raising children with disabilities. Qualitative data were gathered with interviews and researchers journals. In-depth interviews were implemented 35times and focus group interviews were implemented five times totally. As a result, three big categories were identified and 6 sub-themes. : narrative about environments, narrative about teachers, narrative about friends and narrative about time. In this study, we did not reveal the relationship between the type of disability of the child and the perception of the role of the father according to the severity of the disability. In the future, I would like to study the father 's experience and role perception according to the age of the child.",,
118-254-739-417-939,Using a Family-Centered Preservice Curriculum To Prepare Early Intervention and Early Childhood Special Education Personnel.,2002,,,
118-260-525-454-954,Early Childhood Pre-service Teachers’ Perception of Young Children with Disabilities and Early Childhood Special Education Trough Participant Observation,2011,,,
118-521-407-970-731,A Phenomenological Analysis of Teaching Experiences for Children with Disabilities with Delayed School Entry Experience Perceived by Child Care Teachers for Children with Disabilities,2021,,,
119-001-521-807-660,A Phenomenological Investigation into the Utility of Online Professional Development to Promote Inclusive Opportunities for Young Children with Disabilities in Community-Based Early Childhood Programs,2019,"<jats:p>Preschool children deemed eligible for special education and related services pursuant to the Individuals with Disabilities Education Act (IDEA) must receive a Free Appropriate Public Education (FAPE) in the least restrictive environment (LRE). Access to publicly funded early childhood general education settings is limited for young children with disabilities. Educators in such programs often lack formal training in special education and meaningful professional development required to meet the needs of young children with disabilities in their classrooms. The purpose of this qualitative research study was to examine how access to online professional development, targeting community-based early childhood educators, promotes inclusive environments for young children with disabilities. The following research questions were developed as part of this research inquiry: 1) what are perceptions of early childhood educators on the use of online PD to promote inclusion of young children with disabilities? and 2) how do early childhood educators perceive that their practice will change as a result of participating in online PD and how outcomes for young children with disabilities will improve through their participation in PD? Research was conducted to determine how online professional development could optimize inclusive opportunities for young children and expand the IDEA-mandated continuum of services offered by school districts. Study participants completed an online survey and asynchronous, one-on-one interviews designed to answer the research questions. Findings from the study revealed that participants support the use of online professional development to promote inclusive classrooms, increased retention of, and better outcomes for young children with disabilities.</jats:p>",,
119-301-375-430-803,Benefits of Co-teaching reflected in Change for Young Children with Disabilities in Inclusive Early Childhood Education Settings,2009,,,
119-466-076-159-246,The Standard of Preschool Education for Children with Disabilities in Sweden Through the Investigation of Current Situation in Sweden and the Comparison between Swedish and Japanese Systems,2016,,,
119-489-407-508-60X,The Beginnings of Federal Help for Young Children with Disabilities,2000,"The beginning of federal help for young people with disabilities was stimulated by an earlier interest in economically disadvantaged children through HeadStart. Because of that interest a small demonstration program, the Handicapped Children's Early Education Program (HCEEP), a visible concern for young children with disabilities began in 1968. A major technical assistance project accompanied the HCEEP program, followed by personnel preparation and research initiatives in early childhood by OSEP and NICHD. State grants to aid in developing early childhood services were followed by the Education of the Handicapped Amendments of 1986 that mandated services in participating states. A total of 18 years was needed before these various components were in place, reminding us that public policy moves incrementally even in areas of substantial professional and public agreement.",,
119-583-054-760-455,A Non-Professional Looks at Early Childhood Education,1968,"When a knowledgeable layperson of Mr. Cass' caliber is enticed into the presumptuous position of giving advice to professionals-and when that advice is sound and encouraging, it behooves us all to listen. Early childhood education is a major factor to those of us interested in learning disabilities. The attitudes, training, curriculums and perceptions of our K-3 teachers are of such importance to us, that as Mr. Cass states “…early childhood education is slated to become the educational Cinderella of the decade ahead.”— C. C. E.",,
119-599-147-030-298,Uncovering the Determinants of Family Quality of Life in the Context of Childhood Disabilities.,2025,"<AbstractText Label=""BACKGROUND"" NlmCategory=""BACKGROUND"">The Family Quality of Life (FQoL) of families with children with disabilities in early childhood is affected by multidimensional factors such as social support, emotional well-being, economic sufficiency and access to services.</AbstractText>;           <AbstractText Label=""METHODS"" NlmCategory=""METHODS"">While qualitative studies exist, few have focused on early childhood within the Turkish context. This study describes how social, economic and emotional factors influence FQoL in families with children with disabilities and provides findings to guide future interventions and policies. The data were collected through semi-structured interviews. Data were collected through semi-structured interviews with 12 parents of children with disabilities.</AbstractText>;           <AbstractText Label=""RESULTS"" NlmCategory=""RESULTS"">The findings obtained through the directed content analysis were classified into five main themes: family interaction, parenting, emotional well-being, physical/financial/material competence and support for disability.</AbstractText>;           <AbstractText Label=""CONCLUSION"" NlmCategory=""CONCLUSIONS"">This study highlights that the FQoL of families with young children with disabilities is influenced by complex and interconnected factors. The findings underscore the importance of developing holistic, accessible and needs-based support systems that address not only the care burden and economic challenges but also emotional and social well-being.</AbstractText>;           <CopyrightInformation>© 2025 John Wiley &amp; Sons Ltd.</CopyrightInformation>",FQoL; a qualitative study; children with disabilities; families,"Humans; Quality of Life/psychology; Children with Disabilities/psychology; Female; Male; Social Support; Child, Preschool; Qualitative Research; Turkey; Adult; Child; Parents/psychology; Parenting/psychology; Socioeconomic Factors; Family Relations/psychology"
119-897-432-939-826,"""Tell Them We're Girls"": The Invisibility of Girls With Disabilities",2001,"Anne M.Bauer is a professor and coordinator of early childhood education at the University of Cincinnati. Her research and writing emphasizes inclusive environments for young children with disabilities or who challenge the system with their learning styles, learning rates, or interactions.",,
120-050-661-235-39X,Exploring the Professional Development Needs of Early Childhood Paraeducators and Supervising Teachers,2020,"Paraeducators play an important role supporting children with developmental disabilities in early childhood settings, and the current educational system has come to rely heavily on paraeducator sup...",,
120-140-306-846-347,Analysis of mothers' perceptions affecting eating habits of young children with/without disabilities: A machine learning method,2022,"The purpose of this study was to confirm the mothers perceptions of the influence of eating habits of young children with/without disabilities. Through a survey study, the intersection between factors affecting understanding of baby food, practice of weaning food, and children's current eating habits was analyzed using a machine learning-based decision tree approach. Results indicate that, first, there was a significant difference in understanding of weaning foods between mothers of children with and without disabilities. The late timing of weaning foods was associated with an unbalanced diet and overeating. Second, there was a significant difference in the breastfeeding pattern before transitioning to baby foods in mothers of disabled infants and non-disabled infants. Before weaning, mothers of infants with disabilities were more likely to feed formula or a mixture of milk and formula. Third, the mother's job status during the weaning period showed a significant intersection with the current number of snacks, the preparation of weaning food, and the types of preferred snacks of the disabled infants. Discussion includes the need for diet education and related supports systematically for mothers of infants/children with disabilities.",,
120-300-004-595-976,An Emergent Discussion of Itinerant Consultation in Early Childhood Special Education,2004,"The field of early childhood special education (ECSE) is at a crossroads. No longer are ECSE services being provided primarily in self-contained center-based programs or in the homes of young children with disabilities (Odom, et. al., 1999). The 1997 changes in the Individuals with Disabilities Education Act (P.L. 105–17) have resulted in a strong mandate for the inclusion of infants and toddlers in natural environments and the inclusion of preschool children with disabilities in the least restrictive environment. These “typical” settings for children from birth to 5 years include a wide variety of community-based (e.g., nonpublic school) environments, such as Head Start programs, public and private child care centers, private preschools, and family day care settings. The changes in the locations where services are delivered have led to changes in the personnel who are delivering the services to young children with disabilities and in the roles of early childhood special educators. Now, in addition to the early childhood JOURNAL OF EDUCATIONAL AND PSYCHOLOGICAL CONSULTATION, 15(2), 123–126 Copyright © 2004, Lawrence Erlbaum Associates, Inc.",,
120-413-063-046-126,A Review of EI/ECSE Systems Across Four Settings: Procedures and Lessons Learned,2019,"There is currently no reliable information on the number of children with disabilities across the globe due to differences in terminology, child find systems, and available of psychometrically sound assessment tools to identify children timely. This literature review examines the extant literature related to assessment methods used for identification of children for early intervention/early childhood special education (EI/ECSE) services in four settings: China, Singapore, Taiwan, and Turkey. Search criteria for the study started with peer-reviewed articles, published in English between 2008 and 2019. In addition to the peer-reviewed article search, government reports and technical evaluation papers in each setting’s native language are included. Findings are summarized in the following areas: 1) legal foundations; 2) assessment procedures on identification of young children with disabilities, and 3) education services for children with disabilities and their families. Similarities and differences across four settings regarding the EI/ECSE systems and initiatives are examined. Implications for research and practice are discussed.",,
120-962-256-284-720,Using PulpMotion videos as instructional anchors for pre-service teachers learning about early childhood special education,2016,"Providing pre-service early childhood general educators with a strong knowledge base of key aspects of early childhood special education is essential in the United States as US federal law mandates it. Specifically, the Individuals with Disabilities Education Act (IDEA) stipulates that children with special needs must to be placed in the least restrictive environment, and thus this legislation increases the number of young children with special needs in general education settings (Cook, Klein, Tessier, 2008; Crockett &amp; Kauffman, 2013; Siegel, 2007). For many pre-service early childhood educators, learning about concepts in early childhood special education can be challenging given that pre-service general educators can often feel uncomfortable with potentially working with children with special needs, a population that they may feel they have little understanding of how to effectively teach (Henning &amp; Mitchell, 2002). However, teacher education approaches that allow the exploration of various perspectives about inclusive practices while also developing critically reflective thinking skills can promote a sound understanding of inclusive teaching practices (Silverman, 2007). This study introduced an anchored instructional experience using a software program called PulpMotion to create video media to bridge meaningful understandings of general educators with potentially challenging knowledge of early childhood special education. Pre-service early childhood educator s presented with the PulpMotion created anchored instructional video experiences were shown to have a marked increase of on-line discussion board postings and reviews of ""non-required"" reading of early childhood special education.<br>International Research in Early Childhood Education, vol. 5, no. 1, p. 56-63",,
121-078-335-241-605,Inclusion at Any Price? Exploring the Challenges and Opportunities of the Contemporary Special Educational Needs and Disabilities Coordinator,2026,<jats:p/>,,
121-128-052-451-330,Early childhood education : an international encyclopedia,2006,"Volume I :Preface Acknowledgments Introduction Guide to Related Topics Abecedarian Program Academics Accreditation of Early Childhood Programs Act for Better Child Care (ABC) Action Research Addams, Jane (1860-1935) Adoption Advocacy and Leadership in Early Childhood Education Almy, Millie (1915-2001) American Associate Degree Early Childhood Educators (ACCESS) Ashton-Warner, Sylvia (1908-1984) Assessment in Early Childhood Assessment, Visual Art Association for Childhood Education International (ACEI) Association for Constructivist Teaching (ACT) Attachment Attention Deficit Disorder/Attention Deficit Hyperactivity Disorder (ADD/ADHD) Augmentative and Alternative Communication (AAC) Autism Bandura, Albert (1925- ) Bank Street Behaviorism Behavior Management and Guidance Biculturalism Bilingual Education Binet, Alfred (1857-1911) Black Caucus (NAEYC) Blow, Susan Elizabeth (1843-1916) Bowlby, John (1907-1990) Brain Development Bronfenbrenner, Urie (1917-2005) Bruner, Jerome (1915- ) Bullying Center for the Child Care Workforce (CCW) Cerebral Palsy (CP) Child Abuse and Neglect Child Abuse and Neglect, Prevention of Child Art Child Care Child Care and Development Fund (CCDF) Child Care and Early Education Research Connections Child Care Subsidies and Tax Provisions Child Development Associate (CDA) National Credentialing Program Child Development Group of Mississippi (CDGM) Childrens Defense Fund (CDF) Childrens Media Childrens Museums Child Study Movement Classroom Discourse Classroom Environments Cognitive Development Comenius, John Amos (1592-1670) Computer and Video Game Play in Early Childhood Constructionism Constructivism Contemporary Issues in Early Childhood Convention on the Rights of the Child (CRC) (1989) Council for Exceptional Children (CEC) The Creative Curriculum for Preschool Culture Curriculum Curriculum, Emotional Development Curriculum, Mathematics Curriculum, Music Curriculum, Physical Development Curriculum, Science Curriculum, Social Studies Curriculum, Visual Art Day Nurseries Deaf Children Development, Emotional Development, Language Development, Moral Development, Psychosocial Theory of Development, Social Developmental Delay Developmental Disorders of Infancy and Early Childhood, A Taxonomy of Developmental-Interaction Approach Developmentally Appropriate Practice(s) (DAP) Developmental Systems Theories Dewey, John (1859-1952) Direct Instruction Model Disabilities, Young Children with Division for Early Childhood (DEC) Documentation Domestic Violence Down Syndrome Volume II :Early Care and Education Programs, Administration of Early Child Development and Care Early Childhood Education Journal (ECEJ) Early Childhood Environment Rating Scales (ERS) Early Childhood Music Education Commission (ECME) Early Childhood Research & Practice (ECRP) Early Childhood Research Quarterly (ECRQ) Early Childhood Special Education (ECSE) Early Head Start Early Intervention Early Years: An International Journal of Research and Development Ecology of Human Development Education 3-13 Eliot, Abigail Adams (1892-1992) Emergent Curriculum Environmental Assessments in Early Childhood Education Erikson, Erik H. (1902-1994) European Early Childhood Education Research Journal (EECERJ) Even Start Exchange Families Family Literacy Family Systems Theory (FST) Fathers Feminism in Early Childhood Education Fetal Alcohol Syndrome (FAS) Frank, Lawrence Kelso (1890-1968) Freud, Anna (1895-1982) Freud, Sigmund (1856-1939) Froebel, Friedrich (1782-1852) Gay or Lesbian Parents, Children with Gender and Gender Stereotyping in Early Childhood Education Gesell, Arnold (1880-1961) Gifted and Talented Children in the United States Good Start, Grow Smart Gordon, Ira J. (1923-1978) Grade Retention Grouping Hailmann, Eudora Lucas (18351904) Hailmann, William Nicholas (1836-1920) Hall, G(ranville) Stanley (1844-1924) Hawkins, David (1913-2002) and Hawkins, Frances Pockman (1913- ) Head Start High/Scope High/Scope Perry Preschool Study Hill, Patty Smith (1868-1946) History of U.S. Early Childhood Care and Education Hunt, Joseph McVicker (1906-1991) Hymes, James L., Jr. (1913-1998) IEA Preprimary Project Immigration Incarcerated Parents, Children of Inclusion Individualized Education Plan (IEP) Individualized Family Service Plan (IFSP) Individuals with Disabilities Education Act (IDEA) Infant Care Intelligence Intelligence Quotient (IQ) Intelligence Testing Interagency Education Research Initiative (IERI) International Journal of Early Childhood (IJEC) International Journal of Early Years Education International Journal of Special Education International Kindergarten Union (IKU) International Reading Association (IRA) Isaacs, Susan (1885-1948) Journal of Early Childhood Research Journal of Early Childhood Teacher Education (JECTE) Journal of Early Inte",,
121-181-185-195-492,Finding a Common Lens: Competencies across Professional Disciplines Providing Early Childhood Intervention.,2019,"<jats:p>The Early Childhood Personnel Center (ECPC) was funded by the Office of Special Education Programs at the U.S. Department of Education to provide technical assistance to State Systems of Early Childhood Intervention and Institutions of Higher Education on issues related to personnel development. One initiative of the ECPC has been to collaborate with professional organizations to identify core cross-disciplinary competencies for all personnel serving infants and young children aged birth through 5 years with disabilities and their families. Seven national organizations representing disciplines providing services in early childhood intervention have been participating in this initiative: the American Occupational Therapy Association; the American Physical Therapy Association; the American Speech-Language-Hearing Association; the Council for Exceptional Children and the Division for Early Childhood; the National Association for the Education of Young Children; and Zero to Three. Alignments of personnel standards, practice guidelines, and competencies yielded 4 areas of competence that are common across service providers serving infants and young children with disabilities and their families. These are: Collaboration and Coordination; Family-Centered Practice; Evidence-Based Practice; and Professionalism.</jats:p>",,
121-758-212-482-731,QR CODE ACCESSED VIDEO-BASED INSTRUCTION TO TEACH VOCATIONAL SKILLS TO STUDENTS WITH MODERATE TO SEVERE DISABILITIES,,,Theses and Dissertations--Early Childhood; Special Education; and Rehabilitation Counseling Early Childhood; Special Education; and Rehabilitation Counseling 2018,
121-849-822-430-748,Tongan families and children with disabilities: Experiences within early childhood education settings in New Zealand,2017,,,
121-879-696-313-475,The effects of the Quality Book Reading (NIKO) early intervention program on Turkish mothers of children with Down syndrome and their children,2024,,,
121-968-631-787-869,Progress in communication of two children with intellectual disability in child education: interventions using alternative communication resources,2022,"<jats:p>This research sought to analyze how the use of Alternative Communication in intervention sessions can contribute to the process of communication of children with intellectual disabilities in the stage of Early Childhood Education. The research had the participation of two children with intellectual disability and communicative difficulties, students of public schools in the city of Igarassu-PE. Intervention sessions were held with the use of Alternative Communication resources. The study demonstrated that the use of alternative communication resources contributed significantly to these children's communication. It showed that the use of alternative communication coupled with pedagogical activities to stimulate oral language in early childhood education can enhance the acquisition and development of the language of children with intellectual disabilities, which in the classroom can allow children with ID to have as many opportunities for development as other children without disabilities.</jats:p>",Acquisition of language; Alternative Communication; Intellectual Disability,
122-110-310-531-685,Enhancing Teachers' Content Delivery to Children with Disabilities Using ICT-Based Technologies to Promote Inclusive Early Learning in Kenya,2025,"Inclusive education is essential for ensuring equitable learning opportunities for all children, including those with disabilities. However, in Kenya, teachers often struggle to deliver content effectively to learners with diverse needs due to limited resources and inadequate training. This study explores the potential of Information and Communication Technology (ICT)-based technologies to enhance teachers’ content delivery and promote inclusive early learning. Using a mixed-methods approach, the research examines barriers to inclusive education in Kenyan early childhood settings and evaluates the effectiveness of ICT tools such as interactive apps, assistive devices, and digital storytelling in improving engagement and learning outcomes for children with disabilities. Data was collected from 30 early childhood educators in Nairobi and Kisumu counties through surveys, interviews, and classroom observations. Findings reveal that while teachers recognize the benefits of ICT, challenges such as limited device access, inadequate training, and infrastructural constraints hinder effective implementation. The study highlights successful case studies where ICT integration has fostered participation, personalized learning, and teacher confidence in inclusive classrooms. Based on the findings, the study recommends policy reforms to support ICT adoption, targeted teacher training programs, and public-private partnerships to improve resource availability. This research underscores the transformative potential of ICT in bridging the inclusivity gap in early childhood education and advocates for a systematic approach to technology integration within Kenya’s educational framework.",,
122-365-758-328-823,Outcome at 14 years of extremely low birthweight infants: a regional study,2001,"OBJECTIVES—To determine the neurosensory outcome at 14 years of age of a regional cohort of extremely low birthweight (ELBW) children, to contrast their prognosis with normal birthweight (NBW) controls, and to determine the predictive value of assessments earlier in childhood.; DESIGN—Geographically determined cohort study.; SETTING—The state of Victoria, Australia.; PATIENTS—Consecutive ELBW survivors of birth weight 500-999 g (n = 88) born during 1979-1980, and 60 randomly selected contemporaneous NBW (birth weight > 2499 g) controls.; MAIN OUTCOME MEASURES—Rates of neurosensory impairments and disabilities at 14 years of age, and earlier in childhood.; RESULTS—Of 351 ELBW consecutive live births, 88 (25%) survived and 79 (90%) of the survivors were assessed at 14 years of age. Of the 79 ELBW children assessed, eight (10%) had cerebral palsy, five (6%) had bilateral blindness, four (5%) were deaf requiring hearing aids, and 36 (46%) had an intelligence quotient (IQ) < −1 SD compared with the mean for the NBW controls. Overall 11(14%) ELBW children were severely disabled, 12 (15%) were moderately disabled, 20 (25%) were mildly disabled, and 36 (46%) had no disability. In contrast, only one (2%) of 42 NBW children assessed had a severe disability, six (14%) had a mild disability, and the remaining 35 (83%) were not disabled. Comparing psychological test scores for ELBW children with those for NBW controls, rather than test norms, avoided bias in the assessment of disability earlier in childhood. Relative to assessments earlier in childhood, the prediction of disability at 14 years of age was highly significant at each of 2, 5, and 8 years of age, but the accuracy progressively increased with age.; CONCLUSIONS—ELBW children have substantially higher rates of neurosensory impairments and disabilities at 14 years of age than NBW controls. Comparison of ELBW children with NBW controls avoids bias in the assessment of disability. Early childhood assessments are highly predictive of disability at 14 years of age.",,
122-587-740-529-081,Including Children With Disabilities in Early Childhood Education Programs,2006,,,
122-910-770-824-820,STEM Education for Children with Disabilities: A Systematic Review,2025,,,
122-933-256-644-730,InfoGuides: Early Childhood Education: Find Medically Diverse Learners (including Low-Incidence Disabilities),2020,,,
123-281-791-229-390,Priorities for access to early childhood development services for children with disabilities in South Africa,2022,"<jats:p>Background: South Africa has migrated the responsibility for early childhood development (ECD) centres from the Department of Social Services to the Department of Basic Education. This functional shift has ushered in consultations and discussions on how best to implement ECD, including opportunities the change may bring.Aim: By anchoring the understanding of ECD services in nurturing care, this study aimed to elucidate the provision of appropriate, inclusive services in early childhood development, including early childhood intervention, for children with disabilities in South Africa against the backdrop of the migration of services from one government ministry to another.Methods: This is an analytical article based on South African literature on ECD services, including interventions, with particular attention to children with disabilities, basing our understanding of these services in nurturing care.Results: We elucidate how the ideals of the Nurturing Care Framework can be achieved in the context of children with disabilities in South Africa using five themes: the need to localise services, developing tools and strategies for screening and early intervention, enhancing the efficacy of caregivers, supporting and training staff and collaborations.Conclusion: It is necessary to empower caregivers and professionals to address early childhood intervention and ECD needs of children with disabilities. Early childhood development centres are an important context for nurturing care, providing opportunities to promote and sustain health amongst a large number of children. Considering the function shift of ECD services in South Africa, these centres are well positioned to further nurturing care to children with disabilities through the provision of supportive environments that promote health and well-being.</jats:p>",children with disabilities; early childhood development; early childhood intervention; impairments; nurturing care; South Africa,
123-943-871-627-946,"Program administrator's guide to early childhood special education : leadership, development, and supervision",2009,"Something Old, Something Newer Janeen M. Taylor and Toni W. Linder Effective Leadership James McGowan and Sarah A McGowan Providing Leadership for Interagency Collaborative Efforts Carol Ann Baglin The First Step for Children and Families: Setting up a System for Screening, Evaluating, and Assessing Young Children with Disabilities and Their Families Mary Hendricks and Janeen Taylor Program Planning and Implementation for Infants and Toddlers with Disabilities and Their Families Anne Hickey and Janeen Taylor Program Planning and Implementation for Preschool Children with Disabilities and Their Families Marisa Conner, Jeannie Norissa, and Toni Linder Technology in Early Childhood Special Education Linda Tsantis and John Castellani Transitions and Service Coordination in Early Childhood Special Education Brenda Hussey Gardner Professional Development and Mentoring Cindy Johnson and Janeen Taylor Supervision of Professionals, Paraprofessionals and Volunteers James McGowan Health and Safety Considerations W. Scott Taylor, M.D. and Nancy Ross, R.N. Budget and Finance of Early Childhood Special Education Programs James McGowan Proposal Writing, Submission, and Management Naomi Tyler of the Alliance Project.",,
124-213-448-138-506,Parents' Level of Awareness of Early Intervention Processes for Students at Risk of Learning Disabilities in Early Childhood,2024,"<jats:p>The current research aims to identify parents’ level of awareness regarding early intervention processes for students at risk of learning disabilities (LDs) in early childhood in Al-Ahsa city Governorate, Kingdom of Saudi Arabia. The research employs a descriptive methodology using a survey approach, which is the most suitable method, as it helps describe the phenomenon under study and its relationship with associated variables. Additionally, statistical methods were used to translate the results of the field framework. The researcher selected a random sample of parents from Al-Ahsa Governorate, Kingdom of Saudi Arabia, consisting of 75 parents, representing 62.5% of the total research population. An exploratory sample of 30 parents from the research community but outside the main research sample was also selected to conduct statistical procedures (validity-reliability) for the main research tool. The researcher excluded 15 incomplete questionnaires. To achieve the research objectives, a questionnaire was used the key findings showed significant agreement among the study participants regarding statements that received high evaluations, such as the role of preschool and special education teachers in providing individual support for children and the importance of providing therapeutic and rehabilitative services to individuals with special needs. The main recommendations emphasize the need to develop comprehensive and effective evaluation procedures for the symptoms of learning disabilities in early childhood in cooperation with the relevant authorities.</jats:p>",,
124-785-816-586-593,A Qualitative Study on the Experience of Restructuring Play-centered Curriculum Based on 「2019 Revised Nuri Curriculum」of Early Childhood Special Education Teachers at Kindergarten Special Classes,2023,"<jats:p>The purpose of this study is to find out the experience of restructuring a play-centered curriculum based on the「2019 Revised Nuri Curriculum」through in-depth interviews. To this purpose, in-depth interviews were conducted using semi-structured questionnaires with 4 early childhood special teachers with more than 5 years of experience working in special classes in public kindergartens. As a result of data analysis, 4 upper categories, 16 lower categories, and 49 concepts were derived. The results of this study are summarized as follows. First, early childhood special education teachers recognized themselves as curriculum designers and made efforts in various ways to restructure the play-centered curriculum. Second, early childhood special education teachers restructured the play-centered curriculum through their own practical knowledge and experience, and through this, they had various experiences. Third, the early childhood special education teachers were creating a dynamic but stable curriculum with their children. Fourth, early childhood special teachers demanded various support measures for the reorganization of the curriculum. This study is meaningful in improving the quality of special education for young children with disabilities by examining the process of restructuring the play-centered curriculum by teachers in the「2019 Revised Nuri Curriculum」, which emphasizes teacher autonomy and expertise, and strengthening teachers’ competence.</jats:p>",,
124-999-420-824-229,Integration of science and mathematics methods and preservice teachers’ understanding of constructivism,2005,"Abstract The study examined the integration of science and mathematics methods courses and preservice teachers’ understanding of constructivism. The participants were 50 preservice teachers who were enrolled in early childhood education mathematics and science methods courses, and an early childhood practicum. The two methods courses were integrated and the instructors adopted a collaborative approach, including common syllabi, texts, assignments, and teaching strategies. The preservice teachers completed e‐journal reflection that were subsequently coded and analyzed. The findings suggested that the instructional approach enabled students to develop and refine their understanding of constructivism. © 2005 Elsevier Inc. All rights reserved.",,
125-122-017-223-867,Correction,2022,This article refers to:PlayConnections: Relationship-focussed Early Childhood Intervention Training for Allied Health Practitioners,,
125-434-315-889-141,"Transition to School for young children with special learning needs. Guidelines for families, early childhood services and schools.",1997,"This document provides clear and systematic guidelines for the transition of young children with disabilities or severe difficulties in learning or behaviour, from early childhood settings (including family settings) to schools. After outlining the principles, rationale and objectives for transition to school, the process of implementation is documented to include the role and responsibilities of all DET personnel involved and the evaluation process required.",,
125-561-979-930-700,AN INTEGER PROGRAMMING APPROACH FOR LOCATING PRESCHOOL OF CHILDREN WITH DISABILITY IN KUALA SELANGOR,2020,"Early childhood is the most rapid period of development in human’s life. It is a period of great opportunity as it forms the basis of intelligence, personality, social behavior, and physical development. This made early childhood education crucial for all children whether the children with or without disability. However, there are many challenges faced by the disabled children to start their early education in mainstream preschools. It can caused by insufficient of disabled friendly facilities, inadequate well trained teachers and lack of social support. Therefore, the special school is needed to these disabled children to ease their learning process. The aim of this study is to locate the potential preschool areas according to the distance in between the mukims of Kuala Selangor. The expected outcome will supposedly suggest on how many preschool needed for children with disability in this province. An integer programming approach is used in constructing the numerical model and output created by LINGO software.",,
125-880-260-682-820,Inclusion of children living with disability in early childhood development and education: construction of a stakeholder‐informed framework,2022,"<jats:p>School‐level data shows that a large number of Children living with Disability (ClwD) are not accessing Early Childhood Development and Education (ECDE) services in Nepal (Department of Education, 2020). This research explores the factors affecting the inclusion of ClwD in ECDE programs aiming at informing policy, plans and strategies about existing barriers to early intervention and education services for ClwD. Through interviews, focus group discussions with key stakeholders and document reviews, the research identified the interconnection of several organisational and contextual factors created multiple barriers to successful inclusion. Organisational factors were: policy, attitudes, teacher efficacy, resources, coordination, communication processes and parental engagement. Contextual factors were: spirituality, caste, ethnicity, language, economic status, and geographic location. The very interactive nature of organisational and contextual factors resulted in the development of an inclusive education framework to inform future policies.</jats:p>",,
126-049-924-636-081,Individual Experiences of Children With and Without Disabilities in Early Childhood Settings,2008,"This study examined the global quality of early care and education settings and individual children's experiences in those settings. Sixty 4- to 5-year-old children (30 with disabilities and 30 without disabilities) were observed using the Early Childhood Environment Rating Scale—Revised (ECERS-R) and items from the ECERS-R adapted to focus on individual children's experiences. Early childhood global quality had the largest effect on individual children's experiences, after controlling for maternal education and child problem behavior. This relationship varied by children's problem behavior but not by disability status. When parents reported more problem behavior in children in classrooms of higher global quality (ECERS-R score), individualized ECERS-R experience ratings were lower.",,
126-494-876-343-406,Discovering Opportunities in Times of Change: The Revision to Head Start's Performance Standards andits Implications to Future Childhood Development Research,2015,"With a mission to inform and enlighten readers about impairments and disorders impacting the physical, cognitive, social, and emotional development in children, the Journal of Childhood and Developmental Disorders aims to be a valuable resource on identifying innovative research on the prevention and intervention of developmental disorders. A popular field for the study of childhood development is in the area of early childhood education. Head Start is the largest early childhood education program in the U.S. and recent legislation tasked the Office of Head Start to revise its Performance Standards, which encompasses the rules and regulations for the federally funded program. This editorial identifies and reviews the changes in the Performance Standards proposed by the Office of Head Start in four key areas: Enrollment and attendance, teaching and learning, assessment, and disability standards. The potential outcome of the Performance Standards revision will warrant comprehensive research initiatives that could advance the field of prevention and intervention in early childhood development. Innovative multidisciplinary research in this area is discussed as a befitting contribution to the launch of the Journal of Childhood and Developmental Disorders.",Head Start program; education; psychology; children with disabilities; developmental disabilities; early childhood; early intervention (education); special education; growth and development,
126-507-034-232-531,Early Literacy Skill Growth in Spanish-Speaking Children With and At Risk for Disabilities in Early Childhood:,2020,"For young Spanish–English dual language learners (SE-DLLs), early literacy skills, including phonological awareness and alphabet knowledge in Spanish as well as English, are crucial to their readin...",,
126-624-029-721-333,The Role of Theory in Early Childhood Special Education and Early Intervention,2016,"In early childhood special education and early intervention, a variety of theories influence practices. Behaviorism, constructivism, sociocultural theory, and maturationist theory, all from psychology, all have contributed to understanding children’s learning and development. In addition, the field of sociology has contributed theory on social integration and, along with systems theory, has provided insights about how families operate as systems and how children with disabilities may affect the family. All of these theories influence practice and policy in early childhood special education and early intervention. Researchers translate theory into practice through their applied scientific examinations of the efficacy of interventions and identification of evidence-based or recommended practices. Practitioners may choose to follow a single theory (e.g., a behavioral or constructivist program), or they may draw from multiple theories in designing programs for young children with disabilities and their families. When following the latter approach and selecting carefully practices that are evidence based, practitioners follow a “technical eclectic” form of practice that is firmly based on science and professional judgment and also informed by theory.",,
126-801-754-387-379,A Narrative Inquiry Study on Play Instruction Experiences of Young Children with Disabilities toward Inclusive Child Care Center Teachers,2021,,,
126-953-938-810-912,Lessons Learned from Family-School Relationships during COVID-19: The Experiences of Early Childhood Special Education Professionals.,2025,"The COVID-19 pandemic caused shifts in the educational landscape and revealed gaps in educational processes, including the practices of education professionals. The present study used a Community-Based Participatory Research (CBPR) approach to explore the experiences of ten early childhood special education professionals who supported racially and ethnically diverse families of preschoolers with disabilities to gain insight into family-school relationship dynamics during COVID-19. Through interviews, education professionals shared their firsthand experiences in relation to navigating home-school relationships during the pandemic. Education professionals described shifts in their relationships with families, as well as their observations of family factors such as hardships and engagement. They also discussed strategies they used to support families during the pandemic. Later reflections from professionals in the study's CBPR advisory board revealed lessons learned from the pandemic. Findings highlight the voices of early school professionals during COVID-19 and offer insights into how these experiences informed their adjustment and practice in modern day. Results reveal how early childhood special education professionals and families can be better supported by the education system moving forward, as well as suggestions for fostering home-school relationships throughout the early childhood years.",COVID-19; disabilities; early childhood; educators; family relationships,
127-156-251-999-215,Structured Teaching and the Play of Preschoolers With Developmental Disabilities: An Evaluation:,2020,"Play represents an important component of early childhood education and is linked to the development of communication and social skills, particularly for children with developmental disabilities wh...",,
127-274-788-411-618,Correlates of young children's interactions with classmates with disabilities,1998,,,
127-338-946-314-179,A Workable Problem: Constructing a 3-D Puzzle With Young Children With Disabilities,2018,"Math is increasingly recognized as a critical part of what young children are exposed to and learn in early childhood programs. Geometry is one of three focal areas emphasized for early childhood, ...",,
127-581-108-641-701,Promoting Attitudes Towards Disability in University Settings: A Quasi-Experimental Study,2025,"<jats:p>Inclusive Education emphasizes equal opportunities for all students by reducing or eliminating barriers that hinder participation and learning, encompassing cultural, social, practical, and political dimensions. In this context, the development of positive attitudes towards disability is a key component for the success of inclusive educational practices, particularly in adapted physical education. Following a prior analysis of the impact of academic curricula on attitudes toward disability, the need to implement training programs focused on attitudes toward disability becomes evident. The aim of this study is to analyze how a training program, with a specific focus on attitudes toward disability, affect the attitudes among university students. A quasi-experimental approach with a control group was employed to evaluate the impact of the training. A total of 137 University students from Extremadura, across Physical Activity and Sport Science and Early Childhood Education programs within the same educational department, participated in this study. The Spanish Attitudes Toward People with Disabilities Scale for Professionals was administered to students at the beginning, after the theoretical intervention, and after having a guided contact with people with disability. Results revealed improvements in attitudes in the social relationships and normalized life dimensions, as well as in the total score, particularly among students from Early Childhood Education. No significant changes were observed in the intervention program dimension. Within-group analysis indicated significant longitudinal improvements in normalized life for both experimental groups, Sports Science and Early Childhood Education students, and in the total score for Early Childhood Education students by the end of the intervention. These findings highlight the importance of targeted training interventions in promoting inclusive attitudes, especially when direct contact with individuals with disabilities is incorporated.</jats:p>",,
127-746-369-864-076,Preparing Early Childhood Special Educators in Appalachian Kentucky,2013,"AbstractNational shortages of qualified personnel in the field of early childhood special education are well documented, with shortages magnified in regions characterized by poverty and rural geography. This article provides an overview of the challenges faced and innovations implemented by an alternate-track, personnel preparation program in Appalachian Kentucky attempting to (a) address the chronic shortage of highly-qualified early childhood personnel and (b) meet the needs of nontraditional students dispersed across a rural region where accessibility to traditional programs limits participation and enrollment. Strategies implemented to overcome obstacles common to rural teacher preparation include flexibility in course delivery methods (on-line, face-to-face, hybrid, and weekend workshops) and practicum placement.Key Words: Appalachia, early childhood special education, personnel preparation, distance educationNational shortages of highly qualified personnel in the fields of early childhood, early intervention (EI), and early childhood special education are well documented (Hebbeler, 1994; NECTAC, 2011; Palsha, Bailey, Vandiviere, ck Munn, 1990). These shortages are the result of multiple variables including difficulty with retention and attrition (Billingsley, 2004). Many states report personnel shortages as one of the challenges to providing quality services to young children with special needs as required under the Individuals with Disabilities Education Act (IDEA; Kasprzak et al., 2012).Results from national surveys of supply and demand for early childhood special education personnel indicate that 40% of responding state Part C coordinators report shortages of EI special educators, and 56% of 619 coordinators report shortages of early childhood special educators (Bruder, 2004a, 2004b). Not only do states report overall shortages of personnel, but states find that many existing personnel are not adequately trained to meet the needs of all children and families served under IDEA, especially those with significant disabilities and delays. State EI survey data indicate that only 44% of states feel that their Part C early interventionists are adequately trained (Bruder, 2004a) while 42% feel that their early childhood special educators are adequately trained (Bruder, 2004b).Personnel shortages are magnified in regions that are characterized by high-poverty communities (National Partnership for Teaching in At-Risk Schools, 2005) and rural geography (Bruder, 2004c; Menlove & Lignugaris/Kraft, 2004). Rural regions struggle to attract and retain special educators, including those specializing in early childhood special education or early intervention (Bruder, 2004a, 2004b; Ludlow, Conner, & Schecter, 2005; Purcell, East, & Rude, 2005). The literature suggests that teachers in high-poverty schools are frequently less academically prepared to teach, have less experience teaching, and have less support in the workplace to meet student needs (National Partnership for Teaching in At-Risk Schools, 2005). These schools are often staffed with teachers who do not hold licensure for the grade or content area in which they are employed to teach, a trend that is illustrated in preschool classrooms that serve young children with disabilities across Appalachian Kentucky (Kentucky Department of Education, 2012).National Personnel ShortagesNationally, barriers to preparing credentialed personnel include a lack of institutions of higher education offering early childhood specialization degree programs, lack of university courses that target pedagogy for effective early childhood instruction, and a lack of faculty with expertise to teach in early childhood programs (Bueno, Darling-Hammond, & Gonzales, 2010). Potential students considering attending higher education programs specializing in early childhood often find soaring tuition costs and the need to take a leave from employment as deterrents to pursuing a degree-granting program. …",,
128-036-013-133-547,An Intervention Hierarchy for Promoting Young Children's Peer Interactions in Natural Environments.,2001,"Young children's peer-related social competence has been viewed as a critical developmental competency during early childhood. Nevertheless, a number of young children, particularly young children who have disabilities or who are at risk for disabilities, have peer interaction difficulties. During the last several decades, various intervention strategies for improving young children's peer interactions have been developed, refined, and evaluated in early childhood programs. This article presents a conceptual framework based on an intervention hierarchy for assisting interventionists in deciding how to promote the peer interactions of young children with peer-related social competence difficulties in natural environments. We discuss making developmentally appropriate and inclusive early childhood programs the foundation for improved peer interactions. Several illustrative and empirically validated intervention strategies for these children are presented and recommendations are made regarding flexible emplo...",,
128-100-651-671-386,Relationship Between ICT Utilization and Teacher- Efficiency by Computer Teaching for the Early Childhood Special Education Pre-Teachers,2008,,,
128-319-472-979-007,"To Include or not to Include: Early Childhood Preservice Educators' Beliefs, Attitudes, and Knowledge about Students with Disabilities",,"<jats:p xml:lang=""en"">The first purpose of this study was to develop and validate the Inventory of Opinions About Persons with Disabilities (IOPD). The IOPD was developed to collect preservice early childhood educators' self-report data related to inclusion. A total of 332 participants enrolled in graduate programs in a college of education served as the validation sample. After validation and revision of the IOPD, the researcher used the instrument to investigate preservice early childhood educators' beliefs, attitudes, and knowledge about students with disabilities and their inclusion in general education classrooms. Data were collected from 172 participants from 10 universities in Texas during their student teaching/final intern semesters. This research demonstrated that an instrument, the IOPD, could be developed to effectively measure preservice early childhood educators' beliefs, attitudes, and knowledge about the inclusion of children with disabilities in their classrooms. The participants reported positive self-perceptions (mean = 2.0388) about their beliefs and attitudes toward inclusion. However, the participants reported less positive attitudes about training (mean = -.09884). Discriminant function analyses indicated a negligible statistical effect for type of program (professional development school or traditional) and a statistically significant effect for preferred classroom setting (non-inclusive, special education, inclusive). Further research with the same participants or similar cohorts at one and three years of inservice teaching could broaden the scope of knowledge regarding early childhood teachers' opinions about inclusion and students with disabilities. In addition, including procedures for gathering qualitative data with the Inventory of Opinions About Persons With Disabilities might provide more specific information about individual beliefs, attitudes, and knowledge about inclusion.</jats:p>",,
128-817-284-733-079,Education and Disability in the Global South - Exploring Ways to Support the Infrastructure for Early Childhood Development: A Study of Children with Visual Impairment in Malawi,2019,,,
128-913-942-748-767,Botswana Early Childhood Educatorsâ€™ Perceptions on Factors associated with the Inclusion of Children with Disabilities,2016,"Abstract. The study examines the perception of Early Childhood Educatorsâ€™ (ECEds) on factors associated with the inclusion of children with disabilities in Early Childhood Education (ECE) settings in Botswana. ECEds (128) completed a Support Scale for Preschool Inclusion (SSPI) to air their views regarding the necessary/available factors for the inclusion of Children With Disabilities (CWD) in ECE settings. Findings of the study revealed that factors like principal support, family involvement, appropriate materials, peer acceptance of CWD, knowledge and skills about curriculum adaptation/ implementation, promoting positive interaction among children, positive attitudes of school personnel for inclusion, and a few others were considered necessary by ECDs; believed that most of them were not available in ECE settings; and in-service training, extra time for collaboration and reduced class size were least available. The findings suggested professional development of ECEds along with additional in service training necessary for successful inclusion of young CWD in ECE settings of Botswana. Keyword: Inclusion, Early Childhood Education, Children with disabilities, Inclusive Education, Botswana",,
129-213-076-583-570,Stakeholder perspectives of early childhood inclusion: A phenomenological study of parents of children without disabilities,2015,"Decades of extensive research promoting the value of the inclusion of children with disabilities in classrooms and programs with typically developing children or children without identified disabilities supports inclusion as a best practice in early childhood education (Bailey, McWilliam, Buysse, & Wesley, 1998; DEC/NAEYC, 2009, Odom, Buysse, & Soukakou, 2011; Stahmer & Carter, 2005). Previous research confirms the value of parents participating in inclusive early childhood programs as stakeholders in programs enacting inclusion (Deiner, 2013; Soodak et al., 2002). As the majority of preschool-aged children with disabilities are educated in separate settings (U.S. Department of Education, 2013), continued examination of stakeholder perspectives remains a priority. The purpose of this qualitative phenomenological study was to gain insight into the current perspectives of parents of young children without disabilities related to their experiences as participants in inclusive early childhood programs. Open-ended exploratory interviews were conducted with nine parents of children without disabilities enrolled in one of three private and community-based early childhood programs that include children with disabilities in preschool classrooms. Analysis of interview data provided descriptions of the participants’ perspectives about inclusion and the children included in classrooms with their children without disabilities. The experiences reported by participants in these programs and themes emerging from these accounts, provide insight into avenues and barriers towards full inclusion in early childhood classrooms. Following the results of these interviews, this study addresses future directions for research and implications for professionals in the field of early childhood education.",,
129-260-530-912-357,A review of the factors affecting children with disabilities’ successful transition to early childhood care and primary education in sub-Saharan Africa,2021,"Whilst transition to primary school is a commonly experienced phenomenon for most children, some groups of children, including those with disabilities, are less likely to engage in the process beca...",Creative Commons: Attribution-NonCommercial (CC BY-NC) Document Version Publisher's PDF; also known as Version of record disability; early childhood care and education; sub-Saharan Africa; transition to primary school,
129-946-208-011-477,Serving Children with Disabilities in Chapter 1 Programs for Children Who Are Educationally Deprived. Policy and Practice in Early Childhood Special Education Series.,1992,,,
130-034-200-711-501,Developing Technology Applications for Improving the Problem-Solving Skills of Middle School Students with Learning Disabilities,,,Theses and Dissertations--Early Childhood; Special Education; and Rehabilitation Counseling Early Childhood; Special Education; and Rehabilitation Counseling 2017 Enhanced Anchored Instruction; Instructional Technology; Math Intervention; Problem Solving; Students with Disabilities in Mathematics,
130-282-920-432-28X,Mindsets for Preschool Inclusion: Preschool Teachers' Perspectives on Disability in Early Childhood Education,2025,"<jats:p>Inclusion is a process of social transformation that is profoundly shaping the field of early childhood education. According to a narrow understanding of inclusion, the focus is on the joint participation of children with and without disabilities in general educational settings. How preschool teachers perceive and facilitate the inclusion of children with disabilities in this context depends significantly on their understanding of disability. This study therefore explores preschool teachers’ perspectives on the construct of disability. The data are based on interviews with n = 21 preschool teachers working in German preschools. The results show that teachers partially view disabilities as individual deficits of the child, partially as consequences of inadequate environmental conditions, and partially as something to be avoided and deconstructed. Most teachers combine multiple understandings of disability. Overall, the results indicate that a significant number of teachers hold a mindset shaped by the assumption of two distinct groups: those with and those without disabilities (dual-group theory). The results are discussed in the context of current debates on educational inclusion and the dual-group theory.</jats:p>",,
130-491-310-780-982,Assistive Technology User Group Perspectives of Early Childhood Professionals,2009,"With the increasing usage of assistive technology (AT) usage in early childhood education settings serving children who are at-risk or who have developmental disabilities, there is a corresponding need for effective professional development experiences such as user groups to develop skills in using AT. Using a collective case study approach, 10 teachers who had participated in AT user groups and who were using an AT toolkit in their classrooms were interviewed and provided responses regarding (a) perspectives of user groups, (b) use of the toolkit, (c) benefits of user groups, (d) concerns regarding user groups, (e) perceived effects of AT on teaching and decision-making, and (f) perceived effects of AT on the classroom. Themes of interviews are presented,",,
130-647-290-774-136,Toward a social relational model of Deaf childhood,2013,"This paper advances a social relational model of Deaf childhood as a guiding framework for working with Deaf children in a present-day universal neonatal hearing screening and early intervention context. The authors discuss how Deaf children are contextualized in a medical model discourse, in a social model of Deaf childhood, and in a Deaf culture discourse. A social relational model is then discussed in with reference to a capability approach and to findings from the first author’s study of parents and young children participating in an American Sign Language shared reading program in Ontario, Canada.",,
130-814-037-902-988,Preschool Teachers' Attitudes about Inclusive Education and Its Influencing Factors in China.,2024,"<AbstractText Label=""BACKGROUND/OBJECTIVES"" NlmCategory=""OBJECTIVE"">The purpose of this study is to describe the current status of preschool teachers' attitudes about inclusive education and discuss the factors that influence these attitudes.</AbstractText>;           <AbstractText Label=""METHODS"" NlmCategory=""METHODS"">A total of 449 preschool teachers who have students with disabilities or special educational needs in their classrooms and 638 teachers without students with disabilities or special educational needs in their classrooms volunteered to complete the online survey. The survey included two components: a Basic Information Questionnaire and the Early Childhood Inclusive Education Attitude Questionnaire (ECIEAQ). Data were analyzed using descriptive statistics, <i>t</i>-tests, and ANOVA.</AbstractText>;           <AbstractText Label=""RESULTS"" NlmCategory=""RESULTS"">Scores in the two dimensions of Positivity and Promotion were higher than those in the two dimensions of Resistance and Passivity, indicating an overall positive attitude about inclusive education. Attitudes about inclusive education significantly differed by gender, preschool location, inclusive education training opportunities, and receipt of a special education financial allowance. Inclusive class teachers who are female, aged over 30, teach classes with a child-to-teacher ratio of more than 14, and who work in urban areas show higher levels of Promotion or Resistance than general class teachers.</AbstractText>;           <AbstractText Label=""CONCLUSIONS"" NlmCategory=""CONCLUSIONS"">Overall, preschool teachers hold a positive attitude about inclusive education. Training opportunities and a special education financial allowance should be provided to foster positive attitudes. Certain groups of inclusive class teachers may need more support and resources to implement inclusive education.</AbstractText>",attitude; inclusive education; preschool,
131-119-396-191-761,Perceptions of Teachers Towards Inclusive Education: The Case of Early Childhood Centres in Sissala East District,2022,"<jats:p>The study investigated teacher perception towards inclusive education in Early Childhood Centres in Sissala East District in Upper West Region, Ghana. The study adopted a sequential explanatory mixed-methods design. A sample of 150 teachers in the Early Childhood Education centres were selected using census and homogeneous sampling techniques. Questionnaires and interviews were used for data collection. Descriptive statistics were used to analyse the quantitative data while qualitative data were analysed in themes. The study found that: most early childhood teachers in the Sissala East District had a positive perception of inclusive education. It was also evident that most early childhood teachers in the Sissala East District believe that factors such as lack of teacher training; insufficient resources; limited administrative support; teachers’ attitudes; large class sizes and poor building infrastructure influence their perception of inclusive education. The study concluded that teachers in early childhood centres within the Sissala East District have a positive view of inclusive education. However, variables such as a lack of teacher training, insufficient resources, limited administrative support, teachers’ attitudes, large class numbers, and inadequate building infrastructure impact their perspective of inclusive education. Based on the key findings, the study recommended that teachers in early childhood centres in Sissala East District should be motivated by early childhood coordinators and headteachers to have positive perceptions of inclusive education. Again, the ministry of education should offer enough and consistent teacher support services, such as teaching assistants, and continuous professional development programmes to improve the efficacy of inclusion and minimise teacher stress.</jats:p>",teachers' perceptions; inclusive education; early childhood education; children with disabilities I,
131-421-415-402-278,Teaching Science to Students With Disabilities in Early Childhood Classrooms,2024,"Play and the joy of new experiences often fill early childhood education. It is crucial for educators to develop scientific practices that allow for the joy of play while inspiring a child to develop critical thinking skills. Using two well-established, evidence-based pedagogical practices, the 5E model and play-debrief-replay, this chapter provides early childhood educators with a foundation for taking learning beyond play and into discovery while encouraging a child’s development in asking critical questions. Purposeful planning of experiences for early childhood learners requires educators to think beyond a science lesson or activity and consider all learning opportunities. This chapter provides educators with two different lesson plan examples so they have the chance to investigate different modes of planning. Information about the Next Generation Science Standards is provided for educators to implement into their lesson plans. This chapter also provides strategies for educators to differentiate science instruction to meet the needs of all learners. Additionally, we present ideas for specially designed science instruction for students with disabilities. High-leverage practices for all students and students with disabilities and Division for Early Childhood Recommended Practices are provided throughout the chapter to equip early childhood educators with evidence-based practices to meet all students’ needs.",,
131-861-154-285-462,Impact of a Statewide Early Childhood Curriculum Enhancement Initiative on Community College Faculty and Paraprofessional Students.,2016,"ABSTRACTAs the number of young children with disabilities being included in diverse early childhood settings continues to increase, employing personnel with the requisite knowledge and skills to support their active participation and learning becomes of paramount importance. Because paraprofessionals frequently serve in this capacity, it is critical that their preservice training programs provide them with the information and experiences needed to work effectively in inclusive environments. In this article, we describe the development and implementation of a collaborative initiative between a major urban research university and a state’s community college system and member institutions to enhance the preparation of paraprofessionals to work with young children with disabilities and their families. Supplemental content, assignments, and resources were incorporated into six core courses in the early childhood development curriculum statewide, and program administrators and instructional faculty received tra...",,
131-934-151-843-531,The Child Care Practicum Experiences of Pre-service Child Care Teachers for Children with Disabilities during a Period Expanded to Six Weeks,2019,,,
132-257-284-943-377,The effects of picture book activities on young children’s disability awareness and pro-social behavior,2020,,,
132-378-810-950-843,"Ethical issues associated with the inclusion of learners with disabilities at early childhood centres within the Effutu Municipality, Ghana",2025,"The purpose of this study was to examine the ethical issues associated with the inclusion of learners with disabilities in early childhood centres within the Effutu Municipality. The study adopted a concurrent embedded mixed methods design. The total population for the study was forty-nine (49) which consists of forty-two (42) early childhood teachers and seven (7) headteachers. The study adopted the census sampling technique for the quantitative data while a purposive sampling technique was used in the qualitative data. The instruments that were used in the collection of data were structured questionnaires and semi-structured interview guides. The quantitative data from the study were analysed descriptively using frequencies, percentages, means, and standard deviations whereas interview data were analysed thematically. The findings from the study revealed that respect, dignity, and confidentiality are key to inclusion in the Effutu early childhood centers, while parental collaboration contrasts inadequate staff training challenges. The study found that while ethical practices such as curriculum adaptations and inclusion policies exist in Effutu early childhood centers, their inconsistent implementation limits their effectiveness. The study further revealed that teachers face challenges like resource constraints, inadequate training, and lack of administrative support, highlighting systemic issues. The study recommends that schools should implement regular professional development programmes to enhance teachers’ application of ethical standards in inclusion as well as cconsistent curriculum adaptations, adequate resources, tailored training, and improved administrative support.",,
132-544-046-805-595,The Early Childhood teacher's Perception on the actual application and selection criteria of picture book for the disability understanding education,2013,,,
132-567-274-845-187,Parental Responsibility: Provision of Teaching Learning Resources and Participation of Children Living With Disability in Early Childhood,2014,"This article evaluated the responsibility of parents in provision of Teaching Learning Resource (T/LRs) and participation of Children Living with Disability (CLWD) in Early Childhood Education (ECE) in Kajiado North, Kenya. The purpose of the study was to establish how T/LRs provided by parents influenced the participation of CLWD in ECE. A qualitative research was carried out with a case study design. Observations, interviews and focused group discussions were held to attain the objective of the study. A pilot study was carried out. Content validity was adopted to govern whether the test item offered the content that the test was intended to measure. Split-half method was used to determine the reliability. The study argued that CLWD in ECE are not provided with T/LRs that meets the uniqueness of individual child, and consequently jeopardized participation. In cases where T/LRs were compatible to the needs participation was accelerated. The findings revealed that although the government had played a great role in education, more was yet to be accomplished. Environmental factor, culture, poverty and lack of awareness limited parental participation as actors in ECE. It was recommended that there is need for the government to include ECE in free education to achieve Education for All (EFA) goals. Key Words : Parental Responsibility, Teaching Learning Resources, Participation, Children Living with Disability and Early Childhood Education.",,
132-616-738-707-275,"Colorado Guidelines for the IFSP Process: Early Childhood Connections, Colorado's Infant/Toddler Initiative for Part C of the Individuals with Disabilities Education Act (IDEA).",1998,,,
132-842-989-779-113,Early intervention as a catalyst for effective early childhood education in Ghana - how can this work?,2011,"Early childhood intervention is an essential contributor and catalyst for the development of a culture of positive attitudes towards children with disabilities in a country like Ghana. Intervention could begin at the early years or early childhood education level. Does early intervention make a difference in the lives of children whose development is delayed or abnormal in Ghana? How would we respond if our children required early intervention to fare well at the early childhood centre? The urgency or disconcerting feeling is that something is wrong and something responsive must be done! As Ghana strides towards mainstreaming early childhood education in the quest to attain Education For All (EFA) and Millennium Development Goals (MDGs), an integrated, inclusive and effective early intervention programme becomes inevitable for children with disabilities. This would provide mutual benefits for children with disabilities, parents and families, educators and professionals and the society at large. How can this work in Ghana?",,
133-042-344-693-444,How to Con Your Teacher,1987,"Follow this and additional works at: http://educate.bankstreet.edu/thoughtandpractice Part of the Curriculum and Instruction Commons, Curriculum and Social Inquiry Commons, Disability and Equity in Education Commons, Junior High, Intermediate, Middle School Education and Teaching Commons, Pre-Elementary, Early Childhood, Kindergarten Teacher Education Commons, and the Social and Philosophical Foundations of Education Commons",,
133-405-317-854-732,"Language, Learning, and Disability in the Education of Young Bilingual Children",2021,"Using an interdisciplinary perspective to discuss the intersection of language development and learning processes, this book summarizes current knowledge and represents the most critical issues regarding early childhood research, policy, and practice related to young bilingual children with disabilities.",,
133-432-671-784-726,PEECH A Nationally Validated Early Childhood Special Education Model,1993,"<jats:p> PEECH (Programming for Early Education of Children with Handicaps) is a center-based program combining child-initiated and teacher-directed activities for children with mild to moderate disabilities, ages 3 to 5. Its major goal is to enhance children's language development and social competency. An ongoing assessment instrument based on developmental guidelines is used to determine where a child is developmentally, to form Individual Educational Plans, to chart child progress, and to link assessment to the curriculum for center and home activities. Best practices in areas critical to exemplary early childhood education programs are covered in the model components. Data collected at replication sites in 1983 through 1991 were used to examine the impact of PEECH on child progress. Preschool children with mild to moderate disabilities showed improvement in receptive and expressive vocabulary and social competency. The PEECH model was revalidated by the Program Effectiveness Panel for national dissemination through the National Diffusion Network in March 1992. </jats:p>",,
133-699-520-478-281,Inclusive Education for Early-Age Blind Children,2023,"<jats:p>Indonesia is not yet a friendly country for people with disabilities. One of the services needed by persons with disabilities is education. The proper education needs to be applied in special schools are implemented in inclusive schools. Inclusive schools need help with supporting infrastructure that is not yet suitable for early childhood learning. Therefore, we need an accurate picture of developing good facilities and infrastructure. One of them is the concept of “Disability Friendly Schools,” where schools are schools that are friendly to people with disabilities. The method of writing this article is a literature study. This paper aims to explain the concept of inclusive education ideal for blind children in terms of facilities and infrastructure. The result of this discussion is to explain the concept of inclusive education for blind children seen from proper facilities and infrastructure ranging from assessment tools, orientation and mobility, learning/academic aids, visual aids, auditive aids, and physical exercise tools.</jats:p>",,
134-067-652-113-648,Are Paraprofessionals Being Hired to Replace Special Educators? A Study of Paraprofessional Employment,2021,"<jats:p> Special education teacher employment began to decline in 2006, concurrent with increased paraprofessional employment. At the same time, the prevalence of students with disabilities in several categories changed substantially, and the proportion of students being served in general education settings increased as well. The purpose of this study was to determine whether the decline in special education teacher employment was related to increased paraprofessional employment, and if the increase in paraprofessional employment was related to shifts in the composition of students with disabilities, educational placements, or more general state-level factors. We created a panel dataset for 2006–2015 and analyzed these relationships using a two-way fixed effects model. We found that, although changes in paraprofessional employment were unrelated to changes in special educator employment, they were related to changes in the prevalence of students with autism spectrum disorder. In addition, states with larger populations and higher K12 expenditures employed more paraprofessionals. </jats:p>",,
134-224-404-253-12X,Applying High Leverage Practices to Increase Active Engagement and On-task Behavior of Students with Intellectual Disabilities during Literacy Activities:,2021,The high leverage practices of promoting active student engagement and using assistive and instructional technology can be implemented simultaneously in resource settings. The purpose of the study ...,,
134-237-033-788-936,"Early childhood intervention and inclusive education in Ireland: History, policy, and future directions",2026,"This paper examines the historical, policy, and practice landscape shaping early childhood intervention (ECI) and inclusive education for young children with special educational needs and their families in Ireland. By tracing developments from early segregated provision to contemporary rights-based frameworks, the paper situates current practice within broader sociopolitical, legislative, and international influences. Key national and international policy drivers, such as the United Nations Convention on Rights of the Child and Irish education and disability legislation, illustrate how ECI and inclusive education have evolved. The paper critically reviews contemporary models of provision across the education and health sectors, identifies major challenges, including the disconnect between education and disability services, systemic barriers to translating policy into practice, and workforce shortages and instability. The authors call for strengthened interagency collaboration, more coherent family-centered frameworks, and a shift from child-centered toward family-centered approaches.",,
134-322-910-334-204,Oxford Handbooks Online - Authenticity in Early Childhood Assessment,2013,"<p>Conventional tests and testing practices are at odds with professional “best practice” standards in early childhood intervention. Moreover, conventional tests have been neither developed for nor field-validated on young children with disabilities for early intervention purposes. Dramatic changes are emerging in the assessment of young children, particularly those with developmental delays/disabilities. Interdisciplinary professionals must know and adhere to the professional practice standards for assessment in early childhood intervention. The National Association for the Education of Young Children (NAEYC) and the Division for Early Childhood (DEC) standards promote authentic assessment as the evidence-based alternative for young children to prevent the misrepresentation of young children with disabilities—the mismeasure of young children (Bagnato, Neisworth &amp; Pretti-Frontczak, 2010).</p>",,
134-424-527-257-194,Competencies of the Early Childhood Special Educator in the United States.,1995,"Because of recent early childhood legislation in the United States, each state has been challenged to develop a system of early intervention to help young children with special needs and their families. To meet this challenge, early childhood special educators need to be trained in the appropriate competencies. These competencies include: knowledge of early childhood as a distinct phase of development, experiences in working with families, skills in collaboration and coordination, developmentally appropriate intervention, and delivery of services in inclusive settings. These competencies will be discussed in more detail in this article. When educators possess these skills, they can better assist young children with disabilities and their families.",,
134-818-921-741-12X,The development of early childhood education within an inclusive educational framework in Namibia,2008,"Using quantitative methods in research, this article describes the provision of early childhood education in Namibia within the context of inclusive education for all and lifelong learning. Research has shown that participation in early childhood education signifi cantly contributes to a child’s success in later learning. However, the results of the research outlined in this article reveal that although eff orts are in place to address early childhood education in Namibia, many children do not benefi t from early childhood education, let alone quality services due to a number of factors such as poverty, HIV and AIDS and other special needs. This article formulates recommendations for developing an inclusive early childhood education approach for Namibia. Introduction Equity and equality in an inclusive educational approach to education do not simply mean access to education for all children or having children being taught in the same classroom settings without considering their individual and diverse needs. The same applies to inclusive education. Inclusive education does not only refer to the narrow concept of integrating children with disabilities or those with other special needs into regular schools and classrooms or providing access to education to the excluded groups (Engelbrecht, 2004 ; Guijarro, 2000; Savolainen & Alasuutari, 2000; Swart, Engelbrecht, Eloff , Pettipher & Oswald, 2004). It also calls for the participation of all in society to contribute to the eff ective learning of all children in a given education setting as well as for equal opportunities to be provided at the appropriate level of development to children with disabilities, children with intellectual challenges, gifted children, children from poor households, children aff ected and infected by HIV and AIDS, street and working children, children from migrant and minority groups and child war victims (Engelbrecht, 1999; Muthukrishna, 2000; Muthukrishna, 2002; UNESCO, 2000). The notion of making education as inclusive as possible has been internationally recognized and has prominently featured in many meetings, conventions and declarations such as the Convention on the Rights of the Child of 1989, the World Conference on Education of 1990 and the Salamanca Statement of Framework for Action which was adopted at the World Conference on Special Needs Education in 1994 and the World Conference on Education held in 2000 in Dakar. In line with these international policies, national educational policies and strategies have also been put in place to specifi cally address the issue of young children and their access to education. Education in Namibia, including early childhood development and education (ECD), is characterized by gross inequalities in the allocation of both human and fi nancial resources to schools for the previously disadvantaged groups due to the Apartheid system before Namibia gained her independence in 1990. The Constitution of the Republic of Namibia, in particular Articles 15 and 20, make",,
134-957-681-781-252,Internal Conflict and Growth of Fathers Raising Children with Disabilities,2016,,,
134-973-909-078-986,Advocacy; *Chippewa (Tribe); Disabilities; Early Childhood Education; *Early Intervention; *Mother Attitudes; Mothers; Parent Teacher Cooperation; Program Effectiveness; *Rural American Indians; Rural Areas; *Special Education,1998,,,
134-978-868-637-173,Gender is not related to disability acceptance among individuals with disabilities in Korea: A longitudinal observational study.,2025,"<AbstractText Label=""PURPOSE/OBJECTIVE"" NlmCategory=""OBJECTIVE"">Disability acceptance is an evolving process influenced by personal and contextual predictors, with gender potentially playing a role. This study aimed to examine gender differences in the trajectory of disability acceptance and its predictors among individuals with disabilities in the Republic of Korea (hereafter, Korea).</AbstractText>;           <AbstractText Label=""RESEARCH METHOD/DESIGN"" NlmCategory=""METHODS"">We analyzed 4-year longitudinal data (2016-2019) from the Panel Survey of Employment for Persons With Disabilities using multigroup latent growth modeling. The sample consisted of 1,007 men and 1,040 women with disabilities.</AbstractText>;           <AbstractText Label=""RESULTS"" NlmCategory=""RESULTS"">The research model of disability acceptance demonstrated a good fit, influenced by personal and contextual factors. No significant gender differences were found in intercepts (<i>F</i> = 0.05, <i>p</i> = .83) and slopes of disability acceptance (<i>F</i> = 0.15, <i>p</i> = .70). Multigroup latent growth modeling results indicated that perceived socioeconomic status, disability-related stress, self-efficacy, self-esteem, and satisfaction with friend relationships significantly predicted disability acceptance over most years, with no gender differences in these predictors.</AbstractText>;           <AbstractText Label=""CONCLUSION/IMPLICATIONS"" NlmCategory=""CONCLUSIONS"">Gender did not predict longitudinal changes in disability acceptance. However, modifiable factors, such as perceived socioeconomic status, disability-related stress, self-efficacy, self-esteem, and satisfaction with friend relationships, were associated with disability acceptance. (PsycInfo Database Record (c) 2025 APA, all rights reserved).</AbstractText>",,Humans; Male; Longitudinal Studies; Republic of Korea; Female; Persons with Disabilities/psychology; Adult; Sex Factors; Middle Aged; Self Concept; Self Efficacy
135-471-063-257-61X,Rethinking Early Childhood Intervention and Education,2025,"<jats:p>Australia was one of the first countries to ratify the United Nations Convention on the Rights of Persons with Disabilities, with its commitment to inclusive education. However, policy and practice shifts in the last decade have seen an increase in the provision of services on the basis of diagnosis, and a fragmentation of the disability service system. The aim of this paper is to examine the unintended consequences of a major policy reform in Australia, the National Disability Insurance Scheme (NDIS) and its implications for the inclusion of young children with disability in education and healthcare. A review of current research and grey literature identifies key structural and operational factors contributing to a shift away from inclusive practices and supports in early childhood education and care and early childhood intervention services. The marketization of disability services and individual budgets through the NDIS have led to an influx of providers with limited understanding, skills, and expertise in children’s inclusion. This shift, driven by consumer choice rather than coordinated service delivery, has created unintended barriers to the developmental and participation outcomes of young children with disability. These issues are discussed in the context of policy changes across the past decade to understand equity, universality, marketization, workforce development, and implementation of services for Australian children with developmental concerns, delay, or disability.</jats:p>",,
135-789-689-100-374,A Capability-Oriented Lens : Reframing the Early Years Education of Children with Disabilities,2019,"Early childhood education (ECE) scaffolds the development of academic and interpersonal skills to enhance children’s future quality of life. Thus, it is critical to address issues of equitable access to education as a process of enrichment; for children with disabilities, ECE is often not a venue of enhancing experiences and community membership with peers. This chapter proposes adopting the capability approach as a theoretical framework to reframe inclusive education for children with disabilities, incorporating philosophies of acceptance, freedom, and respect of personhood, in ECE settings. The first section examines barriers that marginalize children with disabilities in ECE: the conceptualization of “inclusive education” as a synonym of special education and the dominant language of needs and resources in ECE. Next, the capability approach and its foundational concepts are outlined. The barriers discussed in the beginning of the chapter are explored through the capability approach. The chapter ends with implications for how this approach may influence practices, thereby enabling children with disabilities more opportunities to be agents in their learning and to participate in decisions that matter in their lives.",,
135-842-709-253-977,Qualitative Study on Inclusive Education in Early Childhood Care in Nigeria: Challenges and Prospects,2025,"<jats:p>The right of children to have access to inclusive education is widely supported and well recognized in international human rights law. Inclusive education involves the placement of learners with disabilities and non-disabilities to study in the same classrooms with adaptable facilities and equipment. Meanwhile, in Nigeria over the past three decades, focus on inclusive education has been pervasive at all levels of educational system including in early childhood education, as the school system struggle to meet the needs of children who are physically challenged. It has been argued that for a society to develop, education must be inclusive and global organization are not left behind on the global initiative for inclusion in education. However, despite the numerous advantages of inclusive education there are various factors contending with effective implementation of the programme in early childhood education. This paper attempts to highlights the concepts of inclusion, understanding inclusion in education, the value of inclusion in early childhood education and some of the basic requirement for the inclusive programme to be feasible in Nigeria educational system most especially in early childhood education. In addition, the paper discusses the challenges militating against inclusion in early childhood education and practical ways to overcome the challenges are provided.</jats:p>",,
135-931-114-555-76X,"A Study of Job Stress, Psychological Burnout, Resilience, and Happiness Among Special Education Teachers Handling Persons with Disabilities",2022,"This study was conducted to address the difficult environmental problems experienced by special education teachers for early childhood while guiding children with disabilities, and to check the internal and external difficulties of teachers through psychological exhaustion, resilience, and happiness scales. The purpose of this study is to find out job stress, psychological burnout, resilience, and happiness according to general characteristics (age, work experience, working hours) of special education teachers for early childhood, and to establish educational support plans for field teachers. The subject of this study were 97 special education teachers at daycare centers for children with disabilities located in Gwangju and Jeollanam-do. A survey was conducted among 11 institutions selected through a wireless sampling method, and data were collected face-to-face and online. For data analysis, descriptive statistics, reliability, t-test, F-test, and Scheffe were performed using SPSS 21.0. The results of this study are as follows. First, the higher the age of the special education teachers for early childhood, the higher the job stress and the sense of happiness. Second, the higher the work experience, the higher the job stress and psychological burnout of special education teachers for early childhood. Third, special education teachers for early childhood were more psychologically burnout the longer they worked. In particular, it was found that there is a difference in general characteristics even when the subject of education taught by special education teachers for early childhood is different, and it can also vary depending on the working environment of the teacher. Therefore, it suggests that various psychoemotional supports for early childhood special education teachers, as well as improvements to the teacher working environment and educational support, are required to prevent job stress and psychological burnout. In addition, follow-up research is necessary by adding variables such as the age of special education teachers for early childhood, marital status, type of work organization, position, and class hours.",,
137-767-063-071-263,International comparative survey study on “the views of children with disabilities” and “the perspectives on special support education” in early childhood inclusive educational settings - Focusing on inclusive education in Japan and Korea -,2015,,,
137-919-855-783-98X,Literature review on transition to elementary school for children with disabilities,2018,,,
138-003-038-916-590,Promoting Attitudes Towards Disability in University Settings: A Quasi-Experimental Study.,2025,"Inclusive Education emphasizes equal opportunities for all students by reducing or eliminating barriers that hinder participation and learning, encompassing cultural, social, practical, and political dimensions. In this context, the development of positive attitudes towards disability is a key component for the success of inclusive educational practices, particularly in adapted physical education. Following a prior analysis of the impact of academic curricula on attitudes toward disability, the need to implement training programs focused on attitudes toward disability becomes evident. The aim of this study is to analyze how a training program, with a specific focus on attitudes toward disability, affect the attitudes among university students. A quasi-experimental approach with a control group was employed to evaluate the impact of the training. A total of 137 University students from Extremadura, across Physical Activity and Sport Science and Early Childhood Education programs within the same educational department, participated in this study. The Spanish Attitudes Toward People with Disabilities Scale for Professionals was administered to students at the beginning, after the theoretical intervention, and after having a guided contact with people with disability. Results revealed improvements in attitudes in the social relationships and normalized life dimensions, as well as in the total score, particularly among students from Early Childhood Education. No significant changes were observed in the intervention program dimension. Within-group analysis indicated significant longitudinal improvements in normalized life for both experimental groups, Sports Science and Early Childhood Education students, and in the total score for Early Childhood Education students by the end of the intervention. These findings highlight the importance of targeted training interventions in promoting inclusive attitudes, especially when direct contact with individuals with disabilities is incorporated.",attitudes toward disability; educative intervention; inclusion; university students,
138-785-993-543-883,Video Activity Schedules to Increase Independence for Students with Disabilities,2018,"Success in post-school environments, such as the employment and community access, is increased when an individual is independent of instructor or caregiver support. Individuals with disabilities can self-instruct using various forms of assistive technology to alleviate instructor support, thus increasing their autonomy. This study used a multiple probe across behaviors design replicated across two participants to examine the effectiveness of a video activity schedule (VidAS) to increase independence in novel vocational tasks across three school settings (i.e., office, cafeteria, library). Both participants, one participant with an intellectual disability and one participant with a traumatic brain injury, were able to self-instruct using VidAS and independently complete all three tasks within each environment. Implications for teachers and practitioners working with transition-age youth with disabilities are discussed as well as limitations to the current study.",,
139-044-120-418-934,Desafios dos professores na mediação das brincadeiras de crianças com necessidades educacionais especiais na educação infantil,2018,"The National Education Standards for Early Childhood prioritize skills development of children up to five years old, taking play as a guideline of learning. The objective of this study was to identify the perceptions of teachers on the difficulties to perform and mediate the play of children with special educational needs (SEN) in early childhood education. It is a qualitative research, which collected data using interviews with 31 teachers of 11 children in seven Early Childhood Education centers, in Parana state town. The interviews were analysed using content analysis procedures that revealed two main themes: mediation and difficulties. The results indicated that teachers play more with these children when there are two teachers in the room; they demonstrated difficulties in mediation when playing with children with pervasive developmental disorders and intellectual disabilities, which does not happen with children with physical disabilities. There is a need of greater interaction with health professionals, more individualized perception of children with special educational needs, and greater investment in in-service teacher training, mainly in what comes to knowing strategies to mediate play.; Keywords: Playing; Early childhood education; Special educational needs; In-service teacher training programs",,
139-710-673-187-875,Is a partnership possible? : a comparison of elementary teachers' and early childhood educators' perceptions of disability and inclusion,2021,"<jats:p>Education literature presents diverse perceptions of disability and inclusion by educators and scholars. Past research has shown that educators' beliefs influence their practice. The Full-Day Early Learning Program will commence in Ontario schools in September 2010, which will involve teacher and early childhood educator teaching teams. This qualitative research study presents two elementary teachers' and two early childhood educators' perceptions of disability and inclusion.  Using a grounded theory strategy of inquiry, two interviews were conducted with each participant.  A poststructural lens was used to analyze and interpret data. Key findings show distinct understandings of disability and inclusion between the two educator groups, which relate to their pedagogical beliefs and views of the purpose of education. This study draws on attribution theory and a social relational model of disability to explore the implications of participants' perceptions for children's education. Recommendations for future research and practice and identified and briefly explored.</jats:p>",,
140-414-412-002-894,Special Educational Needs and Disabilities in Early Childhood Education (Spain),2024,"Young Children and Special Needs The recognition and attention to diversity from educational practice acquire, if possible, a greater dimension in Early Childhood Education (ECE), given that this level of education is exceptionally diversified due to its distinctive characteristics (Rodríguez 2005).",,
140-605-204-056-662,Limited representation of disability in early childhood classrooms: data from South Korea,2022,"ABSTRACTPositive representation of human diversity in class materials and curriculum contributes to children's sense of belonging, increased self-esteem, and understanding of others. However, research has shown lack of or limited representation of disability in early childhood classrooms. Most of these studies have been conducted(EC) in the United States with limited information on how classrooms in other countries represent disabilities. The purpose of the current study was to examine disability representation in 59 EC classrooms in South Korea, using the Inventory of Disability Representation (IDR, Favazza, P. C., and S. L. Odom. 1997. ‘Promoting Positive Attitudes of Kindergarten-age Children Toward People with Disabilities’. Exceptional Children 63: 405–418. doi:10.1177/001440299706300308). Results revealed that the participating EC classrooms (84.6%) in South Korea showed no or low levels of disability representations, which were consistent with the findings from previous studies conducted in the United States. Additionally, the IDR scores for the inclusive classrooms (n = 23) that include children with disabilities were significantly higher than non-inclusive classrooms (n = 36). Teachers’ participation in disability-related trainings and their years of teaching were also positively correlated with the level of disability representation in their classrooms.KEYWORDS: Inclusiondisability representationyoung childrenclass materialsenvironment Disclosure statementNo potential conflict of interest was reported by the author(s).",,
140-612-183-763-530,Barriers to positive parent-teacher partnerships: the views of parents and teachers in an inclusive education context,2021,Productive parent-teacher partnerships are critical to positive student outcomes. This is especially so for students with disability in inclusive settings. Relationships between teachers and parent...,,
141-283-910-491-829,Electronic Book for Promoting Emergent Math: A Comparison Between Kindergarteners at Risk for Learning Disabilities and With Typical Development:,2018,The aim of the study was to examine the effect of an activity with an educational electronic storybook with math content on the emergent math of kindergarteners at risk for learning disabilities (L...,,
141-710-998-166-214,Parenting A Child With Learning Disabilities: A Viewpoint for Teachers from a Teacher and Parent,2011,A scholarly view of the development of a child with learning disabilities from the perspective of the parent who is an early childhood teacher educator. The article looks at the development of the child from early childhood into adulthood focusing on ways the disability and the school effect the school and home life of the child.,,
142-361-445-415-130,Exploring the Implementation of ‘Education for All’ in Early Childhood Development in Zimbabwe: Successes and Challenges,2013,"The article sought to explore the provision of education for all (EFA) in relation to the implementation of early childhood education (ECE) in Zimbabwe. An exploration was undertaken to analysis data from literature, research reports, policies and practices in order to establish the state of affairs in the provision of ECE to all children including those with the special needs. The data was analysed using theme identification methods to solicit emerging issues from the data. Generally, it was found that in Zimbabwe, EFA is implemented in the ECD sub-sector with both successes and challenges. There are barriers to attaining EFA especially for children with special needs. The specific challenges include, lack of trained ECD specialists with expertise in special needs education (SNE); shortage of equipment and material resources as well as infrastructure. The study also established that regarding EFA in ECD in Zimbabwe, the implementation is biased towards policy for action and not in action. The study recommended that there is need for equal access to quality early childhood education, provision of infrastructure, ability and age appropriate resources, health and nutrition services especially for rural children with disabilities, equity in the provision of ECD programmes, eradicating exclusion of the girl child and children with disabilities and trained specialist ECD personnel with special needs education expertise.",,
142-416-066-646-807,INCLUSION IN EARLY CHILDHOOD PROGRAMS: A KALEIDOSCOPE OF DIVERSITY,2005,"Programs for young children are ever changing, becoming a kaleidoscope of diversity as inclusion is implemented. Inclusion of students wit h diverse levels of disabilities has caused concern from parents and teachers. This arti cle presents some concerns that arise from inclusion and ways of dealing with them. Problem ll areas of education face changes and challenges c onstantly. Early childhood education is no exception. A recent challenge teach ers in early childhood face is the advent of inclusion. Implementing inclusion in early childhood classrooms creates more diversity among the children. Inclusio n of students with various disabilities has caused concern among parents and teachers. There are some concerns that need special attention when including students with disa bilities in the early childhood classrooms. This article describes some of the conc erns and ways of dealing with them. Research conducted over the past 30 years has indic ated that some 6% to 10% of children and youths have emotional or behavioral problems that seriously impede their development and require treatment in order for these child ren to function adequately in school and society (Kauffman, Lloyd, Baker, & Riedel, 1995). According to Roach, Halvorsen, Zeph, Giugno, and Caruso (1997), these data may not accurately reflect the number of children with disabilities that are being served in the general education classroom. Many states are believed to be under-reporting the actua l number of children placed in general education classrooms. Reforming public education to accommodate the needs of special education children placed in regular classrooms is a vital is sue (Fried, 1998). For several years there have been arguments concerning the placement of children with disabilities in the regular classrooms. When inclusion children are placed in t he regular classrooms the teachers are required to provide individualized instruction for the inclusion children. This may take away time the teacher is able to spend with the oth er children. In addition, many teachers feel inadequately prepared to deal with the inclusi on children. The effects of placing inclusion children in regular classrooms have been both positive and negative (Baines, 1994).",,
142-579-585-542-555,Analysis of Research Trends associated with Children at Disability Risks or with Disabilities under 36 Months in Korea,2020,,,
142-681-420-928-477,The Joy of Being: Making Way for Young Children's Natural Mindfulness.,2015,"This article offers a novel and timely context for understanding mindfulness practices in early childhood education. Positioned within a larger social context of mindfulness, we conducted an extensive systematic review of the literature to examine the scope and nature of mindfulness and early childhood. We found that mindfulness and young children constitute a growing area of interest globally which may be culturally determined as demonstrated in how these practices are perceived and implemented in early childhood settings. Although there was variability in the ways mindfulness practices were considered, all of the articles selected for this review discussed the positive outcomes associated with mindfulness for young children. Research and practice implications are offered.",young children; meditation; yoga; mindfulness; early childhood; disabilities,
142-890-601-034-369,Factors Affecting the Impact of Social Interaction Skills Interventions in Early Childhood Special Education,1993,"As a group, preschool children with disabilities are at risk for problems in the development of social interaction skills and related behaviors. This article highlights the need for effective social skills interventions for these children and reviews available intervention procedures and packages. In addition, factors affecting the current impact of social skills interventions in early childhood special education are discussed, and research efforts to increase the impact of these interventions are reviewed. Specifically, research efforts aimed at documenting intervention integrity and confirming the link between intervention integrity and intervention effectiveness are addressed.",,
142-904-862-857-384,Inclusive mindedness: evolving knowledge and beliefs of preservice educators in California,2023,"<jats:p>Early childhood special educators in the United States must familiarize themselves with the importance of inclusive practices and how to successfully implement these practices to support young students with disabilities in the least restrictive environment. Depending on the credentialing program special educators in the United States complete, their understanding and training in inclusive education can vary greatly. The purpose of this study was to address the need for training in inclusion by creating an Office of Special Education Program (OSEP) grant-funded inclusive education course for preservice early childhood special educators at one university in California and then to examine how the inclusion course changed early childhood special education teacher candidates’ knowledge and beliefs of inclusion. Over 4 years, 97 early childhood special education preservice teachers participated in pre- and postcourse surveys, which determined their perceptions, understanding, and practical skills of inclusive education increased, demonstrating course effectiveness.</jats:p>",,
143-351-035-903-50X,"Compilation of Projects Addressing the Early Childhood Provisions of IDEA: Discretionary Projects Supported by the Office of Special Education Programs under the Individuals with Disabilities Education Act, Fiscal Year 2002.",2003,,,
144-526-915-796-544,Family-Centered Early Intervention Services: Factors Contributing to Increased Parent Involvement and Participation,1998,The focus of early intervention and the roles that parents play in planning and implementing services have evolved from an institution/agency approach to a child-centered approach and finally to a ...,,
144-803-358-578-01X,Examining preparation of general education teachers for working with children with disabilities,2021,"<jats:p>This qualitative study explored how well prepared first year teachers feel in teaching children with disabilities in the regular classroom. Six elementary school teachers, recent graduates from Faculties of Education in Ontario were interviewed. Findings indicate that the teachers in this study do not feel that their pre-service education program prepared them for the reality of teaching students with disabilities in the regular classroom, and that they will need to look to their School Board for further training. In addition, many feel that they lack the knowledge necessary to design and implement an IEP. The importance of further preparation for first year teachers to work with students with IEPs is discussed and explored.</jats:p>",,
145-588-396-952-233,The Efficacy of Rhyme Instruction in Early Childhood Special Education,2021,"<jats:p>Rhyme awareness is a typical component of preschool curricula, yet research evidence does not support a direct link between rhyming ability in typically developing preschoolers and later literacy acquisition. Since the evidence base on literacy development among typically developing children is often used to guide intervention among children with disabilities, it is critical that teachers of early childhood special education be aware of the misconceptions regarding the importance of rhyme awareness. The ability to blend and segment phonemes has consistently demonstrated a causal relationship to literacy acquisition, yet is not consistently addressed at the preschool level. This paper summarizes the evidence regarding the link between rhyme awareness and literacy achievement for children with disabilities. The evidence suggests a general trend toward deficits in rhyme awareness among individuals with disabilities yet no direct link to later literacy acquisition. Therefore, the implications suggest caution in teaching rhyme awareness to the exclusion of other early literacy skills that have a proven direct, causal link to literacy achievement.</jats:p>",,
145-793-951-082-357,Cultural adaptations in autism interventions: a systematic review,2025,,,
145-982-920-467-724,What  Is Inclusion And How Is It Influenced By Administration: Narratives From 3 Early Childhood Educators,2021,"<jats:p>Through this study, I aimed to explore ECEs perceptions of inclusion and their perspectives on how their understandings and practice are influenced by the administration at their work setting. I used theories from Disability Studies to shape my study and analyze my findings. I sampled 3 participants, 2 of whom were previous ECEs and 1 who was currently an ECE. I held 3 individual interviews where I used an interview guide to ask ECEs about their stories around the research questions. Then, using thematic coding and inductive reasoning, I arrived with 3 themes; definitions of disability, perceptions of inclusion, and understandings and opinions towards administration. I discussed the findings while arguing that ECEs definitions of disability influence their perceptions of inclusion. Which then leads them to seek specific supports from administration. I used these discussions to humbly suggest some implications for ECEs.</jats:p>",,
146-031-960-574-172,Early Childhood Interventions for Children with Disabilities in Botswana: Policy and Practice.,2015,,,
146-331-099-576-430,Developing A Comprehensive Support System and Policy for Infants and Young Children with Disabilities,2007,,,
146-922-457-267-350,Perspectives of Adults with Intellectual Disabilities on Quality of Life: A Qualitative Study.,2024,"Experiences of occupational participation of adults with Intellectual Disabilities (IDs) were explored through the lens of the Model of Occupational Justice (MOJ) and Critical Theory in order to shape and develop an occupation-centered model of quality of life (QoL). This qualitative study involved thirteen adults with IDs (<i>N</i> = 13). A semi-structured interview, constructed based on MOJ and Critical Theory principles, was administered to explore perspectives on QoL, as well as injustices regarding occupational participation. The interviews were analyzed using QSR NVivo8 and followed a content analysis methodology. A preliminary model of Occupational Quality of Life (O-QoL), with an everyday occupations core component, has been formed. The model includes three core O-QoL domains: (i) social well-being, (ii) emotional-physical well-being, and (iii) material adequacy. Key indicators of O-QoL were identified as leisure and social activities, while socioenvironmental factors such as occupational deprivation were noted as aggravating. Specific occupations, including leisure activities, physical exercise/sports, art, video games, and vocational training, were found to be beneficial for O-QoL. Moreover, the importance of promoting and supporting the rights of people with IDs for employment, independent living, and sexual expression was highlighted. The model of O-QoL (version 1) could be a valuable alternative conceptual framework of QoL in the field of IDs; however, further research is needed to validate and refine the model.",intellectual disability; o-qol; occupational justice; occupational quality of life; occupational therapy; quality of life; social inclusion,Humans; Quality of Life; Adult; Male; Female; Intellectual Disability/psychology; Middle Aged; Qualitative Research; Young Adult; Employment/psychology; Social Justice
147-041-403-249-495,2013-2014 Preschool Transition Education Training,2017,"The following applicants have been preliminarily selected to receive a grant for the 2013-2014 Preschool Transition Education Training (PTET) grant program.  The purpose of the 2013-2014 PTET Grant Program is to develop and pilot targeted training for parents of preschool children with disabilities about their children’s disabilities, strategies to assist their children, and transition protocols from participation in Early Childhood Intervention (ECI) to Programs for Preschool Children with Disabilities (PPCD) to kindergarten.",,
147-062-711-551-330,Confidence in their own ability: postgraduate early childhood students examining their attitudes towards inclusive education,2012,"This study explores reflections of a group of postgraduate early childhood students in relation to their self‐reported attitudes towards inclusive education. Participant self‐reported attitudes towards inclusive education were measured using an adapted version of the Attitudes Toward Inclusive Education Scale (ATIES) and an adapted version of the Concerns about Inclusive Education Scale (CIES). Data were collected at the commencement and conclusion of a university unit focused on difference and disability. Within this unit, participants undertook individual self‐directed projects in which they identified, researched and provided recommendations to address issues of particular concern to them in relation to inclusive early childhood education. Participants’ written reflections were also examined in the context of the quantitative data in order to provide greater insight into the changing attitudes of pre‐service early childhood teachers over the course of one university semester. The findings of this provi...",,
147-304-594-595-420,Individuals with Disabilities Education Act's Early Childhood Programs: Powerful Vision and Pesky Details.,2011,"National policy affects local practice in a variety of ways and through a variety of mechanisms. In this article, the authors examine what has been learned from Individuals With Disabilities Education Act’s (IDEA) two early childhood (EC) programs about the power and limitations of policy as a lever to improve the lives of young children. Ecological theory provides a useful framework for understanding how IDEA directly and indirectly influences the provision of services to young children with disabilities and their families. Experience implementing Part C and Part B Preschool for 25 years not only confirms the power of the law’s vision but also reveals some barriers to effective nationwide implementation. Implementation issues in four areas are discussed: access to services, the quality of services, cost and funding, and outcomes. The current move to build coordinated and integrated EC systems in states presents new opportunities and new challenges in these areas for IDEA’s early childhood programs.",,
148-264-521-822-12X,The Authentic Alternative for Assessment in Early Childhood Intervention,2013,"<p>Conventional tests and testing practices are at odds with professional “best practice” standards in early childhood intervention. Moreover, conventional tests have been neither developed for nor field-validated on young children with disabilities for early intervention purposes. Dramatic changes are emerging in the assessment of young children, particularly those with developmental delays/disabilities. Interdisciplinary professionals must know and adhere to the professional practice standards for assessment in early childhood intervention. The National Association for the Education of Young Children (NAEYC) and the Division for Early Childhood (DEC) standards promote authentic assessment as the evidence-based alternative for young children to prevent the misrepresentation of young children with disabilities—the mismeasure of young children (Bagnato, Neisworth &amp; Pretti-Frontczak, 2010).</p>",,
148-307-542-625-35X,Early signs of specific learning disabilities in early childhood.,2020,,,
148-992-250-624-708,The efficacy of child–teacher relationship training as an early childhood mental health intervention in Head Start programs.,2021,,,
149-049-532-629-397,Parent–Professional Partnerships in Early Education: Relationships for Effective Inclusion of Students with Disabilities,2015,"The increasing enrollment of children with disabilities and developmental delays in inclusive settings requires reconsiderations of the scope and depth of early childhood professional development. In this study, a phenomenological research design was used to gain the perspectives of 13 parents and child care providers about their participation in an in-service training guided by the Partnerships in Early Education: Relationships with Supports (PEERS) model, which was designed to promote inclusive practices in early childhood child care settings. The analysis of collected interview data indicates that the training model has various components that participants found useful for the implementation of inclusive practices. Implications for the development of statewide collaborative in-service trainings on inclusive education for young children with special needs are discussed.",,
149-091-338-152-010,A systematic review of the measurement properties of the Family Empowerment Scale.,2023,"<AbstractText Label=""PURPOSE"" NlmCategory=""UNASSIGNED"">To systematically review and evaluate existing psychometric evidence for the Family Empowerment Scale (FES), which has been widely used to measure empowerment across the world.</AbstractText>;           <AbstractText Label=""METHODS"" NlmCategory=""UNASSIGNED"">Three databases were searched up until December 2021. Eligible studies were identified by an interdisciplinary team using the PRISMA procedure. The methodological quality of psychometrics (Risk of Bias standards) and sufficiency of each psychometric property (e.g., reliability, content validity, construct validity, responsiveness) were independently evaluated by three members, following COnsesus-based Standards for the selection of health Measurement INstruments (COSMIN).</AbstractText>;           <AbstractText Label=""RESULTS"" NlmCategory=""UNASSIGNED"">Twelve studies involving 3278 caregivers were included in the review. Studies reported limited information about content validity and study sample characteristics. There is sufficient evidence with moderate methodological quality to support structural validity for a four and three-bifactor structure. Sufficient evidence with good methodological quality was found for internal consistency. No studies examined responsiveness.</AbstractText>;           <AbstractText Label=""CONCLUSIONS"" NlmCategory=""UNASSIGNED"">Future psychometric studies of the FES should include diverse families and establish content validity following current COSMIN standards. Structural validity evidence does not support the original three-factor structure, which suggests the need to refine the theoretical measurement constructs. Responsiveness is needed prior to using FES as an instrument of change in applied research studies.Implications for RehabilitationThe evidence for the use of the Family Empowerment Scale (FES) is primarily with families of children with disabilities who identify as white, non-Hispanic, and live in the US.Across studies, evidence suggests the FES items work well together to measure family empowerment.Caution should be used when using the FES to measure changes in empowerment over time.</AbstractText>",COSMIN standards; Family Empowerment Scale; psychometric properties; systematic review,Humans; Caregivers; Empowerment; Psychometrics; Reproducibility of Results; Family
149-109-957-341-884,Parenting experiences and its meaning to parents of young children with disabilities,2019,,,
149-172-459-271-758,Promoting Social Interaction of Children with Disabilities in Integrated Preschools: A Failure to Generalize,1992,"In this study, the Classwide Social Skills Program (CSSP) was introduced for all children in four integrated preschool classes, and generalization of effects was measured across settings and over time for 14 children with disabilities between the ages of 3 and 5 years. Results indicated that the CSSP increased the positive play of children with disabilities to levels comparable to classmates without disabilities. Levels of teacher reinforcement toward the children with disabilities increased as well. These increases in teacher and child behaviors, however, did not generalize to 3- or 6-month follow-up periods nor to another play session in the day. Implications for promoting social interaction in integrated preschool settings are discussed.",,"Behavior Therapy; Child; Child, Preschool; Persons with Disabilities/psychology; Female; Generalization, Psychological; Humans; Interpersonal Relations; Mainstreaming, Education; Male; Ontario; Patient Care Team; Peer Group"
149-198-246-381-481,Early childhood intervention in Austria: An overview of 30 years of development and future challenges,2014,"The situation of early childhood intervention in Austria is described from its beginning in the 1970s up to the present situation and future challenges. Children with disability or at risk of being disabled qualify for early childhood intervention as well as partly and to some extent also children in the context of socially disadvantaged families. Based on nine provincial laws, the structure of early childhood intervention in Austria is heterogeneous. A consensus regarding key terms, the age of the child (0 -3 or 6), and home-based services exists. Future challenges focus on early identification of vulnerable target groups by increased communication with community based networks (social worker, mental health specialists) as the number of children with unspecific developmental delays or vulnerability will increase. The training programmes for early intervention professionals, as proposed for example in the project PRECIOUS (www.precious.at), must include the need for professionals to work with vulnerable families in general to a greater extent.",,
149-368-837-196-586,Impacts of Family Support in Early Childhood Intervention Research.,2009,,,
149-564-902-570-238,Analysis of Trends and Quality Indicators of Positive Behavior Support(PBS) Research in Early Childhood Education and Care(ECEC) Settings,2025,,,
149-565-129-290-486,Promoting Greater Acceptance of and Skills to Teach Young Children with Disabilities: Blended Training of Early Childhood Educators,2016,"Promoting greater acceptance of and skills to teach young children with disabilities within early childhood education teacher preparation programs involves collaborative teaming, understanding the benefits and challenges involved in delivering inclusive supports, and appreciating the diverse and unique needs of all children. In this chapter, we present families, educators, researchers, academics, related service personnel, and other professionals the process and outcomes our university faculty experienced when creating a blended early childhood teacher preparation program. The chapter concludes with a list of key resources.",,
149-696-948-482-684,Using Modifications and Accommodations to Enhance Learning of Young Children with Disabilities: Little Changes That Yield Big Impacts,2016,"Curriculum modifications are relatively simple changes to the ongoing activities, materials, and routines in classrooms to maximize children’s participation and engagement. Early childhood teachers rely heavily on the social and physical aspects of the environment to promote children’s development and learning. This chapter describes modifications and accommodations and provides a process for using them in early childhood classrooms.",,
149-869-519-632-739,"Instruction and Assessment Accommodations as Predictors of Academic Achievement of Learners with Physical Disabilities in Southern Province and Kigali City, Rwanda",2020,"A Research Thesis Submitted In Partial Fulfilment of the Degree of Doctor of Philosophy in the School of Education (Early Childhood and Special Needs Education) of Kenyatta University. October, 2020",,
150-074-036-968-787,Medical and Educational Perspectives on Nonverbal Learning Disability in Children and Young Adults,2016,,,
150-161-192-359-153,Who May Be Competent? Mothering Young Children of Color with Disabilities and the Politics of Care,2021,"In this critical, qualitative study, we utilized Disability Critical Race Theory and revolutionary mothering to understand how Mothers of Color who have young children with disabilities made meaning of underlying constitutions of competence within schools, and how they conceptualized possibility for justice in early childhood. Findings reveal how Mothers enacted political clarity regarding ableism and racism as they mothered for respect and care. Specifically, Mothers challenged dominant notions of competence in early childhood and strategically resisted early educational practices that positioned their children as unworthy of childhood. Simultaneously, Mothers dreamed beyond the status quo, imagining early childhood systems that decentered educator expertise, and recentered multiply-marginalized children’s (and their families’) agency. We conclude with implications for teaching and learning in early childhood.",,
150-466-072-353-985,The Master Teacher: A Personal Reflection,1987,"Follow this and additional works at: http://educate.bankstreet.edu/thoughtandpractice Part of the Curriculum and Instruction Commons, Curriculum and Social Inquiry Commons, Disability and Equity in Education Commons, Junior High, Intermediate, Middle School Education and Teaching Commons, Pre-Elementary, Early Childhood, Kindergarten Teacher Education Commons, and the Social and Philosophical Foundations of Education Commons",,
150-579-412-379-702,"""If You Don't Know Her, She Can't Talk"": Noticing the Tensions between Deficit Discourses and Inclusive Early Childhood Education",2008,"This article argues that, as teachers, we need to be aware of and attentive to the beliefs, assumptions, and attitudes that underlie our culture and society and how these relate to our thinking and behaviour in our work. This is particularly important when some of our taken-for-granted beliefs and assumptions around disability can create barriers to a child's right to learn, belong, and participate in the contexts and curriculum in which we teach. In particular, this article highlights negative or deficit orientations towards disability as leading to exclusionary practices that create barriers to disabled children's participation in education (Purdue, 2004). Deficit-based discourses of disability are introduced and used to analyse one family's experiences of early childhood education. I argue that these discourses, the practices they lead to, and the effects of those practices on children's learning, participation, and sense of belonging, need challenging, resistance, and removal from early childhood teaching. As an alternative, I suggest that teachers and educational settings adopt a social model/rights-based approach to disabled children's participation and learning in early childhood and school settings. Methods and methodology This article draws my qualitative, interview-based study of two families who have a young child with disabilities. Here I focus on the experiences of early childhood education from the perspective of Fran, one of the mothers. Over a year I interviewed Fran for two hours on each of four occasions. Fran's daughter Clare was four and five years old during the period of the interviews. I highlight examples of Fran and Clare's experiences and consider the effects of particular constructions of disability or difference on Clare's learning, sense of belonging, and participation in her early childhood centres. Researcher positioning I am a mother of a child who has been labelled and diagnosed as disabled, and I am also an early childhood teacher. One of the families in the study is my own. Data from our family were based on interviews of my partner and myself carried out by other researchers, and medical and educational assessments of our child. Rather than ignoring my multiple positionings, I have attempted to use my experience and knowledge as a lens through which to make meaning of the social construction of disability in education and society. Theoretical frameworks The key theoretical frameworks and ideas that I have used are social constructionism and discourse theory and analysis. Social constructionism This research is underpinned by a social constructionist view of knowledge and reality. Social constructionism is based on the view that knowledge about the self and ""reality"" are socially constructed (Crotty, 1998). Reality is seen as something to be interpreted rather than discovered, and people are viewed as being actively engaged in the social construction and interpretation of their world, which is largely influenced by language or ""discourse"" (Burr, 1995; Crotty, 1998; Ferguson & Ferguson, 1995; Gergen, 1999). Social constructionists take a curious and critical stance towards taken-for-granted knowledge and meanings (Burr, 1995). Discourse theory and analysis New Zealand disability and inclusive-education researchers MacArthur, Purdue, and Ballard (2003) suggest that ""discourse"" is a useful conceptual tool for reflecting on the social construction of disability within early childhood centres. They define a discourse as: ... a set of ideas that shape our knowledge and understandings of disability. Some discourses can be very powerful; they are accepted as 'the truth', and influence, reinforce and control our thoughts, ideas, language, actions, and practices as teachers, and our reactions to people with disabilities. …",,
151-375-015-761-862,Supporting Positive Peer Social Interactions and Healthy Relationships,2020,This chapter addresses the social interaction and relationship needs of students with disability in early childhood and school settings. The need for social interaction is universal.,,
151-667-669-132-947,Combining General and Special Early Childhood Education Standards in Personnel Preparation Programs: Experiences from Two States.,1993,"The rapid increase in state efforts to provide services for children from birth through 5 years of age has the potential to foster growth in programs that serve children who have diverse needs and abilities. Early childhood professionals are beginning to recognize, however, that full inclusion of infants, toddlers, and preschoolers with disabilities in a range of early childhood service settings is more likely to occur if personnel preparation programs are also integrated. This article describes the development and implementation of two interdisciplinary preservice programs that have combined standards from early childhood and early childhood special education to prepare personnel for integrated settings. Implications of professional unification in higher education are discussed.",,
151-808-786-428-129,Functions of Early Childhood Education for Infants with Disabilities,2014,,,
152-118-539-887-473,통합된 장애유아의 변화를 통해 본 협력교수의 이점,2009,The purpose of this study was to analyze benefits of co-teaching in inclusive early childhood education settings for young children with disabilities. This study was designed to analyze th current practice of co-teaching in inclusive education in Korea. The subjects of this study were 2 co-teachers ...,,
152-172-390-432-653,Attitudes and self-efficacy of early childhood educators towards the inclusion of children with disability in day-care,2023,"Educators’ preparedness to include children with disability in daycare is key to the success of early childhood inclusion. This study examines the relationship between attitudes and self-efficacy as key predictors of preparedness for inclusion. The study was conducted in Switzerland, a country with a young tradition of inclusive early childhood care and education, (ECEC) but with increasing numbers of children with disability in public day-care facilities. Early childhood educators (N = 214) completed a questionnaire on their feelings, beliefs, self-efficacy, and behavioural intentions. Structural equation modelling (SEM) was used to analyse paths of effects of participants’ background on behavioural intentions. Results show that inclusive ECEC experience, private interactions and training on disability were associated with higher behavioural intentions. This effect was mediated by participants’ self-efficacy and their beliefs. General ECEC experience was directly associated with lower behavioural intentions. Implications for research and practice are discussed.",,
152-548-697-831-563,Addressing Child Care Challenges for Children with Disabilities: Proposals for CCDBG and IDEA Reauthorizations.,2003,"This year, Congress will once again consider the reauthorization of the two statutes that support the development of young children with disabilities and their families—the Child Care and Development Block Grant (CCDBG) and the Individuals with Disabilities Education Act (IDEA). Together these laws provide the resources for the early childhood education infrastructure for young children with disabilities in all states. This paper discusses the benefits of providing quality child care and early intervention services to children with disabilities; describes the challenges families face in finding appropriate, high-quality child care for children with disabilities; provides background on CCDBG, IDEA, and other relevant statutes, as well as the children they serve; and proposes recommendations for CCDBG and IDEA reauthorizations.",,
152-898-091-554-426,The Degree of Parents’Satisfaction on Early Childhood Special Education according to the Characteristics of Children with Disability,2009,,,
153-245-046-272-997,Development of Play-based AAC Vocabulary and Graphic Symbols for Young Children with Disabilities,2023,"<jats:p>Background and Objectives: The graphic symbol of augmentative and alternative communication (AAC) should reflect the vocabulary required in the environment to which the user belongs. At present, the domestic AAC symbols available for young children do not adequately cover symbols related to play activities and interactions, which make up the majority of early childhood educational activities. Some of the available symbols lack context-specific characteristics. This study attempted to develop play-based vocabulary and graphic symbols that young children with disabilities could use in early childhood special education settings by reflecting the characteristics of play-based early childhood special education. Method: Play-related routines in early education settings were analyzed, and their vocabulary was collected and classified. The existing AAC graphic symbols in Korea were reviewed to develop the necessary vocabulary. After evaluating the validity of the vocabulary list, a play-based graphic symbol was developed accordingly. The validity of the developed graphic symbols was verified for early childhood special education teachers and then modified and supplemented. Results: A total of 36 picture symbols were developed, including 20 vocabulary words and graphic symbols related to play activities and 16 vocabulary words and graphic symbols related to play interaction. Conclusion: The developed symbols have the advantage of satisfying the needs of the augmentative and alternative communication of young children with disabilities by reflecting a play-oriented curriculum. A follow-up study on vocabulary and symbols necessary for routines other than play activities is needed.</jats:p>",,
153-313-295-179-576,Discursos medicalizantes na educação infantil: Problematizações em torno da educação especial,,"This article is the result of a master’s dissertation study that brings medicalizing discoursesinto the daily lives of early childhood education as a central issue, and how special education iscaptured by such discourses. By medicalization we mean the process of artificially transforming social,historical and political issues into medical issues. The text addresses the notion of discourse forFoucault as an essential concept, bringing questions about normalization, subjectivation and knowledge//power relations. In order to discuss the notion of medicalization, we brought authors who defenddifferent theories, such as Moyses and Collares, who are Brazilian references. This paper consists ofa case study that uses the principles of cartography as a tool, and its research plan was a MunicipalCenter for Early Childhood Education of the Municipality of Vitoria, ES, Brazil. The theoreticalinvestigative path resulted in two problematization movements: the first one on the medicalization ofsupposed disorders/disabilities, and the second one on the medicalization of the disability condition.The analysis of these movements demonstrates how the medicalization of childhood occurs despitethe consumption of medicines, both through the creation of labels, as well as through the medicalrepresentation present in the referrals for special education of children who deviate from the standards.",medicalização; educação infantil; educação especial medicalization; childhood education; special education,
154-049-956-212-836,Is A Partnership Possible? A Comparison Of Elementary Teachers' And Early Childhood Educators' Perceptions Of Disability And Inclusion,2021,"<jats:p>Education literature presents diverse perceptions of disability and inclusion by educators and scholars.  Past research has shown that educators' beliefs influence their practice.  The Full-Day Early Learning Program will commence in Ontario schools in September 2010, which will involve teacher and early childhood educator teaching teams.  This qualitative research study presents two elementary teachers' and two early childhood educators' perceptions of disability and inclusion.  Using a grounded theory strategy of inquiry, two interviews were conducted with each participant.  A poststructural lens was used to analyze and interpret data.  Key findings show distinct understandings of disability and inclusion between the two educator groups, which relate to their pedagogical beliefs and views of the purpose of education. This study draws on attribution theory and a social relational model of disability to explore the implications of participants' perceptions for children's education. Recommendations for future research and practice and identified and briefly explored.</jats:p>",,
154-476-995-786-003,Severity of Disability and Parental Perception: A Qualitative Investigation,2020,,,
155-117-845-783-140,Beginning early childhood education teachers’ struggle with inclusion in Turkey,2017,"AbstractThe purpose of this study was to investigate Turkish early childhood education teachers’ perception of inclusion before they started their teaching profession and to explore their experiences with the children with disabilities in their first year of teaching. Sixteen Turkish pre-service teachers were first interviewed when they completed the teacher education programme about their expectations of inclusion practices in their future career. Four participants among the 16 teachers started to teach children with disabilities in their first year of teaching. Then, they were interviewed about their experiences at the end of the first and second semesters of teaching. Findings revealed that Turkish pre-service teachers displayed positive attitudes towards inclusion before they started teaching. However, they had negative experiences with children with disabilities in their first year due to the misimplementation of the inclusion policy and being inexperienced about the inclusion process, and began to q...",,
155-890-068-355-122,“It’s a hearing world”: Parents’ perspectives of the well-being of children who are deaf and hard of hearing,2019,"Children with disabilities are more likely to experience challenges in their daily lives. In particular, this study explores parents’ perspectives of the social and emotional well-being of their ch...",,
156-237-059-386-458,The inclusion of children with disabilities in early childhood education: interdisciplinary research and dialogue,2022,,,
156-315-890-758-677,The Effects of Social Integration Activities for Young Children with Disabilities on the Social Behavior of Children without Disabilities,2004,,,
156-476-979-355-388,Individualizing Instruction in Preschool Classrooms,2010,"In 2003, 34% of young children with disabilities received special education services in community-based early childhood programs such as child care centers, Head Start classrooms, and nursery schools (U.S. Department of Education, 2005). These services are provided by early childhood special educators. However, these special education professionals usually spend just a few hours each week with the children. If early childhood inclusion is to be a successful educational approach, it is imperative that ALL early childhood teachers understand and are able to provide individualized instruction to young children with special needs. This article describes teaching techniques that preschool teachers can use to support the learning needs of all children with whom they work, including young children with disabilities and special needs. The term instruction refers to the methods used to teach a curriculum (Bredekamp & Rosegrant, 1992). In early childhood education, instruction encompasses many different types of learning experiences ranging from nondirective to directive (Wolery, 2005; Wolery & Wilbers, 1994). Just as children’s learning falls along a continuum from passive to active, so does the process of instruction. Instruction may be as basic as modeling how to put on a coat, or it can be as complex as helping children learn to read. The degree to which teacher direction or guidance is used depends on the objective of the experience and the children’s individual needs. Thus, for teaching to be instruction, it must be intentional. The result of appropriately individualized instruction is meaningful learning for all young children.",,
156-591-940-693-180,Teachers’ Attitudes Towards Inclusion of Learners with Disabilities at American Private Early Childhood Education in Dubai: An Investigative Study,2019,,,
156-754-360-303-143,The image of young children with disabilities recognized by general young children with or without integrated experience,2011,,,
156-921-207-835-691,Effects of the Internet-Based Play Coaching on Mothers’ Responsive Interaction Behaviors and Social Interaction Between Young Children with Disabilities and Their Mothers,2020,,,
156-942-030-029-776,Co-teaching Components and Premise in Inclusive Early Childhood Education Settings for Young Children with Disabilities,2007,,,
157-064-577-033-71X,Intersecting Identities and Career-Related Factors Among College Students with Disabilities Across Ethnic Groups.,2025,"This study explores how intersecting disabilities and ethnic identities influence key career-related factors, including career decision self-efficacy, career outcome expectations, perceived career barriers, and social support, among college students with disabilities from diverse racial and ethnic backgrounds. <b>Background/Objectives:</b> Applying social cognitive career theory (SCCT) and intersectionality frameworks, this research addresses a critical gap in understanding the unique challenges and strengths experienced by underrepresented students with disabilities in postsecondary education. <b>Method:</b> Quantitative data were collected from approximately 306 participants representing various ethnic groups, including African American, Asian American, Hispanic, and other ethnic backgrounds, alongside European American peers. <b>Results:</b> Findings revealed that underrepresented students with disabilities reported significantly stronger ethnic identity affirmation but also perceived greater career-related barriers compared to their European American counterparts. These results demonstrate the need for culturally responsive career development practices and inclusive campus environments that affirm students' multiple identities. <b>Conclusions:</b> Implications are discussed for higher education professionals, rehabilitation counselors, disability service providers, and career counselors seeking to promote equitable career outcomes and identity-conscious support systems.",college students with disabilities; disability identity; ethnicity identity; intersectionality; perceived career barriers; social support,
157-094-549-790-77X,"The making of the disability commons: Mothering, austerity and collectivity",2019,,,
158-195-193-362-481,Family Day Care Is for Normal Kids: Facilitators and Barriers to the Inclusion of Children with Disabilities in Family Day Care,2010,"Research on the inclusion of children with disabilities in mainstream early childhood settings suggests that inclusion has potential benefits both for children with disabilities and their peers. Family day care (FDC) is one form of mainstream early childhood setting that can potentially benefit children with disabilities, which has been under-researched. This paper reports on a study that explored barriers and facilitators to the inclusion of children with disabilities in FDC. The multi-method study gathered perceptions about factors that support and inhibit inclusion of children with disabilities in FDC, from 39 staff and 54 carers from 12 FDC schemes in the Sydney area. Findings related to five areas, including the (1) child, (2) families, (3) carers, (4) schemes, and (5) sociopolitical context, are reported and discussed. Implications for supporting the inclusion of children in FDC are drawn.",,
159-149-043-531-20X,Special Educational Needs and Disabilities in Early Childhood Education (Norway),2020,,,
159-314-815-790-735,Childhood and Disability,2025,"<p>Disability history emerged as a field out of the growth of disability studies. This “new” disability history in the 1990s and 2000s was informed by the social model of disability, rejecting the formerly dominant medical model of disability. These historians applied disability as a useful category of analysis that they argued was vital to the writing of history. Early works in the new disability history began to examine questions about disability and childhood through historical inquiries into parenting, care at home and in institutions, family life, advocacy, and education. Since these developments in disability history, the literature on childhood and disability has drawn upon historiographies in disability studies, the history of medicine, and the history of childhood, bringing these fields together in new and productive ways. Questions of disability and childhood appear in works in the fields of disability history or the history of medicine that consider disability more broadly. Scholars interested in childhood disability must read widely to find the ways that disabled children appear in the literature, both as central actors in a work or as they appear alongside questions of diagnosis, treatment, citizenship, and state power. Along with work that directly addresses disabled children, the field explores the ways that the concepts of disability and childhood are interrelated and co-constitutive. Understanding the relationship of disability and childhood illuminates the construction of disability, citizenship, autonomy, and personhood. Research into the history of eugenics or medical genetics does not always place the disabled infant or child as the primary focus of such work, but the specter of disability, whether located in the birth of a child considered to be abnormal or in the diagnosis of a fetus or infant with a genetic condition, animates medical, scientific, and state projects. As the field has grown, an emphasis on centering the voices of disabled children has led to new insights into the lived experience of disability in family life and institutional settings, the legacy of eugenics, the work of self-advocates, and the tensions between medical and social models of disability, as well as an expansion beyond the Anglophone world. Still, the field’s geographical breadth remains limited, as work continues to be predominantly focused on the United States. More attention to non-American and non-Western history would benefit the field’s growth, as would more attention to race throughout the historiography. The history of medicine remains a site for the exploration of disability and childhood, particularly in works focused on singular diagnoses, but the discipline has incorporated scholars whose work takes seriously the call to consider disability a useful category of analysis.</p>",,
159-539-357-173-410,"Inclusive discourse in Greece: strong voices, weak policies",2006,"This paper explores the inclusive discourse in Greece at a period characterized by change in policy and practice. The aim is to discuss critically the distance between the strong voices and weak practices that characterizes the Greek inclusive discourse. The first part focuses on disability and presents the ways that a ‘common sense’ understanding of disability is constructed in the public domain resulting in the de‐politicization of the inclusive discourse. The second part focuses on inclusive education, discussing the contradiction between the rhetoric of inclusive education and the reality of the expansion of special provision for an increasing number of students. It is argued that the fragmentation of the inclusive discourse and the emphasis on common sense assumptions about human and social rights reduce policies about inclusive education to an add‐on, peripheral element of the proposed educational reforms.",,
159-895-589-388-155,Behaviorism in early intervention.,1992,"A consistent and persistent devaluation and misunderstanding of behaviorism, the behavioral approach, and its application to early childhood special education exists among many professionals in the field. In this article we explore common criticisms of behaviorism and present reactions. In addition, we identify and describe the critical features of the behavioral approach and their similarities to early childhood special education. Finally, we provide examples of the influence and application of the behavioral perspective in early childhood special education. In the conclusion of this discussion, we assert that the behavioral perspective has contributed substantially to improving the lives of young children with developmental delays and disabilities and their families. As such, behaviorism has utility in the design and implementation of early childhood special education services.",,
159-913-273-420-389,A survey study on early detection of young children with disabilities in urban and rural areas of China.,2023,"<AbstractText Label=""AIM"">This study aimed to understand how children and families access early intervention in China.</AbstractText>;           <AbstractText Label=""BACKGROUND"">Timely identification and high-quality intervention is expected to prevent and reduce the occurrence and severity of chronic functional impairment for children with disability and is of great significance to individuals and the society. The current study recruited 1129 caregivers of children with disabilities from rural and urban areas of China were recruited to participate in a survey.</AbstractText>;           <AbstractText Label=""RESULTS"">(a) The first concern about development was raised, usually by the parents, when a child with disabilities was 26 months of age, (b) developmental screening took place 4 months after the first concern and diagnostic evaluation happened 7 months after, (c) the types of early intervention programme varied across urban and rural areas and (d) child and family factors were found associating with age of detection.</AbstractText>;           <AbstractText Label=""CONCLUSIONS"">Findings highlight the concerningly late age of children being identified for early intervention and disparities in services between urban and rural areas in China. Implications are provided for practitioners, policy makers and future research.</AbstractText>;           <CopyrightInformation>© 2023 John Wiley &amp; Sons Ltd.</CopyrightInformation>",developmental screening; diagnosis; early identification; service coordination,"Child; Humans; Child, Preschool; Infant; Children with Disabilities; Parents; Surveys and Questionnaires; Caregivers; China/epidemiology; Rural Population"
160-362-629-329-349,"The business of disability: Challenges, complexities and tensions in the inclusion of children with disabilities in long day early childhood education and care.",2011,,,
160-571-040-157-389,Reactive Attachment Disorder Symptoms in Adults with Intellectual Disabilities,2010,"Background  Studies with children suggest that reactive attachment disorder (RAD) is associated with pathogenic early care. Little is known about RAD in adults with intellectual disabilities, many of whom experience adversity and abuse in early life. We investigated whether RAD symptoms occur in this population, and explored whether hypothesized risk factors are associated with higher RAD symptom scores.; ; Method  Fifty adults with intellectual disabilities residing in long-stay hospitals and their carers participated in a questionnaire survey of RAD symptoms, childhood experiences, and disabilities.; ; Results  Reactive attachment disorder symptoms were present in this sample, and symptom scores were independently associated with early childhood adversity, diminished with age, but were not associated with cognitive ability, gender, other disabilities, nor number of childhood years in institutional care.; ; Conclusions  As with children with RAD, it is possible that some maltreated adults with intellectual disabilities fail to develop stranger anxiety by the usual developmental age. Over decades, they may gradually learn.",,
160-892-676-975-106,LibGuides: EARL: Early Childhood Education: Disabilities,2019,This guide is intended for use by students in the ECE program. It includes information for finding children's picture books in the Library collection. Original as published 12/2019,,
160-949-176-011-76X,"EXPLORING THAI EARLY CHILDHOOD TEACHERS' UNDERSTANDING, BELIEFS AND CONCERNS OF INCLUSIVE EDUCATION: A CASE STUDY OF AN EARLY CHILDHOOD CENTRE",2016,"This study explores early childhood teachers' understanding of inclusion, beliefs and concerns about including young children with disabilities in early childhood programmes in Thailand. The study adopted a qualitative approach of group discussions to gather data from nine early childhood teachers selected from one large preschool enrolling 255 children aged 2-6 years in Bangkok, the capital city of Thailand. Using framework analysis (Ritchie & Spencer, 1994), the findings point to basic conceptualisations of inclusion with beliefs and concerns related to three important themes: (i) cultural and religious issues, (ii) training issues and (iii) type of disability as the main barriers to inclusive education of young children. How to support the teachers to accept all children and practise inclusion in totality have also been discussed.",,
160-982-666-568-258,Long-Term Association Between Parental Warmth and Social-Emotional Well-Being for Children With Disabilities,2023,"<jats:p xml:lang=""en""> Abstract: Consistent evidence points to the importance of the early childhood home environment for children's concurrent and subsequent development. Yet little is known about the long-term association between parental warmth in early childhood and children's social-emotional well-being in late childhood for children with and without disabilities. To explore these long-term relationships, we conducted a study using data from the Early Head Start Research and Evaluation project. Our results suggest that parental warmth in early childhood is associated with children's, but not teachers', reports of child social-emotional well-being in fifth grade. Additionally, greater levels of parental warmth in early childhood were negatively associated with parent-reported internalizing and externalizing behavior in fifth grade for children with disabilities. Our results indicate that targeted parenting programs through early childhood programs and early intervention services may be an important resource for families with young children with disabilities.</jats:p>",,
161-188-777-786-408,My child is already whole: Inextricable entanglements between DAP and evaluative constructs of disability,2024,"What does it mean for all children to be seen as whole and 'appropriate'? How can early childhood educators and families understand a child as capable and whole within the evaluative systems around disability? Through the narrative inquiry of a mother/early childhood teacher, this paper explores the complex entanglements between identity-affirming practices for all children represented in the fourth edition of Developmentally Appropriate Practices, and the relationship with deficit-based evaluations for children with disabilities. This case study explores possibilities for empowered collaborations between early childhood educators and families, resistance to deficit-based identities while navigating evaluations, and the creation of culturally sustaining interventions emerging from shared knowledge of children. The paper looks closely at perspectives and practices that invite critical engagements around evaluation, making space for new possibilities, and new perceptions for supporting all children as 'whole'.",,
161-279-037-705-389,A Unified Theory of Practice in Early Intervention/Early Childhood Special Education Evidence-Based Practices,2003,"Over the last decade, the field of early intervention/early childhood special education (EI/ECSE) has emerged as a primary service for infants and preschool children with disabilities and their families. Systems for providing early intervention for infants and toddlers exist in every state, and all state Departments of Education are responsible for special education for preschool children. In EI/ECSE, a unified theory of practice has emerged and draws from a range of psychological and educational theories. A strong, evidence-based set of practices that service providers and caregivers use to promote the development and well-being of infants and young children with disabilities and their families underlies this theory of practice. The purpose of this article is to describe the tenets of this theory and identify evidence-based practices associated with each.",,
161-421-011-649-707,Memorandum to Michigan State Board of Education on Approval of Policy Framework for the Implementation of Goals for Special Education.,1999,"AUTHOR Ellis, Arthur E. TITLE [Memorandum to Michigan State Board of Education on Approval of Policy Framework for the Implementation of Goals for Special Education.] INSTITUTION Michigan State Dept. of Education, Lansing. Office of Special Education and Early Intervention Services. PUB DATE 1999-12-10 NOTE 17p. PUB TYPE Opinion Papers (120) EDRS PRICE MF01/PC01 Plus Postage. DESCRIPTORS Accountability; Adult Education; Delivery Systems; *Disabilities; Early Childhood Education; Early Identification; *Early Intervention; Educational Improvement; Educational Innovation; *Educational Objectives; Elementary Secondary Education; Federal Legislation; *Inclusive Schools; Inservice Teacher Education; Preschool Education; Prevention; Services; *Special Education; *State Regulation; Strategic Planning; Transitional Programs IDENTIFIERS Individuals with Disabilities Educ Act Amend 1997; Michigan",,
161-452-601-372-586,Introduction to Special Education: Teaching in an Age of Opportunity,2000,"All chapters begin with ""Personal Perspective,"" ""Advance Organizers,"" and ""Opportunities for a Better Future."" All chapters conclude with ""In Conclusion,"" ""Meeting the Standards and Preparing for Licensure Exams,"" "" Supplementary Resources,"" and "" VideoWorkshop Extra."" Preface. 1. The Context of Special Education: A Time of Opportunity. The Essence of Disabilities. Origins of Special Education. Necessity for National Intervention. Special Education Today. Opportunities for a Better 21st Century. 2. Individualized Special Educational Programs: Planning and Delivering Services. Special Education Services. Individualized Special Education Programs. 3. Multicultural and Bilingual Special Education. Multicultural and Bilingual Special Education Defined. History of the Field. Prevalence. Characteristics. Early Childhood Education. Elementary Through High School. Collaboration for Inclusion. Transition Through Adulthood. Families. 4. Learning Disabilities. Learning Disabilities Defined. History of the Field. Prevalence. Characteristics. Early Childhood Education. Elementary Through High School. Collaboration for Inclusion. Transition Through Adulthood. Families. Technology. 5. Speech or Language Impairments. Speech or Language Impairments Defined. History of the Field. Prevalence. Causes and Prevention. Early Childhood Education. Elementary Through High School. Collaboration for Inclusion. Transition Through Adulthood. Families. Technology. 6. Mental Retardation. Mental Retardation Defined. History of the Field. Prevalence. Causes and Prevention. Characteristics. Early Childhood Education. Elementary Through High School. Collaboration for Inclusion. Transition Through Adulthood. Families. Technology. 7. Giftedness and Talent Development. Giftedness and Talents Defined. Early Childhood Education. Elementary Through High School. Collaboration for Inclusion. Transition Through Adulthood. Families. Technology. 8. Emotional or Behavioral Disorders. Emotional or Behavioral Disorders Defined. History of the Field. Prevalence. Causes and Prevention. Characteristics. Early Childhood Education. Elementary Through High School. Collaboration for Inclusion. Transition Through Adulthood. 9. Physical Impairments and Special Health Care Needs. Physical Impairments and Special Health Care Needs Defined. History of the Field. Prevalence. Causes and Prevention. Characteristics. Early Childhood Education. Elementary Through High School. Transition Through Adulthood. Families. Technology. 10. Deafness and Hard of Hearing. Deafness and Hard of Hearing Defined. History of the Field. Prevalence. Causes and Prevention. Characteristics. Early Childhood Education. Elementary Through High School. Collaboration for Inclusion. Transition Through Adulthood. Families. Technology. 11. Low Vision or Blindness. Visual Disabilities Defined. History of the Field. Prevalence. Causes and Prevention. Characteristics. Early Childhood Education. Elementary Through High School. Collaboration for Inclusion. Transition Through Adulthood. Families. Technology. 12. Autistic Spectrum Disorders. Autistic Spectrum Disorders (ASD) Defined. History of the Field. Prevalence. Causes of Autism. Characteristics. Early Childhood Education. Elementary Through High School. Collaboration for Inclusion. Transition Through Adulthood. Families. Technology. 13. Very Low Incidence Disabilities: Multiple-Severe Disabilities, Deafblindness, and Traumatic Brain Injury. Multiple-Severe Disabilities. Multiple-Severe Disabilities Defined. Prevalence. Causes and Prevention. Characteristics of Multiple-Severe Disabilities. Deafblindness. Deafblindness Defined. Prevalence. Causes and Prevention. Characteristics of Deafblindness. Traumatic Brain Injury. TBI Defined. Prevalence. Causes and Prevention. Characteristics of TBI. Very Low Incidence Disabilities. Early Childhood Through High School. Collaboration for Inclusion. Transition Through Adulthood. Families. Technology. Glossary. Appendix: What Every Teacher Should Know About IDEA 2004. References. Name Index. Subject Index.",,
163-363-635-408-151,Perspective Chapter: Pedagogical Approaches and Access to Education among Early Childhood Education Learners with Disabilities in Africa during the COVID-19 Pandemic – Review of Available Literature,2023,"<jats:p>The COVID 19 pandemic suddenly hit the world disrupting access to education especially in Sub-Saharan Africa, threatening the future of millions of learners. This chapter discusses the effects of COVID-19 on early childhood education (ECE) for learners with disabilities in Africa, focusing on three questions: (1) What pedagogical approaches were used to enable access to education among ECE learners with disabilities during the COVID 19 pandemic? (2) How was access to education for ECE learners with disabilities, and what challenges and opportunities were experienced? (3) How can access to quality and equitable learning for ECE learners with disabilities during the crisis be improved? Literature revealed that the pandemic aggravated the hardships in accessing learning programs among learners with disabilities widening the gap between them and their counterparts. Countries resorted to remote and digital pedagogical approaches to enable continuity of learning; however, many did not cater for learners with disabilities. Where disabilities were catered for, the reach and utilization were limited by lack of resources and capacity. Concerted efforts promoting effective inclusive learning are critical for the current and future pandemics. Barriers to provision of equitable education, and long-term effects of COVID 19 on in ECE learners with disabilities should be investigated.</jats:p>",,
163-682-616-324-559,المشکلات السلوکیة الشائعة لدی کل من الأطفال ذوی الاحتیاجات الخاصة والعادیین بالحلقة الأولی من التعلیم الأساسی من وجهة نظر المعلمین,2021,"The research aims at (identify the most common childhood problems of children in schools for children with special needs and ordinary in the first stage of basic education from the point of view of their teachers, and then prepare a proposed conception to reduce childhood problems among children in schools for children with disabilities and non-disabilities) - - -191 - The research tools consisted of (Scale of Behavioral Problems in Children) (prepared by Naglaa Fathy Ahmed). The results of the research indicated( The most common childhood problems are found in government schools for children without disabilities).",,
163-837-494-832-355,Analysis of Perception and Needs of Parents of Individuals with Developmental Disabilities via Parent to Parent Peer Counseling Education: Based on the Focus Group Interviews,2023,"<jats:p>This study was intended to know perception and needs of the parent to parent peer counseling education of individuals with disabilities to support the younger parents to cope with disabilities of their children at the early stage. 6 parents of individuals with disabilities participated the focus group interview who finished the 10 sessions group education and individual in-depth course. The collected data were transcribed and 3 categories and 14 sub-themes were derived through qualitative-comparative content analysis. The results were as followed: First, parents evaluated the parent to parent peer counseling education of individuals with disabilities as giving the positive effects. But they wanted to get more professional contents on disabilities and technical skills on counseling. Second, parents perceived the parent to parent peer counselor as important agent to support the initial parents to accept their child’s disabilities and to live well as social community members. And they viewed the parent to parent peer counselor as omnidirectional supporter to all family members of individuals with developmental disabilities. Third, parents said they wanted to set up the center for the parent to parent peer counselor of individuals with disabilities at community and establish the system of early identification for children with disabilities, and to work there as staffs. Based on these results, proposals for putting the project of the parent to parent peer counselor of individuals with disabilities into practices were suggested.</jats:p>",,
164-479-523-672-258,Re‐Imagining Inclusion Through the Lens of Disabled Childhoods,2023,"<jats:p>&lt;p&gt;The purpose of this article is to contribute new insights to critical disability and disabled children’s childhood studies that center on the valuing of disabled children’s lives—a guiding purpose in the disability justice movement. We use published findings from the Inclusive Early Childhood Service System project, a longitudinal, institutional ethnography of the ways that families and children are organized around categories of disability, which show social inclusions and exclusions before and during the pandemic. These findings illuminate: (a) institutional flexibility for the purpose of social inclusion and isola‐ tion during the pandemic as a result of institutional organization; (b) the impact of institutional decisions around closures, remote programs, and support on families’ choices and self‐determination; and (3) the ways safety is differently applied and rationalized for disabled children allowing institutions to exclude disabled children and families. We use critical dis‐ ability studies and disabled children’s childhood studies to interpret these findings and position the valuing of disabled children’s lives with a call for disability justice actions.&lt;/p&gt;</jats:p>",,
164-896-177-199-29X,Faculty Opinions recommendation of Mobility Tool Use Relates to Disability Affirmation among Adults with Visual Impairments.,2022,,,
165-042-546-267-014,Becoming a qualified teacher in early childhood education in Aotearoa New Zealand: Challenges for student teachers with disabilities,2025,<jats:p/>,,
165-783-381-142-78X,Identification of Special Educational Needs for Early Childhood Inclusive Education in Ghana.,2016,"Early Childhood Education is a key element for the growth and development of every country. This paper, provides a summary of reviewing the impact of early childhood special educational assessment on children to be ‘at risk’ of developing special educational needs. It was identified mainly that early identification of at risk factors for disabilities was ignored and there is minimal or no collaboration in the assessment procedures for learners. This has an adverse effect on the cognitive attainment and social or behavioural development on the child. The paper also discusses the identification of special educational needs; models/theories of teaching the early child; collaborators’ perspectives; and future developments. The article closes with a call for improved training for practitioners working in early year’s settings. Keywords : Identification, Special Educational needs, Early-childhood, Education, At-Risk",,
165-930-440-699-447,Instructional Strategies in General Education and Putting the Individuals with Disabilities Act (IDEA) into Practice. Advances in Early Childhood and K-12 Education (AECKE) Book Series.,2018,,,
165-964-868-261-548,"Compilation of Projects Addressing the Early Childhood Provisions of IDEA. Discretionary Projects Supported by the Office of Special Education Programs under the Individuals with Disabilities Education Act, Fiscal Year 2001.",2002,,,
166-349-000-456-318,EARLY CHILDHOOD EDUCATION FOR FILIPINO CHILDREN WITH INTELLECTUAL DISABILITIES: A COUNTRY REPORT,2018,"In recent years, the Philippine Association for Intellectual Disabilities (PAFID) has forged partnership with the Early Childhood Care and Development (ECCD) Council to ensure that the Philippines focuses on building a strong foundation for development and learning of children including those with intellectual disabilities during the early years of zero (0) to four (4) and support the full range of health, nutrition, early education and social development for the child’s holistic development and warrant sustained interagency and multisectoral collaboration. The Early Childhood Education Program for Intellectual Disabilities in the Philippines is anchored on laws, namely, Republic Act No. 7277 (1992) or An Act Providing for the Rehabilitation, Self-Development and Self-Reliance of Disabled Persons and Their Integration, Republic Act 9288 or Newborn Screening Act of 2004, and Republic Act No. 10410 or the Early Years Act (EYA) of 2013. PAFID participated in ECCD programs and projects that integrate the concerns of children with intellectual disabilities. These include the National Child Development Center, Early Childhood Teacher Education Program, Development of System for Early Identification, Prevention, Referral and Intervention, Learning Resource Packages for Pre-Kindergarten and Standards and Guidelines for Center-Based Early Childhood Programs for 0 to 4 years old Filipino Children.",,
166-350-222-871-021,Validation of the cooperative support checklist for young children with physical disabilities in inclusive settings,2022,"<jats:p>Following the 2019 Revised Nuri Curriculum has been implemented, early childhood special education (ECSE) in inclusive settings must keep pace. In this study, we developed a checklist for Early Childhood Education (ECE) and ECSE teachers working together to support young children with physical disabilities in child-oriented, play-based curriculum. Based on previous research, a preliminary inventory was developed and content validity was examined with 8 professionals. The calculated Content Validity Index (CVI) means were .88~1.0. As a result, a total of 17 items were developed in three categories: pre-planning for cooperative support, play and daily routine participation support, and peer interaction support. This study has implications for developing a curriculum-based checklist for children with physical disabilities in inclusive settings. More research on support plans and practical use verification should be followed.</jats:p>",,
166-368-898-400-620,The Effects of Orally Narrated Fairy Tale Programs toward the disability picture book for Pre-service Early Childhood Special Education Teacher's Teaching Efficacy,2015,,,
166-446-491-259-283,Inclusive and Equitable Early Childhood Teacher Preparation Programs: Recruiting and Retaining Teacher Candidates with Disabilities,2024,"<jats:p>Inclusive early childhood education teacher preparation programs are tasked with preparing teacher candidates to work with young children with and without disabilities. Yet, many teacher preparation programs continue to function in a medical model of disability, where teacher educators teach candidates to “fix” or “cure” young disabled children. Working from a medical model of disability positions young disabled children as problematic and ostracizes disabled teacher candidates as they see themselves in the very children spoken of by their teacher educators. Instead, practices can be implemented to build on the unique strengths and assets disabled teacher candidates bring to the early childhood field. This call to action has been co-authored by disabled teachers and candidates to highlight the practices teacher educators can instill in their programs with the goal of recruiting and retaining disabled teacher candidates.</jats:p>",,
166-565-107-869-768,Intervention Practices in Kokebe Tsibah Special Unit for Children with Intellectual Disabilities: An Ethiopian Experience,2014,"This paper focuses on the intervention practices of Kokebe Tsibah special unit for children with intellectual disabilities. The data were collected through interview of three teachers who served for 20 years in the unit, observation of teachers and children, and analysis of documents. Qualitative data analysis was employed to analyze the data. The results indicated that children with intellectual disabilities received interventions in the form of educational, adaptive skills and vocational intervention. Teachers practice intervention in the unit by providing educational intervention, adaptive skills training and vocational training for children with intellectual disabilities. Considerable results are recorded through the application of these intervention practices. Stakeholders should fully involve in the intervention of children with intellectual disabilities.",,
166-590-785-057-78X,Inclusive early childhood education and right of literacy even for children with disabilities,2017,"The literacy in the early childhood education has been considered through the perspective of inclusive education. The study highlights the importance of a strategic integrated approach to literacy, even direct to children with disabilities, promoting the full inclusion in the early childhood services and the bill of right communication. Educazione inclusiva per la prima infanzia e diritto alla lettura, anche per i bambini con disabilita La questione dell’apprendimento della lettura, per la primissima e prima infanzia, viene analizzata utilizzando la lente dell’educazione inclusiva. Lo studio suggerisce un approccio strategico integrato diretto ai bambini con disabilita, per promuovere la piena inclusione e il diritto alla comunicazione.",,
166-601-676-262-574,O trabalho docente na inclusão de crianças com deficiências na educação infantil: um estudo de caso em um CEI no município de Joinville,2012,"The movement to include children with disabilities has expanded in many different levels of education, including early childhood education. Considering the importance of these early years in school inclusion of children with disabilities and the role of the teacher as facilitator in the process of teaching and learning in classroom interactions, we developed this study, which aims to analyze how teachers do their work with children with disabilities in an institution of the municipal preschool education Joinville. Some of the authors that supported this study were Ferreira and Ferreira (2007), Bueno (2008), Almeida (2010), Rego (2011), Novoa (2012) and Tardif (2011). Based on the proposed objectives was carried out field research from a socio-historical approach, where three groups were part of early childhood education, with children between 3 and 5 years. The data were collected through observation, totaling 40 hours and a questionnaire with the teachers of the classes observed. The results indicate that there is still a long way to go for children with disabilities are actually included in early childhood establishments, requiring a greater investment in teacher training, particularly with respect to teaching and inclusive education, although some initiatives inclusive education are already happening successfully in early childhood institutions.",,
166-779-319-738-245,Perceptions of Faith Leaders on the Inclusion and Participation of Individuals with Disabilities in Their Communities,2021,Social inclusion of individuals with disabilities across all areas of life has been a goal for decades. This includes the inclusion and participation in faith communities for those individuals who ...,,
166-860-874-095-347,Home-Based Early Intervention with Families of Children with Disabilities Who is Doing What?.,1997,"Home visits are one mechanism for providing comprehensive services to young children with disabilities and their families, as required by Part H of the Individuals with Disabilities Education Act of 1990. This study reports observational data describing the content addressed and the processes employed by early childhood special educators during home visits with children with disabilities, birth to 3 years of age, and their families. The extent to which home visits were individualized was examined in terms of available family resources and level of child's caretaking demands. Findings revealed that a model of child-focused intervention was most frequently implemented. Some evidence was found to indicate that the content of home visits was more likely to focus on the child when family resources were adequate, and that the role of the interventionist was more likely to be that of an observer when children had greater care-taking demands.",,
167-219-484-578-813,Survey on Disability child parents Recognition and needs for Special Education Related Services for Special Education Support Center,2013,,,
167-296-653-762-056,Early Childhood Educators' Readiness Embrace Inclusion for  Preschool-Age Children with Disabilities in California,2023,"Despite the push to increase inclusive early childhood (EC) care and education programs to support the learning and development of all children, such programs remain rare in California where most preschoolers with disabilities receive special education services in special day classrooms. Developing inclusive programs requires EC educators who are committed to supporting inclusion. Using a survey of EC teachers in public and private programs, this study sought to identify factors that influenced the teachers’ attitudes toward and self-efficacy for providing inclusive programs for young children with disabilities. While most of the teachers reported positive views of inclusion, they reported less comfort with the idea of supporting children with disabilities in their programs. Examinations of the teachers’ education and experience levels suggest that experience with children with disabilities influences teacher comfort while education may influence understanding of law.",,
167-574-656-049-624,Working and disability expectancies at old ages: the role of childhood circumstances and education,2020,"The ability to work at older ages depends on health and education. Both accumulate starting very early in life. We assess how childhood disadvantages combine with education to affect working and health trajectories. Applying multistate period life tables to data from the Health and Retirement Study (HRS) for the period 2008-2014, we estimate how the residual life expectancy at age 50 is distributed in number of years of work and disability, by number of childhood disadvantages, gender, and race/ethnicity. Our findings indicate that number of childhood disadvantages is negatively associated with work and positively with disability, irrespective of gender and race/ethnicity. Childhood disadvantages intersect with low education resulting in shorter lives, and redistributing life years from work to disability. Among the highly educated, health and work differences between groups of childhood disadvantage are small. Combining multistate models and inverse probability weighting, we show that the return of high education is greater among the most disadvantaged.",,
168-328-115-934-367,Early-life factors associated with increased risk of disability pension in the national real-world schizophrenia FACE-SZ cohort study.,2022,"Among severe psychiatric disorders, schizophrenia has one of the highest impacts on professional and personal functioning with important indirect costs including disability pension allowance for the patients with the more severe forms of schizophrenia. To explore early-life factors associated with disability pension in schizophrenia. 916 patients were consecutively recruited at a national level in 10 expert centers and received a comprehensive standardized evaluation. Their disability pension status and early-life variables were reported from medical records and validated scales. Eight factors were explored: age, male sex, parental history of severe mental illness, childhood trauma exposure, education level, childhood ADHD, early age at schizophrenia onset and duration of untreated psychosis. 739 (80.7%) participants received a disability pension. In the multivariate model, early age at schizophrenia onset and low education level were associated with disability pension independently of age and sex while no significant association was found for parent history of severe mental illness, childhood trauma, childhood ADHD or duration of untreated psychosis. Low education level and early age at schizophrenia onset seem the best predictors of increased risk of disability pension in schizophrenia.",Mental health; Psychiatry; Public health; Quality of life; Schizophrenia,Cohort Studies; Persons with Disabilities/psychology; Humans; Male; Pensions; Psychotic Disorders/complications; Risk Factors; Schizophrenia/complications
168-359-268-493-218,EARLY CHILDHOOD SPECIAL EDUCATION SERVICES IN TURKEY,2018,"Early childhood special education services are provided for children with developmental disabilities or risk factor, who are between 0-8 years old, and their families. In this study, laws, and services provided in our country regarding early childhood special education services are defined; the content of the provided early childhood services programs and the problems faced in its application are addressed; things to be done for popularizing these services are suggested. Article visualizations:",,
168-901-012-952-393,Exploring the relationship between teacher education experience and child-focused practices implemented in quality early childhood inclusive environments,2011,"The purpose of this study was to explore the relationship between teacher education experience and child-focused practices implemented in quality early childhood inclusive environments, the following research questions focused the study: what child-focused effective practices were implemented in quality early childhood inclusive environments and, how did early childhood teachers learn about these practices? To answer these questions, a qualitative descriptive multiple case study approach was used to examine effective child-focused practices used in two Head Start classrooms, two public Pre-K classrooms and two childcare centers with children with special educational needs. The teachers were videotape recorded implementing practices in the context of the classroom, then interviewed regarding the practices used. The teachers were also asked questions about education and experienced that informed their implementation of the practices. Using a modified phenomenological three step analytic process, themes emerged. The themes were analyzed and reduced a cross settings to determine specific practices implemented and the connection to their educational experiences. Results revealed teachers implemented primarily explicit child focused practices. These practices included guidance and redirection with clear limits, using rote, recall and response during routines and activities and embedding IEP goals into the routines and practices. These practices seemed directly connected to the number of children with disabilities in the classroom and the severity of the disability. This study suggested that specific college coursework influenced implementation of practice. Coursework with field experience and internship provided opportunities to rehearse practices. Also relationships developed within the home and at work influenced practice. Additional results suggest implicit practices were used primarily with typical children in inclusive settings. Further research should explore the type and extent of the disability and the ratio between typical and atypical children in an inclusive setting. Also, the role of relationships within work and family should be examined. Limitations include number of participants and researcher bias as an experienced early childhood professional.",,
168-918-315-249-452,"Funding of Assistive Technology for Infants, Toddlers and Young Children With Disabilities",2006,,,
169-483-153-710-176,Working and disability expectancies at older ages: The role of childhood circumstances and education.,2020,"The ability to work at older ages depends on health and education. Both accumulate starting very early in life. We assess how childhood disadvantages combine with education to affect working and health trajectories. Applying multistate period life tables to data from the Health and Retirement Study (HRS) for the period 2008-2014, we estimate how the residual life expectancy at age 50 is distributed in number of years of work and disability, by number of childhood disadvantages, gender, and race/ethnicity. Our findings indicate that number of childhood disadvantages is negatively associated with work and positively with disability, irrespective of gender and race/ethnicity. Childhood disadvantages intersect with low education resulting in shorter lives, and redistributing life years from work to disability. Among the highly educated, health and work differences between groups of childhood disadvantage are small. Combining multistate models and inverse probability weighting, we show that the return of high education is greater among the most disadvantaged.",Childhood adversities; DLE; Inequality; Inverse probability weighting; Life course; Multistate models; Social stratification; WLE,Aged; Persons with Disabilities; Educational Status; Humans; Life Expectancy; Middle Aged; Retirement
169-538-983-401-271,Bridging the science achievement gap: Using survival analysis to assess the impact of center-based early childhood programs on children with disabilities,2024,"<jats:p>Understanding the factors that influence early science achievement is crucial for developing effective educational policies and ensuring equity within the education system. Despite its importance, research on the patterns of young children achieving science learning milestones and the factors that can reduce disparities between students with and without disabilities remains limited. This study analyzes data from the Early Childhood Longitudinal Study of Kindergarten Cohort 2011 (ECLS-K: 2011), which includes 18,174 children from 1328 schools across the United States, selected through a complex sampling process and spanning kindergarten to 5th grade. Utilizing survival analysis, the study finds that children with disabilities achieve science milestones later than their peers without disabilities, with these disparities persisting from early grades. The research highlights the effectiveness of center-based programs in enhancing science learning, particularly in narrowing the achievement gap between children with and without disabilities. These findings contribute to the broader discourse on equity in the education system and policy by introducing novel methodologies for assessing the frequency and duration of science learning milestones, and by providing insights into effective strategies that support equitable science education.</jats:p>",,
169-920-212-223-355,The Image of Preservice Child-care Center Teachers' Image on Children with Disabilities,2007,,,
170-539-278-224-345,The Roles of Early Childhood Educators in Young Children's Transition to Primary School,2021,"<jats:p>This chapter is designed to be a useful guide for early childhood educators, families, and researchers. It presents key roles and related resources for educators to address the well-being of young children, with or without disabilities, who are in the process of transitioning from early childhood settings to primary school. Continuing challenges in early childhood transition practice necessitate renewed attention to practical solutions. The proposed roles of early childhood educators are based on the theoretical frameworks of Pianta and colleagues, Rous and colleagues, and Yelverton and Mashburn. Four key educator roles are proposed: school readiness teacher, relationship and continuity facilitator, resource and case manager, and transition policy advocate. Descriptions and suggestions for implementation of each educator role are provided. </jats:p>",,
170-808-428-156-919,A case study on the play experience of young children with disabilities in the implementation of a play-centered curriculum in an inclusive kindergarten classroom: Focusing on Play Record Analysis,2022,"<jats:p>The purpose of this study is to examine the patterns and meaning of play experienced by children with disabilities in an inclusive setting that implements a play-centered curriculum. The study participants were three 5-year-old young children with special needs, and the play records of the inclusive classroom teacher and the early childhood special education teacher were collected to explore their play experiences. The analysis of data play records was analyzed based on the comprehensive analysis procedure presented by Lee Dong-Seong and Kim Young-Cheon (2014) and data from Kim Ho (2019)’s play record analysis. The results of this study are as follows. First, the play patterns of young children with disabilities shown in the play records were derived as ‘Expression of interests’, ‘Play sharing’, ‘Creation of play’, and ‘Playing roles in play’. Second, the meaning of the play experience of young children with disabilities shown in the play record was derived from ‘Play to learn the world: Play rules’, ‘Play to learn from each other: Peer relationship’, and ‘Fertilizer that strengthens play: Play continuation factors’. This study qualitatively explores the play patterns of young children with disabilities in the inclusive class, which will help early childhood special education teachers in the field to understand the play of young children with disabilities. In addition, it is meaningful in that it uses the teacher’s play records as research data to present the role of the teachers as a practice researcher and examples of practical play records.; </jats:p>",,
170-973-099-093-556,India: Young Children with Disabilities and Early Childhood Care and Education,2018,,,
171-276-697-082-323,직장보육 시설의 영아용 실외놀이시설 및 운영실태,2007,Teacher's perception about transition program from preschool to elementary school for young children with disabilities.,,
171-782-291-737-352,The future of early childhood education and care services in Australia,,"This policy brief explores four key issues pertaining to the future of early childhood education and care in Australia: the importance of early childhood, quality early childhood education and care, service integration, and the inclusion of children with disability and developmental delays. Overview The past decade has seen an unprecedented policy focus in Australia upon services for children during the early years. This has occurred in response to a growing body of research highlighting the importance of the early years. Progress in regards to early childhood education and care (ECEC) services in the policy arena is often overshadowed by simplistic views and debates in the broader public arena regarding young children. For example, the misconception that child care is ‘bad’ for young children disrupts attempts to move public debate towards how we can build a high quality ECEC service system. In this Policy Brief, we explore four key issues pertaining to the future of early childhood education and care in Australia: the importance of early childhood, quality early childhood education and care, service integration, and the inclusion of children with disability and developmental delays. Although significant improvements have been made recently in Australia in regards to ECEC, it is important that as a nation we carefully consider decisions regarding the ECEC service system and do not lose sight of the profound role that the service system plays in building the foundation for Australia’s future prosperity.",,
172-084-300-712-877,"Early childhood special education for children with disabilities, ages three through five: An introduction.",1999,,,
172-296-278-095-861,How Can We Study Educational Inequalities in Different Cultural Contexts? Interdisciplinary Research Methods in Early Childhood Education and Care,2023,"<jats:p>The increasing diversity in cities and schools is a pan-European experience. Concurrently, the time of subsequent crises (migration/refugee crises) has had severe impacts on the key institutions safeguarding the rights and needs of citizens. This also concerns the youngest generation in the education system, especially in the light of data concerning the still high and even growing rates of child poverty in Europe. Therefore, focusing on finding common solutions to early educational inequalities has become one of the key issues of research in the area of early childhood education. Diversity enables us to learn about conditions that may increase the effectiveness and desirability of early childhood education and care (ECEC) for children at risk, be it due to economic strain, possessing a migration background, disability and so forth. At the same time, however, it poses a methodological challenge due to the different construction of child welfare and education systems, the different policies and social solutions promoted and, last but not least, the different dimensions of the aforementioned diversity, namely ethnic, social or disability. This article discusses methodological challenges and strategies in an international and interdisciplinary project on combined inequalities among children in ECEC settings. The objective is to demonstrate how mixed-methods can be used for interdisciplinary interventions, connecting social research to the broader impact on the community.</jats:p>",,
172-715-661-262-566,Early childhood studies : an holistic introduction,1998,"""Early Childhood Studies 2nd Ed"" presents a clear and detailed account of infancy and early childhood. The first edition of this ground-breaking text supported the study of childhood from an holistic and multidisciplinary perspective; in the same vein, this new edition is now entirely revised and updated in line with current policy and legislation. The main focus lies in the promotion of children's development, health and well-being. Poverty and cultural issues are amongst the important themes highlighted throughout the book, plus there is new material on parenting, disability and first years at school. Key features include: key concepts thoroughly explained in a concise, easy to read format; written from a multidisciplinary approach with contributing authors from the disciplines of sociology, health, education, genetics, social policy, psychology and social work; edited by senior academics in Paediatric Nursing and Early Childhood Education; student-centred activities, references and further reading promote practical application of theory; greater emphasis on health promotion; reflects changes in legislation and current practice developments; and, additional material on parenting, disability and first years at school. ""Early Childhood Studies"" is an invaluable text for all students on courses with an early childhood element. In particular this includes Child Health Nursing, Community Specialist Nursing, Health and Social Care, Social Work and Early Childhood Studies Degrees or Degree Programmes.",,
172-769-239-726-55X,Physical Disabilities,2016,,,
172-986-847-684-980,The Social Participation of Young Children with Developmental Disabilities in Inclusive Early Childhood Programs,2007,"The study reports an analysis of the social integration of six focus children with developmental disabilities in four preschool programs and their relative competences in relation to the typically developing children in the early childhood programs. For the 85 children in the preschool programs, including the children with developmental disabilities, peer acceptance was measured with sociometric interviews; social competence was rated by teachers; and observations of play activities and social engagement were made during four free play periods. A social constructivist analysis focuses on how learning was supported in the settings and implications are drawn about how opportunities for learning could be extended in inclusive early childhood programs.",,
173-797-248-077-357,The Fisher-Landau/Dalton Program: a Pilot Study of Teachers' Perceptions of Learning Disabilities,1987,"Follow this and additional works at: http://educate.bankstreet.edu/thoughtandpractice Part of the Curriculum and Instruction Commons, Curriculum and Social Inquiry Commons, Disability and Equity in Education Commons, Junior High, Intermediate, Middle School Education and Teaching Commons, Pre-Elementary, Early Childhood, Kindergarten Teacher Education Commons, and the Social and Philosophical Foundations of Education Commons",,
173-819-259-111-017,Disabilities; Distance Education; Early Childhood Education; Elementary Secondary Education; Gifted; Higher Education; *Mainstreaming; Regular and Special Education Relationship; *Rural Education; *Special Education; Special Education Teachers; *Teacher Collaboration; *Teacher Education,2000,,,
173-826-887-283-51X,An In-depth Analysis of Topics in Deaf Education in Early Childhood Education,2023,"Despite federal mandates of the services and inclusion of students who are deaf and hard of hearing in early childhood there is more discussion and research to be done to support educators and students who are deaf and hard of hearing and their families that they serve in early education. This article is an overview of a collection of eight articles housed within the special issue covering a range of topics related to critical issues in deaf education and early childhood education. These include: literacy and language development; developing and implementing universal design for learning; autonomy, self-advocacy, and self-determination skills; curriculum concepts, theories and philosophies; and assessment of students who are deaf with additional disabilities. The article employs existing research and practices in deaf education, such as newborn hearing screening and language deprivation related to deaf education practices. The authors acknowledge the need for further discussion and research in all areas; however, note this special issue is progress towards filling in gaps in current practices in deaf education within early childhood education.",,
173-994-437-190-407,The effect of project-based cooperative learning on disability empathy in pre-service early childhood teachers,2024,"<jats:p>This study investigated the effect of project-based cooperative learning in an introductory special education class on disability empathy. Disability empathy is an important competency for pre-service teachers who teach children with disabilities. The subjects of this study were 49 university students who were completing a qualification course for pre-service teachers who teach children with disabilities. First, through theoretical learning, interest and understanding of disabled infants and toddlers were raised, and educational program production activities were carried out to increase understanding of disabilities.  Project-based cooperative learning was conducted for a total of 30 hours over 15 weeks. As a result of the study, it was found that the disability empathy of pre-service early childhood teachers significantly increased after the implementation of project-based cooperative learning, and the active interaction item score was the highest in the class satisfaction area. As a result, it was found that project-based cooperative learning has a significant effect on pre-service early childhood teachers' disability empathy and promotes active interaction. The significance of this study is that it empirically verified the effect of project-based cooperative learning on preservice teachers’ disability empathy. It is hoped that the results of this study will be used as teacher education materials to improve pre-service teachers’ disability empathy.</jats:p>",,
174-431-369-719-125,"Influence of parental responsibility on participation of children living with disability in Early childhood Education centres in Kajiado North District, Kenya",2012,,,
174-653-255-682-823,Children with intellectual disability: fathers' self-reported involvement in rehabilitation in the United Arab Emirates.,2025,"<AbstractText Label=""BACKGROUND"" NlmCategory=""BACKGROUND"">Community-based rehabilitation has been advocated as an effective way to promote the participation of children with disabilities, such as those with intellectual disabilities (ID), in services located within their communities. While children with ID have reduced cognitive, social and physical abilities, the extent of involvement of fathers in their parenting is unresearched in countries such as the United Arab Emirates (UAE).</AbstractText>;           <AbstractText Label=""OBJECTIVE"" NlmCategory=""OBJECTIVE"">The current study presents an exploration of the involvement of fathers of children with ID in their upbringing.</AbstractText>;           <AbstractText Label=""METHOD"" NlmCategory=""METHODS"">A total of 152 fathers of children with ID completed a questionnaire known as Fathers' Involvement in Development and Rehabilitation Scale which is made up of three sub-scales: attitudes, support and participation in training. SPSS was used for the computation of means, correlations, linear regressions and moderation analyses.</AbstractText>;           <AbstractText Label=""RESULTS"" NlmCategory=""RESULTS"">Fathers rated themselves positively on each of the tenets of involvement, which also correlated positively with each other. The country of origin of fathers and the level of needs of children impacted or moderated the relationship between the tenets of involvement.</AbstractText>;           <AbstractText Label=""CONCLUSION"" NlmCategory=""CONCLUSIONS"">The study findings have implication for policy with a recommendation for tailored training programmes for fathers based on their unique characteristics or situations in the UAE.</AbstractText>;           <CopyrightInformation>© 2025. The Author(s).</CopyrightInformation>",Disability; Fathers; Intellectual disability; Involvement; United Arab Emirates,"Humans; United Arab Emirates; Male; Intellectual Disability/rehabilitation; Fathers/psychology; Child; Adult; Self Report; Parenting/psychology; Female; Surveys and Questionnaires; Middle Aged; Child, Preschool; Children with Disabilities/rehabilitation; Adolescent"
174-765-067-376-315,An exploration of the needs for expert consulting support and the changes of the early childhood teachers for children at risk of disabilities,2023,"<jats:p>Objectives The purpose of this study was to explore the needs of the early childhood teachers for expert consulting support for children at risk of disabilities, and what changes there are in early childhood teachers after participating in consulting.; Methods The study participants are two early childhood teachers who are living with at-risk children age 3 and 4. And this researcher, a professor in the dept. of early childhood education who is very interested in and has extensive experience in children at risk of disabilities, directly observed children at risk of disabilities and then conducted interviews and consulted the early childhood teachers. In addition, data were analyzed based on interviews and consulting data for early childhood teachers and the researcher's field record notes. And the research results were derived.; Results According to the results of the study, Firstly, early childhood teachers' needs for expert consulting support for children at risk of disabilities includes : 1) direct visits to early childhood education field by the experts, 2) expectations of the observation of children at-risk and advice between teachers and children and between children and children, 3) a request to establish a system in the early childhood education field applying interviews and micro-teaching, and 4) a request for the role of experts as mediators between parents and teachers. Secondly, changes in early childhood teachers after expert consulting support for children at risk of disabilities : 1) improving teachers’ capacity for children at risk of disabilities, 2) strengthening a sense of duty and responsibility as an early childhood teacher, and 3) increasing satisfaction and confidence through expert consulting.; Conclusions The researcher is looking forward for this study to be served as a basic and practical data for early detection of children at risk of disabilities and becomes an educational support for them, furthermore support early childhood teachers in charge of children at risk of disabilities.</jats:p>",,
175-237-841-863-188,Imperatives of Bilingual Sign Language in Language Development of Learners with Hearing Impairment in Nigeria,2025,"<jats:p>Bilingual sign language has emerged as a critical tool for the linguistic, cognitive, and educational development of learners with hearing impairment, offering a pathway to equity and inclusion in diverse societies. This paper examines the imperatives of bilingual sign language in Nigeria, emphasizing its role in promoting language development, literacy outcomes, social integration, and communication competence among deaf learners. Anchored on Cummins’ Linguistic Interdependence Hypothesis, the paper highlights how a strong foundation in Nigerian Sign Language (NSL) can transfer to mastery of written English, thereby enabling academic progression and lifelong learning. While significant challenges persist including the lack of formal recognition of NSL, inadequate teacher training, insufficient learning resources, negative societal attitudes, and limited funding emerging opportunities and policy windows provide grounds for optimism. These include global disability rights frameworks, rising advocacy movements, the growth of digital learning tools, reforms in teacher education, and momentum toward inclusive education policies. The paper argues that the institutionalization of bilingual sign language in Nigerian schools is both a linguistic right and a developmental necessity. It concludes that by fostering cognitive growth, literacy advancement, social inclusion, and communicative competence; bilingual sign language can bridge the gap between deaf learners and their hearing peers, positioning them for meaningful participation in national development. The paper recommended amongst others that Non-Governmental Organizations should strengthen partnerships with organizations like the Nigerian National Association of the Deaf (NNAD) to combat stigma and promote societal acceptance of bilingual sign language as a tool for inclusion.</jats:p>",,
175-465-203-240-394,The Effects of AAC Communicative Partner Training on the Peer Interactions of a Child with Severe Disabilities,2004,,,
175-587-609-187-031,Using assistive technology in a curriculum for preschool children with developmental disabilities in Jordan,2021,This study aimed to investigate teachers’ assistive technology (AT) practice in teaching children with developmental disabilities (DD) in early intervention (EI) settings in Jordan. A random sample...,,
176-239-574-019-024,Early Childhood Teachers' Opinions about and Suggestions for Inclusion Programs,2011,"The purpose of this study is to determine the opinions and suggestions of teachers about inclusion who works at five preschool education institutions and students with disabilities in their classes. Inductive research technique was used in this study and semi-structured interviews were conducted with ten teachers who had mainstreamed students in their classes. The data were analyzed with inductive analyze technique. As a result of the inductive analyze technique, the data were themed and the findings of the research were attained. Results showed that the teachers expressed positive opinions about the necessity of inclusion but they generally have problems about inclusion in their classes, schools and they are not satisfied with this implementation. Teachers expressed that they have very little knowledge about inclusion, this knowledge is inadequate for them and not having adequate knowledge caused them to be incapable about inclusion in their classes and face problems. The majority of the teachers who expressed that inclusion have lots of benefits for students with disabilities, also mentioned that it is not appropriate to include visually and severe mentally handicapped in the preschool education institutions, other students with disabilities should be accepted in inclusion as long as they can learn. Besides, as a result of the research it is revealed that the teachers emphasized that inclusion implemented in our country has lots of shortages and they have suggestions about inclusion with expectations from various foundations and individuals.",,
176-536-751-785-717,"Ethnic Families, Their Children with Disabilities and Their Child Care Needs.",1996,"Action on Disability within Ethnic Communities (ADEC) was funded by the Department of Human Services and Health, Children's Services branch, to research the needs of families who are from a non-Eng...",,
176-795-736-389-675,"Determinants of Teachers’ Perceptions on Inclusion of Learners with Disabilities in Regular Primary Schools of Central and Anseba Regions, Eritrea",2019,"A Research Thesis Submitted in Fulfillment of the Requirements for the Award of a Master Degree of Education (Early Childhood and Special Needs Education) in the School of Education of Kenyatta University, October, 2019",,
177-486-463-724-85X,J. Lee Wiederholt 1942-2007,2007,,,
177-504-275-705-789,Developmental Disabilities,2016,,,
177-814-700-579-474,From exclusion to equity: Transforming behavior guidance in early childhood education,2025,"<jats:p>Exclusionary discipline practices in early childhood education disproportionately affect Black children and children with disabilities, raising urgent equity concerns. This brief summarizes key findings from Longstreth et al., who argue that behavior guidance policies must be reframed through a developmental, instructional, and equity-centered lens. Drawing on the Teaching and Guidance Policy Essentials Checklist (TAGPEC), the authors outline a roadmap for replacing punitive approaches with inclusive, evidence-based practices. This brief highlights the importance of early childhood education leadership, professional development, and data-informed reflection in creating supportive environments for all children.</jats:p>",,
178-039-810-218-76X,Disability inclusion for early childhood care and development: the twin-track approach.,2026,"Since 2015, the global health community, through the Sustainable Development Goals (SDGs), has committed to promoting equitable early childhood care and development that fosters inclusive education and lifelong learning for all children under the age of 5. Whereas several global policies on disability-inclusion recommend a twin-track approach to support people with disabilities, the application of this approach for children with disabilities in early childhood is unclear. In this article, we examine the concept of inclusion for children with disabilities in early childhood and how to address the inequalities they face through the globally recommended twin-track approach. We highlight key components of this approach for optimizing school readiness for children with varying severities of disability. We offer recommendations for addressing potential barriers to disability inclusion, based on evidence from multiple sources, and emphasize the need for a globally coordinated strategy to advance the global vision and commitments for children with disabilities.",,
178-217-527-150-324,Maternal health and child socio-emotional development: findings from the growing up in New Zealand study,2024,"<jats:title>Abstract</jats:title>;           <jats:p>We study the influence of maternal chronic illness and disability on the socio-emotional development of children across early to mid-childhood using the Growing Up in New Zealand study. Controlling for a host of relevant maternal, household and child characteristics, our results show a negative link between maternal chronic illness and disability and child socio-emotional outcomes at eight years of age. At earlier ages, the evidence of a relationship between maternal health and child socio-emotional outcomes is weaker. We also find that maternal parenting style and depression mediate the relationship between maternal chronic illness and disability and child socio-emotional outcomes. Specifically, parenting style mediates the relationship between maternal chronic illness and disability and child socio-emotional outcomes in early childhood, at age 2, but not at age 5, and for boys after commencement of formal education, at age 8. In contrast, maternal depression consistently mediates the relationship between maternal chronic illness and disability and child socio-emotional outcomes from early to mid-childhood, and for both boys and girls. Our findings stress the need to better understand both direct and indirect effects of maternal health on the formation of skills in childhood that influence future life chances.</jats:p>",,
178-262-095-524-718,Fundamentals of early childhood education,1996,"Chapter 1: You and Early Childhood Education Who is an Early Childhood Professional? The Five Goals of Professionalism Pathways to Professional Development New Roles for Early Childhood Professionals Activities for Professional Development Chapter 2: Early Childhood Education Today Issues Influencing the Practice of Early Childhood Education Politics and Early Childhood Education Federal and State Involvement in Early Childhood Programs New Directions in Early Childhood Education Activities for Professional Development Chapter 3: Histories and Theories The Importance of History of Early Childhood Education The Importance of Theories of Learning Famous People and Their Influence on Early Childhood Education From Luther to Today: Basic Beliefs Essential for High Quality Early Childhood Programs Learning Theories and Their Influence on Early Childhood Activities for Professional Development Chapter 4: Implementing Early Childhood Programs Growing Demand for Quality Early Childhood Programs Program Models Federal Programs for Young Children Early Childhood Programs and You Chapter 5: Standards and You What Are National and State Standards for What Students Will Learn and Do? Importance of National, State, and Local Standards How Are Standards Changing Teaching and Learning? What Are Issues Associated with National, State, and Local Standards? Activities for Professional Development Chapter 6: Observing and Assessing Young Children What is Assessment and Why is it an Important Professional Responsibility? Why is it Important for You to Know How to Assess Children and Families? Using Observation to Assess Types of Assessment Assessment in Context What Are the Issues in the Assessment of Young Children? Activities for Professional Developmen Chapter 7: Infants and Toddlers What Are Infants and Toddlers Like? How Do Infants and Toddlers Develop? Motor Development Cognitive Development Language Development Preparing Enriched Environments to Support Infant and Toddler Development Curricula for Infants and Toddlers Infant Mental Health Portraits of Children Activities for Professional Development Chapter 8: The Preschool Years What is Preschool? What Are Preschoolers Like? Ready to Learn: Ready for School Preschool and State Standards The Preschool Curriculum Play in Preschool Programs Successful Transitions to Kindergarten Portraits of Children Activities for Professional Development Chapter 9: Kindergarten Today The History of Kindergarten Education What Are Kindergarten Children Like? Who Attends Kindergarten? Environments for Kindergarteners Curriculum in the Kindergarten Chapter 10: The Early Elementary Grades: 1-3 Teaching in Grades One to Three What Are Children in Grades One to Three Like? Environments That Support Learning in the Primary Grades Curriculum in the Primary Grades Portraits of Children Activities for Professional Development Chapter 11: Educating Children with Diverse Backgrounds and Special Needs The Individuals with Disabilities Education Act (IDEA) Children with Disabilities Teaching English Language Learners (ELLS) Multicultural Education Activities for Professional Development Chapter 12: Guiding Children's Behavior Why Guide Children's Behavior? Guiding Behavior in a Community of Learners What is the Social Constructivist Approach to Guiding Behavior? Twelve Steps for Guiding Behavior Activities for Professional Development Chapter 13: Parents, Families, and the Community New Views of Parent/Family and Community Involvement Changing Parents and Families: Changing Involvement Types of Involvement Activities for Involvement The Challenge Activities for Professional Development",,
178-274-044-580-398,Children's Friendship Development: A Comparative Study.,2011,"Establishing friendships is an important developmental goal of early childhood, but little research has addressed ways in which parents support the friendship development of their young children with disabilities. The purpose of this survey study was to explore the support strategies that parents use to facilitate their children’s friendships. Forty mothers of preschoolage children completed surveys. Both groups of mothers (parents of children with and without disabilities) reported using similar strategies to support their children’s friendship development. However, mothers of children with disabilities engaged directly in the children’s play far more frequently than did mothers of typically developing children.",,
178-530-340-436-753,Young Children with Special Needs: An Introduction to Early Childhood Special Education,1999,"Part I Perspectives, policies, and practices of early childhood special education: Foundations of early childhood special education perspectives on early childhood special education family involvement. Part II Identifying and assessing young children with special needs: Initial assessment of young children with known or suspected disabilities assessment for program planning and evaluation. Part III Planning and organizing educational programs: Delivering services to young children with special needs curriculum for young children with special needs designing learning environments for young children with special needs teaching strategies for young children with special needs. Part IV A look to the future: Contemporary issues and challenges.",,
178-570-150-393-533,Exclusion and Marginalisation in Inclusive Settings: The Experiences of a Child with a Disability,2025,,,
179-036-955-976-476,Exploring Practical Changes in Play Education Support for Preschoolers with Disabilities Targeting Preschool Teachers Participating in Teachers’ Learning Communities,2021,,,
179-505-359-465-062,"Schoolyards as Inclusive Spaces: Teachers' Perspectives on Gender, Disability, and Equity in Greece",2025,"<jats:p>Schoolyards are increasingly recognized as critical spaces for inclusion, yet research on their role in addressing gender and disability remains limited. This study examines Greek teachers’ perceptions of schoolyard inclusivity, analyzing how views differ across teaching levels, professional experience, and institutional contexts. A quantitative survey design was employed, applying an intersectional framework seldom used in schoolyard research to capture both structural and cultural dimensions of exclusion. Teachers identified barriers such as uneven surfaces, limited adaptive equipment, and the absence of sensory-friendly areas, alongside cultural dynamics, particularly the dominance of competitive sports in central spaces, that marginalize girls and students with disabilities. Findings indicate that educators with longer service, advanced academic qualifications, and training in Special Education were more sensitive to issues of equity and accessibility, while secondary-level teachers were more critical than primary colleagues, reflecting adolescence as a period of intensified gendered exclusion. Situating these results within international debates on playground design, hidden curriculum, and Universal Design for Learning, the article concludes that inclusive schoolyards require not only physical redesign, but also cultural transformation, participatory co-design, and teacher-led practices aligned with global sustainability agendas.</jats:p>",,
179-897-238-948-215,Discourses/4. Brazil: Accessing the Rights of Children with Disabilities: Attitudes Towards and Challenges for SEND in Brazil,2019,"The 1988 Brazilian constitution and the 1996 National Education Guidelines and Framework Law (LDB) both state the right for all children to be educated inclusively, free from discrimination. Furthermore, Brazil is a signatory to the EFA 2015 and Millennium Goals, both prioritizing universal primary education. The 10-year EFA plan, the National Plan for Early Childhood (2010) and the National Education Plan (2014) put forward strategies to improve the quality of and increased participation in education for all Brazilians. However, until the UNCRPD (2007) there was little focus on the rights of children with disabilities. Yet as Richler (2005) and UNESCO (2015) point out, disability intersects with all other marginalised groups. Universal primary education will not be achieved if children with disabilities are ignored. Brazil has an improving record on supporting access to education for children with physical disabilities (UNESCO 2007), less so children with cognitive impairments labelled ‘academic failure’ (fracasso escolar). This chapter examines to what extent the epidemic of Zika induced microcephaly in newborns, combined with hosting the 2016 Paralympic Games influences social and cultural attitudes towards disability and a fully inclusive, rather than merely ‘integrative’, education system as represented in ECEC and primary-school policy initiatives.",,
180-258-893-328-340,Demonstration Programs; *Disabilities; *Early Childhood Education; *Early Intervention; Educational Innovation; Educational Legislation; Federal Aid; Federal Programs; *Grants; Infants; Inservice Teacher Education; Outreach Programs; Program Descriptions; Pupil Personnel Services; Research and Development; *Special Education; Staff Development; *Teacher Education; Technical Assistance;,1997,,,
180-536-979-432-082,Study of the Support System for Young Children with Disabilities in Centers for Early Childhood Education and Care,2014,,,
181-395-227-325-460,Intentional Leadership for Effective Inclusion in Early Childhood Education and Care,2018,"Intentional leadership can unite, motivate and empower all educators to work towards the common goal of creating a truly inclusive culture in which all children, with or without disabilities, are supported and enabled to fully participate in every aspect of daily life and learning. This book recognises diverse manifestations of special educational needs, from communication difficulties and delays in learning, to social&nbsp;and physical disabilities, and considers the ways in which these needs might be embraced within inclusive mainstream settings. Key to this is robust and purposeful leadership&nbsp;that removes barriers to learning, changes existing attitudes and values, motivates staff and foregrounds holistic learning opportunities and experiences. Chapters draw on theoretical models, reflect on international and national policies, and consider topics including: the image of the child physical, aesthetic and temporal aspects of the learning environment relational pedagogy long-, medium- and short-term planning the role of assessment collaborative working with parents, families and other professionals. In-depth descriptions of behaviours and leadership strategies, practice scenarios and activities support the reader’s understanding. Intentional Leadership for Effective Inclusion in Early Childhood Education and Care is a comprehensive guide for students, teachers and practitioners involved in Early Childhood Education and Care, Social Care and Early Intervention programmes.",,
181-839-555-206-334,Early childhood education and child with disability: challenges and opportunities,2013,"Infancy and Early Childhood Education are important issues arousing discussions and different approaches to children who have disabilities. The approaches range from biologicist issues, psychological assistance to approaches relating to the education of 0-6 year-old children. This study reflects on the permanence and schooling of a student with disabilities enrolled in a regular kindergarten school. The method used was a collaborative learning network based on everyday situations at school, and the results point to the importance of Early Childhood Education in the life of this child, showing there are opportunities to promote both access to the permanence of this schoolchild in the space of regular kindergarten. In order for this schoolchild to be accepted, objectives need to be well defined and concrete, which requires the availability of and coordination between all the professionals involved.",,
182-447-349-235-664,Leadership in Implementing Inclusive Education Policy in Early Childhood Education and Care Playrooms in South Africa,2021,"<jats:p>Leadership plays a central role in improving and sustaining quality in Early Childhood Development (ECD) settings in the South African context. This article explored the leadership of the Inclusive Education Policy (IEP) and the challenges experienced by ECD centre managers and teachers. Children with disabilities are most vulnerable, marginalised, and denied access to early education, especially in rural communities. Grounded in Bronfenbrenner’s ecosystems theory, the study adopted a qualitative approach. The participants included three centre managers and three teachers from Early Childhood Development centres in the Eastern Cape, South Africa. The findings revealed that most participants had minimal knowledge and understanding of the policy and its implementation. There was also a lack of leadership from the policymakers to ensure that the IEP was monitored, supported, and implemented. Our recommendations are that all ECD practitioners receive appropriate training and development on the policy, ongoing support and guidance in implementing the policy, and proper resources for their centres and playrooms (financial, physical, and human resources).</jats:p>",early childhood care and education; inclusive education policy; teachers; centre managers; leadership; ECD centres/playrooms,
182-573-006-148-312,The Experiences and Perceptions Regarding the Implementation of Disability Awareness Program of Early Childhood Special Education Teachers in Inclusive Preschools,2025,"본 연구는 통합유치원의 유아특수교사가 장애이해교육을 실행할 때의 경험과 인식, 지원 요구를 알아보고자 실시하였다. 이를 위해 통합유치원에서 근무하는 유아특수교사 12명을 대상으로 포커스 그룹 면담을 실시하여, 그 내용을 분석한 결과, (1) 장애이해교육실행을 위한 교사의 노력, (2) 장애이해교육의 성과, (3) 장애이해교육 실행에 대한 고민과 어려움, (4) 성공적인 장애이해교육 실행을 위한 과제 및 지원이라는 4개의 대주제와 12개의 하위 주제가 도출되었다. 연구결과를 기반으로 통합유치원에서 실행하는 장애이해교육에 주는 시사점과 향후 통합유치원에 적합한 장애이해교육 실행 시 지원 방안을 논의하였다.",,
182-824-621-330-574,Introduction to Early Childhood Education,1992,"INTRODUCTION TO EARLY CHILDHOOD EDUCATION, 7th Edition, provides a comprehensive overview of early childhood education that is solidly based on current research and theories. Grounded in constructivist theory but also covering other perspectives, the book focuses on developmentally appropriate practices for infants and toddlers, preschoolers, early elementary schoolchildren, and children with disabilities. The majority of the text examines curriculum and the fostering of creativity as well as physical, cognitive, language, and social development--every facet of early childhood education is examined and explained This edition has been extensively revised and includes standards (both DAP and NAEYC) and accountability in the field of early childhood education, an expanded emphasis on working with children from diverse backgrounds, the latest brain-based research, and discussions of the role of families and forms of parent communication. With a strong emphasis on defining the components of high-quality early childhood programs, along with completely updated references, examples from practitioners, and new video offerings, this book is the most comprehensive resource available.",,
182-824-658-288-461,Video modeling and praise in early childhood classrooms: Enhancing social learning and academic behaviors,2025,"The integration of video modeling and systematic praise strategies in early childhood education has emerged as a powerful pedagogical approach for enhancing both social learning and academic behaviors among young learners. This comprehensive review examines the theoretical foundations, empirical evidence, and practical applications of these evidence-based interventions within the United States educational context. Drawing from social learning theory and behavioral principles, this article synthesizes current research demonstrating the effectiveness of video modeling combined with strategic praise delivery in promoting prosocial behaviors, academic engagement, and skill acquisition in children ages 3-8 years. Analysis of 45 peer-reviewed studies conducted between 2020-2025 reveals significant positive outcomes across diverse populations, including typically developing children and those with developmental disabilities. Implementation considerations, technological requirements, and future research directions are discussed to inform best practices for educators and administrators seeking to optimize learning environments through these innovative approaches.",,
182-904-280-361-072,The initiation of early childhood inclusion in China: a case study from Beijing,2011,"The national policies of the Chinese government regarding preschool inclusion are emerging to promote the well-being of all children, particularly children with disabilities in natural environments...",,
183-437-623-004-023,An investigation of a strength-based model as an approach to helping children cope with a learning disability,2021,"<jats:p>Interventions used in helping children with learning disabilities (LD) should consider the impact on the whole child and not only on his/her academic success. This approach may foster the development of unique strengths in the child, unlike those approaches that focus only on the areas of difficulty that the child is experiencing. An approach of this nature focuses on competence generally and differs greatly from traditional approaches, which ignore the importance of non-academic skills in children. The following study investigated the experiences of children with LD and their parents who are enrolled in a strength-based program. Interviews on their perceptions about the program and evaluation of the literature indicated that a strength-based program is effective in helping children cope with LD. The major themes evoked from interviews included recognition of strengths, dependence versus independence in the public school, and life experience with an LD.</jats:p>",,
183-853-413-044-492,Experiences and Meanings on Co-Teaching by Early Childhood Teachers and Early Childhood Special Education Teachers,2017,,,
183-916-735-803-629,What  Is Inclusion And How Is It Influenced By Administration: Narratives From 3 Early Childhood Educators,2021,"<jats:p>Through this study, I aimed to explore ECEs perceptions of inclusion and their perspectives on how their understandings and practice are influenced by the administration at their work setting. I used theories from Disability Studies to shape my study and analyze my findings. I sampled 3 participants, 2 of whom were previous ECEs and 1 who was currently an ECE. I held 3 individual interviews where I used an interview guide to ask ECEs about their stories around the research questions. Then, using thematic coding and inductive reasoning, I arrived with 3 themes; definitions of disability, perceptions of inclusion, and understandings and opinions towards administration. I discussed the findings while arguing that ECEs definitions of disability influence their perceptions of inclusion. Which then leads them to seek specific supports from administration. I used these discussions to humbly suggest some implications for ECEs.</jats:p>",,
184-134-091-734-743,Inclusive Education Practices in Early Years for Young Ghanaian Children With Disabilities,2025,"<jats:p>This paper explores inclusive education practices for infants and young children with disabilities in Ghana, within the context of national policies and global frameworks such as the UN Convention on the Rights of Persons with Disabilities and the Sustainable Development Goals. Despite legal and policy advancements such as Persons with Disability Act (2006) and Inclusive Education Policy (2015), Ghana still faces persistent challenges in achieving inclusive early childhood education. These include cultural stigmas, inadequate infrastructure, limited professional capacity, and fragmented implementation efforts. The study traces the historical, cultural, and political evolution of early childhood special education, analyzes current programs and practices, and highlights research and monitoring gaps. Drawing on both policy and empirical literature, the paper identifies systemic inequities and proposes strategies to address barriers to inclusion. Key recommendations include strengthening cross-sectoral collaboration, expanding teacher preparation and support, increasing resource investment, enhancing research and evaluation capacity, and fostering community engagement. The paper contributes to the global discourse on inclusive early childhood education from a non-WEIRD (Western, Educated, Industrialized, Rich, Democratic) perspective and offers actionable insights for policymakers, practitioners, and researchers working to advance educational equity in Ghana.</jats:p>",,
184-254-206-248-128,Metaphor Analysis on the Play of Young Children with Disabilities for Early Childhood Teachers,2021,"The purpose of this research is to explore early childhood teachers’ perception on the play of young children with disabilities through metaphor analysis. For the purpose, 202 teachers who are working in the day care center or kindergarten in the city of Busan were the participants for this study, describing the reason and presenting the metaphor about the perception on the play of young children with disabilities. The results of this study are as follows. First, a total of 192 teachers’ metaphors on the play of young children were drawn as 157 metaphors in the categories of 10 themes. The characteristics of play were classified as everyday life, pleasure, pureness, diversity, difficulty, and individual support. And the function of play was classified as growth, learning, communication, and self expression. Second, in the characteristics of play, the theme with high frequency was the individual support(20 teachers, 10.4%), showing that the play of young children with disabilities perceived by early childhood teachers needs the attention, observation, and care with individual approach. In the function of play,the theme with high frequency was the growth(42 teachers, 21.9%), meaning that a total of 33 metaphors shows a play as an important factor affecting on the development and growth on the play of young children with disabilities. Based on the results, the discussion and implication were suggested in terms of providing the related services and the institutional services for supporting early childhood teachers working the inclusive setting for young children with disabilities and their peers.",,
184-310-237-207-648,Experiences of Early Childhood Special Education Teachers in Inclusive Classroom: A Phenomenological Study,2025,"The inclusion of children with disabilities in preschool classrooms is increasing, supported by the Individuals with Disabilities Education Act (IDEA) and Head Start, which promote educating students with disabilities alongside their peers. Well-trained early childhood special education (ECSE) teachers are critical to the success of these inclusive programs. This study addresses a gap in the literature by exploring the experiences of ECSE lead teachers in inclusive preschool classroom settings. Using a phenomenological research design, qualitative interviews were conducted with 15 ECSE lead teachers. Four major themes emerged: (a) ECSE lead teachers' perspective on inclusion; (b) ECSE lead teachers’ emotional, instrumental, informational, and appraisal support; (c) ECSE lead teachers’ resilience in inclusive settings; and (d) ECSE lead teachers’ suggestions for pre-service and in-service teachers. Findings and implications are discussed to inform future research, policy, and practice.",,
184-428-966-931-189,The Development and Pilot Test of an Orff Music Activity-Based Program for Preschoolers with Developmental Disabilities,2006,,,
185-520-996-560-364,Re‐Imagining Inclusion Through the Lens of Disabled Childhoods,2022,"<jats:p>The purpose of this article is to contribute new insights to critical disability and disabled children’s childhood studies that center on the valuing of disabled children’s lives—a guiding purpose in the disability justice movement. We use published findings from the Inclusive Early Childhood Service System project, a longitudinal, institutional ethnography of the ways that families and children are organized around categories of disability, which show social inclusions and exclusions before and during the pandemic. These findings illuminate: (a) institutional flexibility for the purpose of social inclusion and isolation during the pandemic as a result of institutional organization; (b) the impact of institutional decisions around closures, remote programs, and support on families’ choices and self‐determination; and (3) the ways safety is differently applied and rationalized for disabled children allowing institutions to exclude disabled children and families. We use critical disability studies and disabled children’s childhood studies to interpret these findings and position the valuing of disabled children’s lives with a call for disability justice actions.</jats:p>",,
186-040-676-543-403,"'This may not be represented in the curriculum documents', an analysis of early childhood education curriculum from Ontario college programs.",2023,"<jats:p>This study examines the way in which Early Childhood Educators trained in Ontario college programs are prepared to work with queer populations upon entering the field. This study used post-structuralist, queer feminist, and critical disability theoretical frameworks while analysing the data. A content analysis, informed by critical discourse analysis, was used to assess program documents. Course descriptions from ECE program websites were collected, as well as a total of 33 course outlines from 11 different Ontario college ECE programs, and 9 textbooks identified through the course outlines. Queer content was found to be absent from all but 5 course outlines and 4 textbooks. The need to have queer issues included formally in Ontario ECE curriculum, the othering of queer populations, and the erasure of queer identities are discussed.; Key</jats:p>",,
186-199-066-118-957,A Follow-Up Study of the Subsequent Educational Placement and Categorical Classification of Preschool Early Childhood Special Education Students in Selected Rural and Urban Settings,1996,"Proponents of special education early childhood interventions programs have promoted the assumptions that these programs: (a) will have a positive effect on the long-term outcomes of preschool children with disabilities; (b) will result in some children no longer requiring special education services throughout their elementary school years; and (c) will facilitate the need for fewer services for those students who do remain in special education programs throughout their education. The purpose of this follow-up study is to identify and describe the placement decisions and the changes of exceptionality classification for children identified as special education early childhood students over the course of six follow-up years. This study (a) identifies 108 children from rural and urban school settings who were enrolled in Early Childhood Special Education (ECSE) programs in 1990-91, (b) documents their categorical label and educational placement six years later, and (c) then determines the differences in the number of hours rural and urban students receive special education and/or related services in 1996-97.",,
187-479-092-619-846,"Early Childhood Education for Students With Developmental
						Disabilities",2018,,,
187-830-741-339-285,"Stuttering, advocacy, and resilience in early childhood",2025,"<jats:p>This study examines stuttering, ableism, and maternal advocacy in early childhood using DisCrit Mothering, autoethnography, and critical storytelling. Focusing on the lived experiences of a mother and child who both stutter, it explores how familial advocacy disrupts deficit-based narratives and builds resilience. The findings emphasize the power of DisCrit Mothering to challenge exclusionary educational practices and reframe stuttering as a valid form of communication. The study calls on early childhood educators to adopt anti-ableist pedagogies, collaborate with families, and affirm communicative diversity. Implications highlight the importance of integrating family narratives into disability studies and expanding intersectional approaches in early childhood education. This work advances disability justice by framing resilience as a transformative act of resistance.</jats:p>",,
188-808-892-724-004,The effects of the Quality Book Reading (NIKO) early intervention program on Turkish mothers of children with Down syndrome and their children,2024,,,
188-961-841-768-817,Playground Design and Activities to Foster Inclusion of Children with Developmental Disabilities,2026,,,
189-081-303-926-102,Inclusion of Early Childhood Students with Disabilities: Attitudes of Teachers in Lebanese Private Schools (Interpretive Phenomenological Analysis),2022,"<jats:p>This study is particularly concerned with Lebanese general education early childhood teachers serving in the private sector, and its aim was focused on exploring their experience-based (a) attitudes (cognitive, affective, and behavioral components) towards including early year’s children with disabilities in general education classrooms and (b) views regarding the kind of academic and professional support they need for advancing their instructional inclusive practices. Additionally, the study adopted the qualitative methodology of Interpretative Phenomenological Analysis (IPA), which purposefully sought a profound examination and interpretation of teachers’ ways of making meaning of their experiences associated with inclusive education. In-depth semi-structured individual interviews was the primary data collection method used, but a Teacher Profile Questionnaire was also employed as a supportive data collection instrument. The study sample consisted of 4 in-service early childhood teachers recruited – based on well defined criteria –from inclusive private schools in Beirut. The research problem of this study originates from the dearth of studies on the topic of inclusive education in Lebanon where children with disabilities are concerned; this problem has been deemed particularly significant for two main reasons. Firstly, it is expected to contribute to culture-specific body of knowledge pertaining to the conditions and challenges (conceptual, affective, and practical) associated with inclusive instructional practices and learning environments. Secondly, exploring teachers’ inclusion-related professional experiences and understanding the attitudes originating from those experiences are needed to generate significant implications pertaining to relevant early childhood curricular frameworks as well as teacher pre-service formal academic programs and in-service professional development/support systems. The results revealed many similarities between the attitudes of the teachers towards including students with disabilities in early years inclusive classrooms. Moreover, the analysis of the teachers’ views indicated similar factors affecting their conceptualization of disability and inclusive education, as well as very similar views regarding the support needed for pre-service and in-service teachers to successfully implement inclusive education. Few different ideas emerged regarding the behavioral attitudinal component that teachers implement to emphasize inclusive education in their classrooms. However, the ideas generally complement each other. The overall analysis of the teachers’ attitudes and input revealed that the teachers have a positive attitude towards disabilities and inclusive education. However, teachers showed to have mixed emotions regarding leading such classrooms. Causes and origins of such emotions relate to every teacher’s personal, academic, and professional background. However, they do all share common causes of such emotions. Moreover, the teachers’ lack of pedagogical content knowledge and expertise was evident. In some areas, they were not able to provide thorough elaborations such as inclusive management approaches and strategies. Based upon the gathered data and literature recommendations, implications for teacher preparation programs and school-based support are suggested.</jats:p>",,
189-690-940-327-747,Explaining disparities in absenteeism between kindergarteners with and without disabilities: A decomposition approach,2024,"The disparity in absenteeism between kindergarteners with and without disabilities is a persistent phenomenon across schools in the United States and reflects ongoing systemic inequities that disadvantage young children with disabilities. Yet, evidence of factors underlying this disparity remains less well understood, limiting the ability for schools to transform how they support students with disabilities in ways that could help narrow the disparity. In our study, we investigate how a set of factors, grounded in a socioecological framework of absenteeism, correlates with chronic absenteeism in kindergarteners with and without disabilities. Importantly, we examine the extent to which distributional differences in these factors between children with and without disabilities explain the attendance disparity. Our study draws upon a nationally representative sample of N = 13,860 kindergarteners (52 % male, 48 % female, Mage = 5.5 years, n = 1240 with disabilities) from the Early Childhood Longitudinal Survey Kindergarten Class of 2010–11. We analyze our data using multiple logistic regression to identify significant factors that correlate with chronic absenteeism and leverage the Kitagawa-Blinder-Oaxaca decomposition method to describe how distributional differences in those factors contribute to absenteeism disparities. Results show that internalizing behaviors in students with disabilities and their parents’ health are significantly associated with chronic absenteeism as well as help explain the disparity (12 % and 3 % of the disparity, respectively). Importantly, since differences in internalizing behaviors can be generated, in part, by school practices and policies that treat early elementary students with disabilities inequitably, our work suggests that reducing gaps in early absenteeism may require schools to reduce exposure to experiences that can lead to internalizing problem behaviors in young children with disabilities.",,
189-717-762-706-660,A Comparative Study on Job Satisfaction of Early Childhood Special Education Teachers and Early Childhood Education Teachers,2009,,,
189-848-495-247-77X,Disability and Inclusion in Early Childhood Settings: Challenges and Opportunities in Nigeria,2025,"<jats:p>Inclusive early childhood education (ECE) is fundamental to ensuring equitable developmental opportunities for all children, particularly those with disabilities. This study investigates the challenges and opportunities associated with the inclusion of children with disabilities in Nigerian ECE settings. Motivated by direct field observations and stakeholder concerns, the research employed a descriptive survey design involving 300 respondents—educators, administrators, and parents—from selected schools across South-East Nigeria. The study draws on the Social Model of Disability and Bronfenbrenner’s Ecological Systems Theory to explore the interplay of cultural, institutional, and pedagogical variables influencing inclusive practices. Data analysis using descriptive and inferential statistics revealed significant relationships between teacher training, cultural beliefs, infrastructural accessibility, and inclusive outcomes. Parental awareness also emerged as a strong predictor of inclusive practices. The study highlights the gap between policy and practice and provides contextually relevant recommendations for improving inclusion in Nigeria’s early childhood education landscape.</jats:p>",,
190-373-334-593-240,The Enlightenment of the Quality Assessment of Kindergartens' Learning Environments on Inclusive Education,2010,"The Early Childhood Environment Rating Scale-Revised (ECERS-R),a widely used instrument in assessing the quality of early childhood education worldwide,can be additionally used to assess the needs of children with disabilities. ECERS-R mainly assesses the following areas of learning environments:space and furnishing,personal care routines,language reasoning,activities,interactions,the program structure,the parents and the teachers. In this study,the author observed 40 classrooms from 7 inclusive kindergartens in Beijing over 2 months. According to the study,kindergartens could better practice disabled children's learning program in regular classes by means of improving the quality of the learning environment. The results show that the inclusive kindergartens in Beijing need to make progress in the following areas:classroom arrangement/layout,teaching materials,games,free time,and the services and strategies for children with disabilities.",,
190-759-335-681-105,"Early Childhood Intervention in Turkey: Current situation, challenges and suggestions",2014,"The regular early childhood education in Turkey has a history of more than 100 years. However, early childhood intervention services for young children with special needs (vulnerabilities) and their families are getting more attention in recent years. This article aims to briefly overview current early childhood intervention (ECI) services in Turkey. The article at first summarizes regular early childhood education in Turkey. Then, profile of disability groups, ECI legal arrangements and practices, and ECI profession are being addressed and discussed. Finally, suggestions for ECI in Turkey are being made.",,
190-775-283-885-607,Employing assistive technologies in teaching children with disabilities in early childhood settings: teachers’ perceptions,2020,This study aimed at investigating the teachers’ perceptions in Qatar regarding employing assistive technologies in teaching children with disabilities in early intervention programmes. A descriptiv...,,
190-808-515-824-79X,Examining preparation of general education teachers for working with children with disabilities,2021,"<jats:p>This qualitative study explored how well prepared first year teachers feel in teaching children with disabilities in the regular classroom. Six elementary school teachers, recent graduates from Faculties of Education in Ontario were interviewed. Findings indicate that the teachers in this study do not feel that their pre-service education program prepared them for the reality of teaching students with disabilities in the regular classroom, and that they will need to look to their School Board for further training. In addition, many feel that they lack the knowledge necessary to design and implement an IEP. The importance of further preparation for first year teachers to work with students with IEPs is discussed and explored.</jats:p>",Teacher Candidates; Individual Education Plans (IEPs); Pre-service Education Programs; Inclusive Education,
191-134-309-499-71X,Hammill Institute on Disabilities,2007,,,
191-234-219-814-710,"Early Childhood Intervention in Turkey: Current situation, challenges and suggestions",2014,,Early intervention; policy; practice; Turkey; children,
192-034-406-969-136,"Política de inclusão na educação infantil: avanços, limites e desafios",2019,"This text focuses on the inclusion policy of children with disabilities in Early Childhood Education, from the Brazilian Federal Constitution of 1988. In this sense, it presents the legislative trajectory of this education stage, indicators of enrollments and results of researches on the theme. It is a documentary and bibliographical study that intends to indicate advances, limits and challenges that are imposed in the construction and implementation of the inclusion proposal of children with disabilities in daycares and pre-schools. Finally, it concludes that inclusion in  Early Childhood Education  is an inalienable social right, emphasizing the need for collaborative practices so that the Specialized Educational Assistance in this stage of education is not limited to the instrumentalization of Special Education, which is only available in terms of accessibility and adaptations of resources and teaching materials.",Educational Policy; Special Education; Early Childhood Education,
192-603-643-600-970,Keyword Network Analysis through Big Data on Well-being of Young Children with Disabilities,2024,<jats:p/>,,
192-708-010-105-604,"Effects of Emotional Needs on Participation of Children Aged 4-6 with Learning Disabilities in Early Childhood Centers in Starehe Division, Nairobi County, Kenya.",2015,"During early childhood, the foundations for emotional, social and spiritual well being of children with learningdisabilities (CWLD) are laid. The CWLD emotional well being is influenced by all the experiences they go through.It is essential to provide warm, trusting relationships, predictable and safe environment, affirmation and respect forall aspects of children’s emotional, physical, social, cognitive and linguistic well being of CWLD. There is need toactively seek to remove the barriers to learning and participation, meet emotional needs in a positive and pro-activeway and engender a sense of community in an inclusive Early Childhood Education (ECE) environment. The studyassesses the effects of emotional needs on participation of (CWLD) in (ECE) centers in Starehe division in NairobiCounty. In its methodology the study uses structured interview and observation as the principle data collectioninstruments. Likewise, it employed a descriptive research design to gather data. The target population was 5 headteachers, 35 teachers, 20 children aged 4-6 with learning disabilities and 20 parents of children with learningdisabilities. Purposive sampling and simple random sampling were used for this study. Analysis was obtainedthrough editing, coding, classifying and tabulation processes. It was established that emotional needs of (self concept,social competence and respect) which teachers effectively engaged yielded encouraging results in an inclusive ECElearning environment. However, the findings draw attention to inadequacies in the current ECE system of identifyingemotional needs for CWLD.",early childhood education; emotional needs; inclusive learning environment; learning disability; participation,
192-778-720-000-19X,Adaptation and validation of an instrument for the evaluation of attitudes towards disability in early childhood education,2023,"The aim of this article was to adapt and validate a specific instrument to measure the attitudes of Early Childhood Education&#13;\nstudents towards different disabilities, assessing the three components of attitudes. Firstly, a direct translation of the desired&#13;\ninstruments was carried out and, after the modifications suggested by the experts, a total of 162 participants were tested and, using these data, the validity and reliability of the instrument was calculated. The results have indicated that we have a tool with sufficient validity and reliability to be able to analyse the attitudes towards disability of Early Childhood Education students.",,
192-807-811-778-538,"Inclusion in Early Childhood: Difference, Disability, and Social Justice",2020,"<p>Inclusive education as a model of service delivery arose out of disability activism and critiques of special education. To understand inclusive education in early childhood, however, one must also engage with broader questions of difference, diversity, and social justice as they intersect with childhood studies. To that end, this article contains references that include other critical discourses on childhood and inclusivity as well as critiques of inclusive education. Inclusive education has a much deeper body of research in formal school settings than in the early years. School-based research, however, often examines social relationships and academic achievement as outcome measures. This research has established that education situated in a child’s community and home school is generally more effective than special education settings, particularly when classroom educators have access to appropriate training, resources, policies, and leadership. Schools, of course, are part of the education landscape of the early years, but they are not inclusive of the full spectrum or early years settings. The early years literature on inclusion is different in focusing more attention on development, family, and community (as described in the General Overview of Early Childhood Inclusion). A critique of early childhood education research has focused on school readiness and rehabilitation and the efficacy of early identification and early intervention. This research is largely informed by Western medical research, but this approach has led global institutions to set out priorities for early intervention without recognizing how our worldview shapes our understanding of childhood and difference. The dominant research domain, however, has also identified that family and community contexts are important. This recognition creates a fundamental difference between inclusion research in school settings and such research in early childhood education and care. Early childhood education and care has always focused on the child and their family as the recipients of services, while educational interest in the family has been viewed as a setting in which the conditions for learning are established. Support for families is at the center of early childhood inclusive practice, both because families are largely responsible for seeking out early childhood disability services and because families are critical in children’s identity. Inclusion in schools and early childhood education and care can both be understood through theories of disability, ability, and capability. In both settings, education and care have social justice aims linked not only to developmental and academic outcomes for individual children, but also to the ways that these programs reproduce inequality. Disability as a social phenomenon has its historical roots in racist and colonial practices, understood through critical race theory, that are evident today in both early childhood and school settings. Understanding the links between disableism and other forms of discrimination and oppression is critical both for teaching for social justice broadly and for better understanding of how ability, capability, and critical disability theory and childhood studies are established through practices that begin in the early years.</p>",,
192-961-334-790-547,Contemporary Psychoanalytic Approaches to Early Childhood Education,2025,"<p>;             <italic>Contemporary Psychoanalytic Approaches to Early Childhood Education</italic> edited by Alex Collopy offers critical analyses of psychoanalytic theory to provide a deeper understanding of the construction and education of young children from infancy to age eight, focusing on the experiences of children with identified disabilities, social, emotional, gender, linguistic, racial, and socioeconomic differences. It also provides portraits of early childhood practice and early childhood teacher trainings to demonstrate the potential of psychoanalysis as both a lens for understanding the dynamic nature of being, development and learning, and as a creative, multimodal method for facilitating new relationships between the inner and relational worlds of children and adults. Written by and for scholars and professional educators in curriculum and instruction, school psychology, infant mental health, social work, and allied professions, this book provides insight into the histories, present, and potential futures of psychoanalysis within and across education spaces as an act of advocacy for young children.</p>",,
193-120-395-905-045,Emotional Disabilities and Assessment,2016,,,
193-602-726-639-75X,Exploring Cooperative Teaching in a Daycare Inclusion Classroom,2025,"<jats:p>This study analyzed the effects of cooperation between childcare teachers and early childhood teachers on inclusion education and early childhood development in 4-year-old inclusion classes in daycare centers. Through regular meetings and in-depth interviews, which took place from March to December 2023, methods of cooperation, role adjustments, curriculum operation, and individual support plans were explored. During this study, it was shown that cooperation between childcare teachers and early childhood teachers with disabilities plays an important role in promoting early childhood development and for effectively supporting social adaptation and interaction, which is the goal of inclusion education. It was also confirmed that the convergence of the play-oriented curriculum operation and individualized education plans were effective in the natural participation and goal achievement of children with disabilities. In the process of cooperation, the mutual feedback system and flexibility in sharing roles contributed to overcome difficulties caused by differences in educational perspectives. It has been shown that the practical flexibility of operating a play-oriented curriculum can have a positive effect on both disabled and general infants. This study emphasized the importance of teacher cooperation to improve the quality of operations of the disability integration group and suggested concrete measures to achieve this.</jats:p>",,
194-055-019-076-261,Preparation experiences of pre-service inclusive preschool teachers: a qualitative metasynthesis,2021,The early childhood workforce needs to be prepared to support children with disabilities within the inclusive preschool classroom. Early childhood personnel standards and requirements include compe...,,
194-229-727-461-846,A Study on Behavioral Interventions for Food Selectivity in Young Children with Disabilities: A Review of the Literature*,2017,,,
194-672-726-819-128,Working and disability expectancies at old ages: the role of childhood circumstances and education,2020,"The ability to work at older ages depends on health and education. Both accumulate starting very early in life. We assess how childhood disadvantages combine with education to affect working and health trajectories. Applying multistate period life tables to data from the Health and Retirement Study (HRS) for the period 2008-2014, we estimate how the residual life expectancy at age 50 is distributed in number of years of work and disability, by number of childhood disadvantages, gender, and race/ethnicity. Our findings indicate that number of childhood disadvantages is negatively associated with work and positively with disability, irrespective of gender and race/ethnicity. Childhood disadvantages intersect with low education resulting in shorter lives, and redistributing life years from work to disability. Among the highly educated, health and work differences between groups of childhood disadvantage are small. Combining multistate models and inverse probability weighting, we show that the return of high education is greater among the most disadvantaged.",,
194-792-071-258-396,"Early Childhood Education: A Practical Guide to Evidence-Based, Multi-Tiered Service Delivery",2013,"1. An Introduction to Evidence-Based Early Childhood Education Practice within a Multi-Tiered Service Delivery Model 2. The Law, Ethical Standards, and Guidelines for MTSS in Early Childhood Education 3. Universal Screening of Early Academic Skills 4. Academic Interventions and Progress-Monitoring: Tiers 1, 2, & 3 5. Screening of Social-Emotional and Behavioral Functioning 6. Social- Emotional and Behavior Interventions and Progress-Monitoring: Tiers I, II, & III 7.Developmental Disability Identification and Considerations for Inclusion 8.Family Engagement in Early Childhood Education 9.Summary and Future Directions for Early Childhood MTSS",,
195-118-253-479-546,Inclusion of young children with autism spectrum disorder during the COVID-19 lockdowns,2023,"<jats:p>Children with autism spectrum disorder face numerous challenges throughout their childhood and beyond. These challenges include demonstrating behavioural and emotional immaturity, and a lack of grasping intuitively unspoken rules and norms, to mention but a few. Deviating from the norm heightens these challenges. One of the sudden changes brought about by the national lockdown was the extended closure of early childhood development centres. There is a dearth of studies that explored the perceptions of early childhood care and education educators’ knowledge of the inclusion of children with autism spectrum disorder. As a result, I employed case study methodology to explore these educators’ perceptions of the inclusion of young children with autism spectrum disorder in regular education, as well as how these perceptions influenced the inclusion of these children in regular education during the lockdowns of the coronavirus disease (COVID-19) period. Three early childhood care and education educators from a semi-urban early childhood development centre were purposively sampled. Using the 4 key principles of special education needs and disabilities, I concluded that early childhood care and education educators lacked knowledge of teaching and accommodating young children with autism spectrum disorder in everyday education during the COVID-19 lockdowns. The study calls for a stern consideration of these educators’ knowledge development and reimagination of their understanding of children with autism spectrum disorder during trying times and beyond.</jats:p>",,
195-457-448-775-421,Changes in the Empirical Representation of Pre-service Early Childhood Teachers on Disabilities and Inclusive Education: with priority given to early childhood education students taking courses related to special education,2017,,,
195-732-148-807-376,Current Status of Management of Family Support Programs and Perception of Early Childhood Special Education Teachers for Families of Young Children with Disabilities,2015,,,
196-248-513-656-29X,The Experiences and Needs of Early Childhood Special Education Teachers on the Management of Hospital Dispatch Classes for Young Children with Severe and Multiple Disabilities,2022,"<jats:p>The purpose of this study is to investigate the experiences and needs of early childhood special education teachers who have managed hospital dispatch classes for children with severe and multiple disabilities. For this purpose, individual interviews were conducted with 5 early childhood special education teachers who had experience working in a hospital dispatch class in city D. Data collected through individual interviews were analyzed into 3 themes, 7 subcategories, 20 semantic units through qualitative content analysis. The main findings were as follows. First, the participants felt confused when they encountered the unique form of a hospital dispatch class, but they communicated with each other and overcame difficulties, and were operating the class taking advantage of the characteristics of each hospital. Second, the participants felt difficulties in teaching children with severe and multiple disability, in terms of the characteristics of students, managing various curriculum due to students of a wide age range, communication with parents, and emotional aspects such as alienation and loneliness. Third, the participants needed professional manpower supply, guidance and training related to children with severe and multiple disabilities. Based on these results, it was discussed how to support early childhood special education teachers who run hospital-dispatched classes for children with severe and multiple disabilities.</jats:p>",,
196-475-929-848-359,Interaction between Characters with Disabilities Characters without Disabilities Displayed in Korean Created Picture Books,2009,,,
196-533-203-013-830,Pre-service Teachers' Perception of Inclusive Education for Young Children with Disabilities according to the Degree of Completion of Subjects related to Young Children with Disabilities,2022,"<jats:p>This study was conducted with the aim of providing basic information on the composition of the curriculum for nurturing early childhood teachers for the implementation of inclusive education for young children with disabilities. The subjects of the study were 192 students in the department of three-year early childhood education at A University. The research tool used in previous study was modified and supplemented a 5-point scale questionnaire of 32 questions. In order to find out the differences in perception according to the degree of completion of related subjects, mean, standard deviation, one way ANOVA, and Scheffe post-hoc test were computed. As a result of the study, first, among the effects of inclusive education, pre-service teachers recognized that the effect on young children with disabilities would be the most positive, and that the positive effect on young children without disabilities would be the least. Second, there was a difference in perception between groups according to the degree of completion of related subjects. Third, there was a partial difference between the group that did not complete the disability-related subject and the group that completed one and the group that completed two. Based on the above results, the necessity of additional courses related to education for young children with disabilities in the early childhood teacher training program was discussed.</jats:p>",,
196-775-802-289-355,Effects of Stair-Climbing Exercise on Health-Related Physical Fitness Measures in Children with Developmental Disabilities,2023,,,
197-956-080-222-739,Dialoguing with developmentally appropriate practice (DAP): What does DAP mean for children with disabilities and inclusion?,2024,"This paper employs critical discourse analysis to examine the conceptualisation of disability within Developmentally Appropriate Practice (DAP) and to investigate how DAP addresses the role of early childhood educators working with children with disabilities in inclusive classrooms. The research questions guiding this study are: 1) How is disability conceptualised within the DAP? 2) How does DAP address the role of educators when working with children with disabilities in the context of inclusion? Using different models of disability and DisCrit as the theoretical lens, the study reveals that disability within DAP is associated with implicit bias, diversity, and a paradigm of fixing. The role of educators unfolds through themes such as reflecting on one's bias, creating inclusive environments by focusing on strengths and Universal Design (UD) and implementing screening processes. The findings shed light on the conflicting discourse of disability embedded in DAP, emphasising the need for educators to critically examine the notions of normalcy and the intersection of racism and ableism in the context of early childhood inclusion.",,
198-536-998-584-501,"Early Childhood Special Education for Children with Disabilities, Ages Three through Five: Transition.",1999,"Kolberg, Jeanette; Gustafson, Keith; Ekblad, Alan Early Childhood Special Education for Children with Disabilities, Ages Three through Five: Transition. North Dakota State Dept. of Public Instruction, Bismarck. Div. of Special Education. 1999-12-00 48p. North Dakota Dept. of Public Instruction, Dept. of Special Education, 600 East Boulevard Ave., Dept. 201, Bismarck, ND 58505-0440; Tel: 701-328-2277 (Voice); Tel: 701-328-4920 (TDD); Fax: 701-328-4149. Guides Non-Classroom (055) Tests/Questionnaires (160) MF01/PCO2 Plus Postage. Curriculum Development; Delivery Systems; *Disabilities; Early Childhood Education; Individualized Education Programs; *Individualized Family Service Plans; Kindergarten; *Special Education; *State Standards; *Transitional Programs *North Dakota",,
199-069-097-179-513,Special needs education,2006,Part 1 International perspectives: childhood disabilities - a global challenge the education of children with disabilities theories to explain the development of special education special education as a human and legal right. Part 2 Meeting specific disability needs: a modern approach for educating children with learning difficulties planning mainstream education services for children with visual impairments in developing countries deaf people in the developing world children with specific language impairments specific learning difficulties (dyslexia) environmental adaptations for children with physical impairment. Part 3 Regional reports and national case studies: special education in Western Europe special education in new democracies education of youth with disabilities in the USA special education in Asia a case study in Japan special education in Australia and New Zealand special education in Ibero-America special education in Africa. Part 4 Transitions: the efficacy of portage in early childhood special education the transition to employment of disabled people. Part 5 Current issues: community-based rehabilitation special education in developing countries varieties of school integration teacher development and special needs the future of special education.,,
199-181-365-646-713,Assessing Children for Disabilities,2016,,,
199-307-136-521-504,Hammill Institute On Disabilities and Sage Enter Strategic Relationship To Publish 14 Journals in Special Education,2007,,,
199-388-491-102-889,Addressing the hidden costs of preschool soft expulsions: Examining racial and disability inequities in early childhood exclusion,2025,"<jats:p>Soft expulsion, the unofficial removal of children from preschool due to perceived behavioral challenges, disproportionately affects children from marginalized communities, particularly those receiving special education services. Practices such as frequent early pick-up requests or suggestions that a program is not a “good fit” reflect systemic inequities, including implicit bias, insufficient trauma-informed training, and structural racism. Black boys and children with disabilities experience these exclusionary practices at higher rates, leading to long-term social-emotional and academic harm. Grounded in critical race theory, this paper critiques colorblind ideologies that obscure racialized and ableist discipline practices, perpetuating the ordinariness of racism in early learning. It examines how soft expulsions disrupt developmental trajectories and limit access to foundational learning experiences. This paper calls for anti-racist reforms, including policy changes, comprehensive anti-bias training, and resource reallocation to address these inequities. It advocates for culturally responsive, trauma-informed teaching and critiques accountability systems that fail to track soft expulsions. Policy recommendations include mandatory data collection, expanded mental health support, and restructuring teacher education to incorporate anti-racist and anti-ableist curricula. This work contributes to the broader discourse on equity in early childhood education, urging systemic change to ensure all children have access to inclusive, supportive learning environments.</jats:p>",,
199-817-523-908-231,Editorial: Advancing research on inclusion and engagement in early childhood education and care (ECEC) with a special focus on children at risk and children with disabilities,2023,Advancing research on inclusion and engagement in early childhood education and care (ECEC),,
