Lens ID,Title,Publication Year,Source Country,Author/s,Keywords
000-037-540-654-056,Long COVID,2023,,Kirsty R. Short,
000-425-845-807-513,Coping with long-COVID stigma: The role of self-compassion and self-coldness,2025,,Maor Shani; Kilian Wübbelt,
000-516-474-169-658,Age and chest computed tomography severity score are predictors of long-COVID.,2024,Italy,Merve Erkan,chest CT; long-COVID; pneumonia chest CT severity score; post-COVID
000-521-509-636-014,To Long COVID and Beyond,2021,United Kingdom,David Misselbrook,
000-579-570-485-747,Children with Long Covid: Co-producing a specialist community public health nursing response,2021,,Michael Fanner; Elaine Maxwell,
001-093-041-546-993,"Evaluating the associations among asthma, asthma control and long COVID in U.S. adults.",2025,Germany,Chun-Tse Hung; Yu-Chien Hung; Chi-Won Suk; Chung-Hsuen Wu,Asthma; Asthma control; COVID-19; Long COVID; National Health Interview Survey; Post COVID-19 condition
001-300-953-475-226,Could We Designate Long COVID a Syndrome?,2024,,Fuzhou Wang,
001-337-438-272-116,Long COVID.,2021,United Kingdom,Ioana Visan,
001-519-436-598-97X,Long COVID Is Associated with Excess Direct Healthcare Expenditures Among Adults in the United States.,2025,Switzerland,Rolake Neba; Lakshmi Sraddha Pedaprolu; Bryan Neba; Usha Sambamoorthi,COVID; healthcare expenditures; long COVID
001-679-756-116-653,Association of cognitive deficits with sociodemographic characteristics among adults with post-COVID conditions: Findings from the United States household pulse survey.,2025,England,Daniel J Wu; Nianjun Liu,cognitive deficit; education attainment level; household pulse survey; long COVID; sociodemographic groups
002-758-616-046-093,Long COVID Linked With Unemployment in New Analysis.,2023,United States,Melissa Suran,
002-924-884-214-365,Fatigue and Long-COVID,2023,,Keith Geraghty; Leonard A. Jason,
002-967-562-490-391,Patterns in the relationship between acute COVID-19/long COVID-19 and quality of life,2022,China,Hakan Tüzün; Cansu Özbaş; Burkay Budak; Gizem Altunay; F. N. Baran Aksakal,
002-987-916-934-26X,LONG COVID SYNDROME,2023,,Sof'ya Kuznecova; Elena Belyaeva,
003-133-901-088-491,Spanish telemedicine data on 8 children support concept of 'long covid' in children.,2021,United States,Jonas F. Ludvigsson,
003-273-523-496-352,Long Covid - Into the Third Year.,2023,United States,Timothy Meagher,COVID-19; epidemiology; infectious diseases; long-COVID; post-COVID-19 condition.
003-360-278-439-041,"Fatigue as a key feature in asthma, COPD and long covid",2024,,Maarten Van Herck,
003-361-460-234-100,An exploration into the self-reported experiences of musculoskeletal pain in females diagnosed with long Covid within the eThekwini Municipality,2024,,Karisa Pillay,
003-482-045-476-074,Damage Control—Discussing the Long-Term Psychiatric and Neurologic Consequences of Covid-19 Infections,2022,,,
003-516-669-091-802,Long COVID After Bamlanivimab Treatment,2024,,Evering T.H.; Мухамедьярова А.Б.; Nikolaus Jilg; Y. T a k e; B. Sanusi; Wohl D.A.; Daar E.S.; Li J.Z.; P. Klekotka; Javan A.C.; Eron J.J.; Currier J.S.; Hughes M.D.; Smith D.M.; Chew K.W.; ACTIV- A Study Team,
003-541-270-851-042,79. Long-term Health Outcomes of Individuals who are Infected with SARS-CoV-2 and Develop COVID-19,2022,United States,Lilac Tene; Tobias Bergroth; Anna Eisenberg; Gabriel Chodick,
004-064-585-740-096,129Xe lung ventilation imaging in patients with long COVID without prior respiratory disease,2024,,Laura Saunders; Guilhem Collier; Laurie Smith; Helen Marshall; Alberto Biancardi; Demi Jakymelen; Scarlett Strickland; Lotta Gustafsson; Ryan Munro; Oliver Rodgers; Neil Stewart; Graham Norquay; David Capener; Alexander Horsley; A A Roger Thompson; Jim Wild,
004-331-568-467-554,Navigating the social identity of long covid,2021,United Kingdom,Julie Van de Vyver; Ana C. Leite; Nisreen A Alwan,
004-371-044-809-935,The immunology of long COVID.,2023,United Kingdom,Daniel M Altmann; Emily M Whettlock; Siyi Liu; Deepa J Arachchillage; Rosemary J Boyton,
004-440-663-864-008,Elevated Risk of an Emergency Department Admission Associated With Long COVID Diagnosis Within the US Veteran Population.,2025,United States,Raymond Van Cleve; Amanda Lienau; Jonathan Sanchez Garcia,emergency medical service; long covid; long-term outcome; management of long covid; veterans health
004-467-730-615-010,Comparing surveyed adults with long COVID and those with just a positive test helps put COVID into perspective,2024,,Mary L. Adams; Joseph Grandpre,COVID; long COVID; vaccines; activity limitation; disability; BRFSS
004-859-424-045-251,Blueprint of differentially expressed genes reveals the dynamic gene expression landscape and the gender biases in long COVID.,2024,Netherlands,Chiranjib Chakraborty; Manojit Bhattacharya; Abdulrahman Alshammari; Thamer H Albekairi,Co-express gene; Differentially expressed genes; Gender bias; Long COVID
005-053-311-836-755,The Long Covid Patient,2024,,,
005-664-327-484-558,Characteristics of Chemosensory Perception in Long COVID and COVID Reinfection.,2023,Switzerland,Mikki Jaramillo; Thankam P Thyvalikakath; George Eckert; Mythily Srinivasan,long COVID; reinfection; smell perception; taste dysfunction
005-793-458-177-671,Long COVID and recovery from Long COVID: Quality of life impairments and subjective cognitive decline at a median of 2 years after initial infection,2023,,Warren Szewczyk; Annette L Fitzpatrick; Herve Fossou; Nicole L Gentile; Nona Sotoodehnia; Surabhi Vora; T Eoin West; Jeanne Bertolli; Jennifer R Cope; Jin-Mann Lin; Elizabeth Unger; Quan M Vu,
005-968-594-442-873,Impact of Long COVID on Health-Related Quality of Life Among Patients After Acute COVID-19 Infection: A Cross-Sectional Study.,2024,United States,Chengyao Sun; Ziwei Liu; Sixuan Li; Yuqi Wang; Guoxiang Liu,COVID-19; China; health-related quality of life; long COVID; persistent symptoms
006-185-390-964-595,Cognitive-linguistic difficulties in adults with Long COVID: A follow-up study,2024,,Louise Cummings,
006-377-592-479-367,"Post-COVID Symptoms in Long-Haulers: Definition, Identification, Mechanisms, and Management-Part II",2024,,César Fernández-de-las-Peñas; Domingo Palacios-Ceña,
006-416-570-460-760,Long COVID from rheumatology perspective - a narrative review.,2021,Germany,Hem Raj Sapkota; Arvind Nune,Long COVID; Post COVID-19 condition; Post-COVID-19 syndrome; Rheumatology; Systemic autoimmune rheumatic diseases
006-436-652-644-748,"OP30 Do stressors increase the risk of long COVID? A longitudinal study of adversity worries and experiences in the two months prior to COVID-19 infection and the development of long COVID in 1,962 UK adults",2022,,Elise Paul; Daisy Fancourt,
006-591-281-612-594,"Searching for the Definition of Long Covid: ""Case Definitions"" and Candidate ""Diagnostic Criteria""",2025,,Alexander Franke,
006-711-710-891-549,A model framework for projecting the prevalence and impact of Long-COVID in the UK,2021,,Chris Martin; Stuart McDonald; Michiel Luteijn; Josephine Robertson; William Letton,Long-COVID; SARS-CoV-2; COVID-19; EQ-5D; Quality Adjusted Life Years
006-767-986-152-811,Asthma and Long Covid a systematic review,2024,,Michael Bleiker; Cezmi Akdis; Milena Sokolowska; Cardoso Vigueros Carlos; Alaa Sherri; Urszula Radzikowska,
006-863-346-612-314,A Survey of the Various Methods and Models Used to Detect Long COVID,2022,,Parvathy S S; Nagesh Subbanna; Sethuraman Rao; Rahul Krishnan Pathinarupothi,
006-896-026-687-094,Long-term Care and COVID-19,2026,,Department of Health and Human Services. Centers for Disease Control and Prevention; Center for Health Statistics,
006-953-786-274-020,Living with long COVID,2021,,Deborah Duncan,
007-215-400-456-780,"Long covid: nearly half of doctors affected can no longer work full time, finds survey.",2023,United Kingdom,Adele Waters,
007-484-532-442-861,Possibilities of using a heated oxygen-helium mixture in patients during the long-COVID period,2022,,E. A. PRASKURNICHY; O. S. ORLOVA; N. B. PAVLOV; S. I. ZENKOVA,
007-509-697-986-355,Long COVID?,2022,Germany,Reinhold Kerbl,
007-656-460-141-952,"Conclusion: Long COVID, long racism",2023,,Vini Lander; Vini Lander; Vini Lander,
007-764-388-862-656,An emerging cause of chronic fatigue and pain : post-COVID-19 condition or long COVID,2023,Belgium,Majdouline El Moussaoui; Julien Guiot; Frédéric Frippiat; Gilles Darcis,COVID-19; Post-COVID conditions; Post-COVID-19; SARS-CoV-2; long COVID
007-799-576-768-341,"Report on Long COVID Urges Actions to Address Needs of Patients, Caregivers.",2022,United States,Joan Stephenson,
008-025-904-593-323,Long COVID syndrome,2023,,Giuseppe Alvise Ramirez,
008-126-659-868-09X,425. Characterization and predictive risk scoring of long COVID in a South Indian cohort after breakthrough COVID infection; a prospective single centre study,2023,United States,Merlin Moni; Pranav Nair; Chithira Nair; Kiran Kulirankal; Elizabeth Corley; Fabia Edathadathil; Georg Gutajhr; Dipu T Sathyapalan,
008-176-026-052-467,"Long-COVID stress symptoms: Mental health, anxiety, depression, or posttraumatic stress.",2023,United States,Leia Y Saltzman; Michele Longo; Tonya C Hansel,
008-202-740-107-337,"Long COVID, even longer pandemia",2022,,Falk Kiefer,
008-282-785-316-637,The Future of Long COVID,2025,,Elle O'Brien; Joanne Wrench; Danielle Hitch,
008-520-133-925-569,Living with Long COVID in a Southern State: A Comparison of Black and White Residents of North Carolina.,2025,Switzerland,William Pilkington; Brooke E Bauer; Irene A Doherty,disparities; lived experience; long COVID; minority populations; social determinants
008-525-629-763-893,"Identifying and Mitigating the Public Health Consequences of Meta-Ignorance about ""Long COVID"" Risks",2024,,Matt Motta; Timothy Callaghan; Jennifer Ross; Medini Padmanabhan; Lisa Gargano; Sarah Bowman; David Vincent Yokum,
008-898-140-163-720,Long COVID: The long-term health effects of COVID-19,2021,,Cristiana Vagnoni,
008-923-491-963-30X,"Covid-19: Long covid must be recognised as occupational disease, says BMA.",2021,United Kingdom,Elisabeth Mahase,
008-963-287-928-220,"Impact of a COVID-19 outbreak in a long-term care facility in Barcelona, Spain: The role of a COVID-19 prevention and control program",2020,,Gabriel Vallecillo; Marta Anguera; Noemi Martin; Cristina González; Consol Serra; Juan Pablo Horcajada; Victor L. Perez,COVID-19; Outbreak; Long-term care; Older people
009-273-757-046-328,Pre-pandemic activity on a myalgic encephalomyelitis/chronic fatigue syndrome support forum is highly associated with later activity on a long COVID support forum for a variety of reasons: a mixed methods study,2023,,William U Meyerson; Rick H Hoyle,
009-438-768-198-821,How and why patients made Long Covid.,2020,United Kingdom,Felicity Callard; Elisa Perego,COVID-19; Chronic illness; Citizen science; Long Covid; Long-hauler; Patient activism; Patient groups; SARS-CoV-2
009-446-053-269-630,"Long Covid Perspectives: history, paradigm shifts, global challenges",2023,,Elisa Perego,
009-544-069-158-790,"Long COVID Research, 2020-2024: A PubMed-Based Bibliometric Analysis.",2025,Switzerland,Cristina Honorato-Cia; Elena Cacho-Asenjo; Antonio Martinez-Simon; Irene Aquerreta; Jorge M Núñez-Córdoba,COVID-19; SARS-CoV-2; bibliometrics; chronic COVID-19; long COVID; post COVID-19; post-acute sequelae; research profile
009-565-410-652-550,Effect of COVID Vaccine on Long COVID: An Observational Study on Hospitalised Patients in North India,2024,,Sandeep Budhiraja; Abhaya Indrayan; Monica Mahajan,
009-961-992-422-134,"An Overview of Clinical Features, and Medical Access Among Patients with Post-Acute COVID-19 Syndromes: Analysis of a Nationwide Survey in Korea",2022,,Doori Kim; Ui Min Jerng; Jee Young Lee,
009-987-475-812-850,Grappling with long covid,2022,United States,Claire Ainsworth,
010-033-836-517-485,The microvascular hypothesis underlying neurologic manifestations of long COVID-19 and possible therapeutic strategies.,2021,United States,null null,long COVID-19; microvascular dysfunction; neurologic manifestations; neurovascular regenerative drugs
010-044-729-330-977,The neurobiology of long COVID.,2022,United States,Michelle Monje; Akiko Iwasaki,COVID-19; EBV; HSV; PAISs; SARS-CoV-2; astrocytes; autoimmunity; blood-brain-barrier; cognitive impairment; hippocampal neurogenesis; long COVID; microglia; microvascular disease; myelin; post-acute infection syndromes
010-052-035-658-994,Research on the Prevention and Control of COVID-19 Risk in Long-term Care Facilities based on Prospect Theory,2020,,Fengying Zhang; Jianhui Kong; Xiaofeng Xie; Kai Xu; Zongfang Zhou,
010-158-756-477-339,"Perceptions, acceptability and experiences of yoga to support long-COVID: A survey of people living with long-COVID",2025,,Anna Cheshire; Tina Cartwright,
010-173-019-555-400,Identification of Natural Compounds for Long COVID Based on Hub Gene Biomarkers and Repurposed Drugs,2024,,Dinesh Davagandhi; Suresh Kumar,
010-181-518-837-306,Candida and Long Covid,2024,,Patrick Chambers,
010-321-096-997-853,"Long COVID Treatment No Silver Bullets, Only a Few Bronze BBs",2025,,Robert Martin,
010-323-353-229-214,Frailty and Disability: Predictors or Outcomes or Both in Post COVID-19.,2022,United States,Patricia Anne O'Malley,
010-424-392-687-122,Long COVID: Rapid Evidence Review.,2022,United States,Eric Herman; Elizabeth Shih; Anthony Cheng,
010-482-038-094-960,408. Clinical Spectrum of Pediatric Long COVID and Impact of COVID-19 Vaccines on the Clinical Course,2023,United States,Dina Kamel; Jeffrey Bender; David Warburton; John C Wood; Sindhu Mohandas,
010-564-657-740-203,The state of the people: long-term health impacts of COVID-19: [Long COVID],2025,,Human Sciences Research Council,
010-718-860-009-650,Comprehensively identifying Long Covid articles with human-in-the-loop machine learning,2022,,Robert Leaman; Rezarta Islamaj; Alexis Allot; Qingyu Chen; W. John Wilbur; Zhiyong Lu,
010-854-501-385-925,The Brain and Long COVID,2023,United States,Stephani Sutherland,
011-028-709-719-260,"Wearable Devices for Long COVID: Prospects, Challenges and Options.",2024,Singapore,Hui Yun Chan,COVID-19 ; Long COVID; Public health; Sensors; Wearable devices
011-032-566-683-919,Abandoned by governments and employers.,2022,United Kingdom,Alison Twycross; Jenny Ceolta-Smith; Clare Rayner,
011-090-438-923-24X,663. Long COVID Phenotype Risk Score Reveals Protective Effect of Physical Activity,2026,United States,Bennett Waxse; Evelynne S Fulda; Josh Denny,
011-613-909-370-46X,The Long Covid abyss in Brazil; Is this another concern for an overwhelmed healthcare system?,2021,,Phiri P; Cavalini Hfs; Delanerolle G; J Shi; Shetty A; Magalhães Pf; Fernanda E; Padovez Rdfc; Neves Vr,• Long Covid LC: Long Covid; BMI: Body Mass Index; INR: International normalised ratio; CRP: C-reactive protein; BIPOC: Black  indigenous and other people of color
011-884-206-618-742,Long COVID Responses,2023,,Sharyn Digeronimo,
011-913-069-612-896,Community and Primary Care for People with Long COVID,2025,,Emma Tippett; Bernard Shiu; Br??????ghde Collins,
012-109-347-451-471,Transition beyond the acute phase of the COVID-19 pandemic: Need to address the long-term health impacts of COVID-19.,2022,United States,Constantinos Tsioutis; Andreas Tofarides; Nikolaos Spernovasilis,COVID-19; Long-covid; Long-term; Pandemic; Post-acute COVID-19 syndrome; Post-covid
012-113-931-600-634,Long COVID and possible preventive options.,2023,Switzerland,Szilvia Sebők; Klara Gyires,Clinical trials; Long COVID; Potential managements; Risk factors
012-596-022-065-75X,Long COVID and Disability,2024,,Nicholas G. Evans,
012-773-025-008-819,Children with long covid,2021,United States,Helen Thomson,
012-783-332-932-322,Long COVID affects working memory: Assessment using a single rapid online test,2025,,Aziz UR Asghar; Hong Kiu Yuen; Murat Aksoy; Abayomi Salawu; Heidi A Baseler,
012-813-126-437-763,Faktor yang Mempengaruhi Kejadian Long COVID Pada Penyintas COVID-19  di Kota Padang,2023,,Gusni Rahma; Yulia Yulia,
013-012-631-569-181,Managing Long COVID Syndrome,2023,United States,Brigid C. Flynn,
013-368-873-406-294,Efficacité de la vaccination contre la Covid-19 sur les symptômes du Covid long chez les patients ayant déjà un Covid long,2025,,null ComPaRe,
013-446-958-960-017,Treatment of Long-Haul COVID Patients With Off-Label Acyclovir.,2023,United States,Emily R German; Meera K Jairath; John Caston,acyclovir therapy; coronavirus disease (covid-19); covid 19; covid long haul syndrome; covid-19 neurological outcomes; covid-19-related encephalopathy; long-haul covid; psychological issues due to covid-19
013-548-209-769-757,Combined Therapy of COVID-19 Infection Consequences,2021,,O.V. Vorob'eva; Russian Federation Moscow,COVID-19 pandemic; Long COVID-19; post-COVID respiratory symptoms; chronic fatigue syndrome; therapy
013-892-413-971-883,Chronic long-COVID syndrome: A protracted COVID-19 illness with neurological dysfunctions.,2021,United States,Abdul Mannan Baig,COVID-19; SARS-CoV-2; long-COVID; neurological deficits; COVID‐19; long‐COVID; SARS‐CoV‐2
014-370-957-701-265,"Vaccination and Its Effects on Long COVID-19 Prevalence, Severity, and Clinical Outcomes: A Literature Review",2026,,Klevis Caushaj; Aldo Shpuza; Enver Roshi,
014-409-032-080-423,P109 Estimating the burden of Long COVID symptom clusters in Ireland in the first and second year of the pandemic,2023,,Tochukwu Igboanugo; Zubair Kabir,
014-725-598-009-903,Long COVID syndrome-associated clinical characteristic on the Qing Hai Plateau and plateau plants treatment strategies,2024,,Xiuting Cao,
014-883-093-054-358,Vascular complications in long COVID are very rare,2023,,Igor Končar; Darko Antić,
015-106-693-887-206,"#3498 LONG-COVID IN PATIENTS ON HEMODIALYSIS: A SINGLE CENTER ANALYSIS",2023,United Kingdom,Ana Trigo; Ana Rita Ramos; Rui Duarte; Flora Sofia; Karina Lopes; Paulo Santos,
015-118-213-644-925,An overview of clinical presentation and management of long COVID.,2025,United States,Sujith Sujith; Noah Gatzke,COVID-19; SARS-CoV-2; health practitioners; long COVID; management; postacute COVID syndrome; postacute sequelae of SARS-CoV-2 infection; risk factor; vaccine
015-385-295-072-508,"Patient Perspectives on Long COVID Advocacy, Care, and Research",2023,,Lisa McCorkell; Hannah Wei; Signe Redfield,
015-385-404-037-657,Long COVID Citizen Scientists: Developing a Needs-Based Research Agenda by Persons Affected by Long COVID.,2022,United Kingdom,Sarah Ziegler; Alessia Raineri; Vasileios Nittas; Natalie Rangelov; Fabian Vollrath; Chantal Britt; Milo A Puhan,
015-399-097-814-985,Characterizing health-related quality of life and identifying disease predictors among patients suspected of having long COVID: an analysis of COMET-ICE clinical trial data.,2024,Switzerland,Heather L Gelhorn; Parima Ghafoori; Katelyn Cutts; Helen Birch; Yulia Savva; Sacha Satram; Emily Lloyd; Wen-Hung Chen,COVID-19; disease predictor; health-related quality of life; impacts; long COVID; post-acute sequelae of COVID-19
015-545-547-185-163,Long-COVID or long before? Neurocognitive deficits in people with COVID-19.,2022,Netherlands,Anna Baumeister; Anja S Göritz; Charles Benoy; Lena Jelinek; Steffen Moritz,COVID-19; Depression; Follow-up; Neuropsychology; Psychiatry
015-710-808-903-87X,Dysautonomia and Implications for Anosmia in Long COVID-19 Disease,2021,Switzerland,Alexandre Vallée,ACE2; COVID-19; anosmia; dysautonomia; long COVID-19; neurotropism
015-775-600-650-137,Colchicine use in post-covid syndrome (Long COVID),2026,,M.M. Yusupalieva; N.S. Burtsev,
016-426-103-018-123,Longitudinal 129Xe MRI Gas-exchange and Exercise Intolerance in Long-COVID,2024,,Natally AlArab; Marrissa McIntosh; Andrew Hahn; Nicholas Feeley; Keegan Staab; Jonathan Percy; Conner Wharff; Jessica Sieren; Alejandro Comellas; Eric Hoffman; Sean Fain,
016-770-947-493-306,Conceptualising Long COVID as an episodic health condition.,2021,England,Darren A. Brown; Kelly K O'Brien,COVID-19; Long COVID; disabilty; patient-reported outcome measures (PROMs); public health
016-859-339-043-580,Possible long COVID healthcare pathways: a scoping review.,2022,United Kingdom,Sarah Wolf; Ingrid Zechmeister-Koss; Judit Erdös,Guidelines; Healthcare pathways; Long COVID; Recommendations; Scoping review
017-101-852-530-328,Who develops long COVID? Longitudinal pre-pandemic predictors of long COVID and symptom clusters in a representative Dutch population.,2024,Netherlands,Isabel A L Slurink; Sophie C M van den Houdt; Gaëtan Mertens,COVID-19; Clustering; Long COVID; Prediction model; Symptoms; post-COVID-19
017-150-777-803-613,Impact of COVID 19 Vaccination on Long COVID Symptoms in Ecuador a Nationwide Cross Sectional Study,2025,,Santiago Israel Bravo Loaiza; Heon-Jae Jeong; Se Eun Park; Tania Veronica Cabrera Parra; Sunjoo Kang,
017-468-874-560-844,Antioxidants and Long Covid,2022,,Patrick Chambers,Warburg e ect; oxidative stress; magnesuria; in ammasome; butyrate
017-509-016-912-16X,Neurologic and neuropsychiatric symptoms in long-COVID 19 syndrome: a systematic review,2022,,Giovani Zocche Junior; Lia Fonseca Siqueira; Leonardo Bongiovani Loro; Felipe Valles Fortes; Gabriele Zanirati; Daniel Marinowic; Jaderson Costa da Costa,Long COVID; Neurological Symptoms; Post-COVID; Neuropsychiatric Symptoms; COVID Long-Haulers
017-582-764-648-473,Perspective: host factors variants and the underlying causes of long COVID.,2025,Switzerland,Tirasak Pasharawipas,MHC polymorphism; antigen presenting cells; cellular variants; host factors variants; long COVID; long COVID diagnosis
018-046-516-856-983,COVID-19: from an acute to chronic disease? Potential long-term health consequences.,2020,United Kingdom,Victoria Higgins; Dorsa Sohaei; Eleftherios P. Diamandis; Ioannis Prassas,COVID-19; Coronavirus; chronic effects; long-COVID; pandemic
018-251-040-481-284,Differences Between Patients With Chronic Epipharyngitis With and Without Previous COVID-19 Infection.,2024,United States,Manabu Mogitate,coronavirus; endoscopy; infectious disease; naso-pharynx; outcome
018-273-937-517-998,Hancock's covid inquiry evidence offers few clues as to why long covid was sidelined.,2023,United Kingdom,Ondine Sherwood,
018-325-059-047-161,"Prognosis of patients with long COVID symptoms: a protocol for a longitudinal cohort study at a primary care referred outpatient clinic in Helsinki, Finland.",2023,United Kingdom,Hélène Virrantaus; Helena Liira; Tatiana Posharina; Aleksandra Sulg; Teemu Mäntylä; Mari Kanerva; Sini Laakso; Markku Sainio; Antti Malmivaara; Aki Vuokko; Mikko Varonen; Mikko Venäläinen; Jari Arokoski,COVID-19; Prognosis; Quality of Life; REHABILITATION MEDICINE
018-671-900-085-734,Higher prevalence of long COVID observed in cancer survivors: Insights from a US nationwide survey.,2025,Netherlands,Lingchen Wang; Wei Yang,BRFSS; COVID-19; COVID-19 vaccination; Cancer survivors; Long COVID
018-838-173-022-834,,2021,United States,,
018-842-004-871-124,Periodontal disease severity in patients with long COVID and non-COVID-19,2024,,Marie Louisa; Alya Amalina; Ricky Anggara Putranto; Olivia Nauli Komala; Wita Anggraini,
019-056-289-595-124,Phenotyping long COVID.,2021,United Kingdom,Robert Naeije; Sergio Caravita,
019-115-120-209-475,Abnormal brain perfusion detected in elderly Long COVID patients more than one year after initial mild infection,2024,,Alexander Cohen; Kelly Ristow; Laura Umfleet; Malgorzata Franczak; Sara Swanson; Jessica Pommy; Milan Patel; Shawn Obarski; Lilly Mason; Yang Wang,
019-192-436-420-583,"Use of Complementary and Integrative Health Approaches in Adults with Long COVID in the US, a Nationally Representative Survey.",2024,United States,Leah Grout,complementary and alternative medicine; complementary and integrative health; long COVID; post COVID-19 condition
019-259-944-919-771,Clinical coding of long COVID in English primary care: a federated analysis of 58 million patient records in situ using OpenSAFELY.,2021,United Kingdom,null null,
019-641-716-377-437,Candida and Long Covid,2024,,Patrick Chambers,
020-169-633-055-087,2020 Citizen Science Event Book: #LongCovid,2023,,Andrea Huang,
020-311-306-855-938,"Understanding Long Covid: Nosology, social attitudes and stigma.",2021,United States,Eleanor Alexandra Byrne,Chronic fatigue syndrome; Covid-19; Long Covid; Myalgic Encephalomyelitis; SARS-CoV-2; Stigma
020-380-653-124-178,Twitter Sentiment Analysis of Long COVID Syndrome.,2022,United States,Toluwalase Awoyemi; Ujunwa Ebili; Abiola Olusanya; Kayode E Ogunniyi; Adedolapo V Adejumo,health informatics; long covid syndrome; long haulers; sentiment analysis; twitter
020-580-333-801-156,Clinical Significance of Monitoring IgG and IgM Antibodies and the D-dimer in the Diagnosis and Therapy of Long Covid: Experiences from Practice,2024,,Muharem Zidzic; Nizama Salihefendic,
020-695-242-787-045,Long Covid-19,2021,,Vasileios Spyropoulos M.S; Agathi Spiropoulou M.S; Georgia Spyropoulou; Dimosthenis Lykouras; Kiriakos Karkoulias; Kostas Spiropoulos,
020-852-841-861-805,Does pre-infection stress increase the risk of long COVID? Longitudinal associations between adversity worries and experiences in the month prior to COVID-19 infection and the development of long COVID and specific long COVID symptoms,2022,,Elise Paul; Daisy Fancourt,COVID-19; long COVID; adversity experiences; stress
020-972-038-884-043,Similarities between long COVID and cognitive impairment and potential implications; Results from the 2022 BRFSS,2024,,Mary Adams; Joseph Grandpre,
021-014-125-441-125,Estimating the burden of Long COVID symptom clusters in Ireland,2023,United Kingdom,T Igboanugo; Z Kabir,
021-120-665-571-851,PENYULUHAN KESEHATAN REHABILITASI MEDIK PASCA COVID 19,2021,,Tjie Haming Setiadi; Tania Yumna Dzahabiyyah,Medical rehabilitation; post covid 19; medical rehabilitation counseling
021-257-880-764-32X,The Long and Short of COVID-19,2022,,Hemant Mehta; P Swapna; Prakash Jiandani; Vasant Nagvekar; Girish Soni,COVID 19; SARS-CoV-2 Infection; Long Covid; Covid Encephalopathy; Hyponatremia; Anti-SARS-CoV-2 Antibody
021-324-100-250-297,SINDROMA NEUROLOGIS LONG-COVID; APA DAN BAGAIMANA MENANGANINYA,2022,,Andika Okparasta,
021-359-646-807-798,Addressing the Long COVID Crisis: Integrative Health and Long COVID:,2021,United States,Alan Roth; Pan San Chan; Wayne Jonas,COVID; Integrative medicine; chronic fatigue syndrome; complementary and alternative medicine (CAM); diet; exercise; immune; integrative health; long COVID; mindfulness; post-COVID; stress reduction
022-060-317-246-483,SARS-CoV-2 Semi-Quantitative Total Antibody Correlates with Symptoms of Long COVID in Both Vaccinated and Unvaccinated Subjects,2025,,James R White; Ralph L Abraham; Wyche Coleman; Eddie Pitre; Megan M Stevenson; Hannah L Kaplan; Alexander G Goldberg; Molly A. Allen; Cecilia A. Castro; Abby A. Haddox; Harold E Zylicz; Henry P Barham,
022-094-491-678-869,Long covid and mental and physical health: A cross-sectional study of adults in California.,2024,United States,Tyler B Mason; Tara K Knight; Ryan Lee; Shirin E Herzig; Daniella Meeker; Jason N Doctor,COVID‐19; fatigue; long covid; mental health; physical health
022-150-500-474-838,Gaslighting doctors make it harder for women with long COVID,2024,,Gülcan Garip,
022-281-834-344-929,"Caring for Long Covid patients in primary healthcare: a cross-sectional study on general practitioners' knowledge, perception and experience in Belgium and Malta.",2024,England,Sarah Moreels; Sherihane Bensemmane; Robrecht De Schreye; Sarah Cuschieri,Belgium; Covid-19; Long Covid; Malta; general practitioners; primary healthcare; public health
022-502-171-236-818,"Conclusion: Long COVID, long racism",2023,,,
022-534-632-648-310,Patient experiences navigating US healthcare with long-COVID – Part 3 of 3,2024,United States,Elena Gardner; Kirsten Stoesser; Dominik Ose; Bernadette Kiraly,
022-651-540-354-705,Long COVID symptoms and associated factors in registered nurses with COVID-19,2024,,Ga Eun Park; Yeon-Hwan Park,
022-713-823-374-555,Long COVID in Victoria.,2024,Australia,David A Watters; Lance Emerson,COVID‐19; Continuity of patient care; Data collection; Delivery of healthcare; Primary care; Primary health care; Public health; SARS‐CoV‐2; Surveys and questionnaires
022-731-108-739-614,THE RELATIONSHIP OF POST TRAUMATIC STRESS DISORDER FACTORS WITH PSYCHOSOMATIC SYMPTOMS TO LONG COVID PATIENTS AT RSUD TABANAN,2024,,I Made Krishna Putra Pramanda; Susy Purnawati; Nila Wahyuni; I Dewa Ayu Inten Dwi Primayani,
022-882-154-060-838,Long COVID: playing the long game.,2021,United Kingdom,Carter Singh,
023-028-089-208-130,Long COVID: Accommodating a slippery fish,2021,,Eric Lyerly,
023-155-728-838-203,Long Covid lessons: beyond winter and the COVID pandemic,2023,,Amitava Banerjee,
023-311-916-586-949,"Impact of Long-COVID on Cardiac Arrhythmias: A Multi-Center Study from the Middle Euphrates Region, Iraq",2023,,Alaa M. Sadiq; Fadhil Al-Amran,
023-415-604-913-492,Towards a cure for long COVID: the strengthening case for persistently replicating SARS-CoV-2 as a driver of post-acute sequelae of COVID-19.,2024,Australia,Michelle Jl Scoullar; Gabriela Khoury; Suman S Majumdar; Emma Tippett; Brendan S Crabb,COVID‐19; Chronic fatigue syndrome; SARS‐CoV‐2; Virus diseases
023-552-859-302-512,Are There Effective Natural Remedies Against COVID-19 Virus and Long Covid Syndrome?,2023,,Doepp Doepp; Manfred Manfred,Covid-19 virus; long covid syndrome; Covid-19 vaccination consequences; pandemic natural therapy
023-647-773-910-930,Retrospective Diagnosis of SARS-CoV-2 Infection in Patients with Long COVID by Measuring Specific T Cell Mediated IL-2 Release (preprint),2021,,John Sinclair,SARS-CoV-2; Long COVID; memory T cells
023-659-620-355-284,Representation of long COVID syndrome in the awareness of the population is revealed by Google Trends analysis.,2022,United States,Martin Kaatz; Steffen Springer; Roger Schubert; Michael Zieger,COVID-19; Infodemiology; Long COVID; SARS-CoV-2; Search engine data
023-717-260-567-584,"Long COVID in Persons With Self-Reported Arthritis: Symptoms, Associated Factors, and Functional Limitations.",2023,United States,Debbie Ehrmann Feldman; Barbara Mazer,
023-898-332-403-016,Long COVID and Beyond,2022,,Ravindran Chetambath,
024-268-200-721-485,Replication Data for: The profile of research on Long-Covid: A survey,2023,,null 123,
024-475-417-475-483,Long covid update for primary care should acknowledge functional symptoms.,2022,United Kingdom,Peter W Ward,
024-644-132-254-243,Long COVID,2022,Netherlands,Zohreh Jadali,
024-660-531-010-828,Stellate ganglion block for anosmia and taste disturbance due to Long-COVID,2022,,Gaurav Chauhan,
024-675-052-367-282,Do vaccines protect against long COVID? What the data say.,2021,United Kingdom,Heidi Ledford,Infection; SARS-CoV-2; Vaccines
024-749-833-224-339,Reduction of Cardiac Autonomic Modulation and Increased Sympathetic Activity by Heart Rate Variability in Patients With Long COVID.,2022,Switzerland,Karina Carvalho Marques; Camilla Costa Silva; Steffany da Silva Trindade; Márcio Clementino de Souza Santos; Rodrigo Santiago Barbosa Rocha; Pedro Fernando da Costa Vasconcelos; Juarez Antônio Simões Quaresma; Luiz Fábio Magno Falcão,autonomic nervous system; coronavirus infection; heart rate; heart rate variability; long COVID
024-912-384-954-113,Patient Management and Rethinking Healthcare Amid Long COVID,2022,,Don L. Goldenberg; Marc A. Dichter,
024-968-787-247-889,The association between suspected long-COVID and stimulant prescribing in the United States.,2023,Netherlands,Ruston M Koonce; Bradley C Martin,Long–COVID; Stimulant
025-139-488-765-377,Long COVID Among the Children Admitted to the Department of Pediatrics in a Tertiary Care Centre,2025,,Manoj Chaudhary; Hem Sagar Rimal; Love Kumar Sah; Pankaj Chaudhary,
025-586-202-958-494,COVID delirium and long COVID,2024,,A. Mitchell,
025-744-257-231-461,Cutaneous long COVID.,2021,United Kingdom,Antonella Tammaro; Francesca Romana Parisella; Ganiyat Adenike Ralitsa Adebanjo,
025-789-028-111-000,Cognitive Rehabilitation for Long COVID,2025,,James Lewis; Joanne Wrench; Jodie McGregor; Karen Felder,
026-059-159-155-398,Neuroinflammation at the Dorsolateral Inferior Medulla: A Possible Central Nervous System Localization for POTS and Long COVID,2024,,Svetlana Blitshteyn,
026-209-252-630-588,"Long COVID Clinical Evaluation, Research and Impact on Society: A Global Expert Consensus",2024,,Andrew Ewing; David Joffe; Svetlana Blitshteyn; Anna  ES Brooks; Julien Wist; Yaneer Bar Yam; Stephane Bilodeau; Jennifer Curtin; Rae Duncan; Mark  A. Faghy; Leo Galland; Etheresia Pretorius; Spela Salamon; Danilo Buonsenso; Claire Hastie; Binita Kane; M.  Asad Khan; Amos Lal; Dennis Lau; C. Raina MacIntyre; Sammie Mcfarland; Daniel Munblit; Jeremy  K. Nicholson; Gunhild  Alviik Nyborg; David Putrino; Albert Rosario; Timothy Tan; Claire Taylor,
026-209-699-260-093,Pre-pandemic activity on a myalgic encephalomyelitis/chronic fatigue syndrome support forum is highly associated with later activity on a long COVID support forum for a variety of reasons: A mixed methods study.,2023,United States,William U Meyerson; Rick H Hoyle,
026-757-216-884-617,Deleterious Outcomes in Long-Hauler COVID-19: The Effects of SARS-CoV-2 on the CNS in Chronic COVID Syndrome.,2020,United States,Abdul Mannan Baig,COVID-19; SARS-CoV-2; chronic COVID syndrome; long-haulers; neurological findings in COVID-19
026-968-340-412-481,COVID-19 and Long-Term Sequelae,2022,,Youn Jeong Kim,
027-523-635-521-583,KARAKTERISTIK PENDERITA LONG COVID,2022,,Luciana Tati Suparti; null Maria Yunita Indriarini; Yosi Maria Wijaya,Characteristics; Long Covid; fatique; cough; fever
027-634-966-121-826,Bangkit Pascainfeksi: Dinamika Resiliensi pada Penyintas Covid-19,2021,,Yudi Kurniawan; Markus Nanang Irawan Budi Susilo,pandemic; COVID-19 survivors; resilience; long COVID; social stigma
027-888-223-716-642,Functional medical approach and management for long COVID,2023,,Sang-Hoon Lee; Sang Man Kim,
027-905-592-857-485,"Patient-made Long Covid changed COVID-19 (and the production of science, too)",2021,,Elisa Perego; Felicity Callard,citizen science; COVID-19; epistemology; experiential knowledge; Long Covid; Long-haulers; patient expertise; patient knowledge; patient-led research; SARS-CoV-2; symptoms
027-965-623-467-418,The impact of COVID-19 and Long COVID for pulmonary embolism patients undergoing anticoagulation prior to COVID-19: a multicenter cohort study during omicron pandemic,2024,,Yishan Li; Dingyi Wang; Linfeng Xi; Wanmu Xie; Zhenguo Zhai; Chen Wang,
027-976-046-752-473,"Effect of vaccination on time till Long COVID, a comparison of two ways to model effect of vaccination and two outcome definitions",2023,,Peter D Smits; Patricia J Rodriguez; Samuel Gratzl; Brianna M Goodwin Cartwright; Sarah Gilson; Ryan Lee; Charlotte Baker; Nicholas L Stucky,
028-026-231-861-919,Long COVID and chronic COVID syndromes.,2020,United States,Stephen J. Halpin; Rory J O’Connor; Manoj Sivan,
028-314-942-874-165,COVID-19: Entre Urgence et long Terme / COVID-19: Between Urgency and long Term,2020,,Mohammed Germouni,
028-795-822-851-890,"Update on endothelial dysfunction in COVID-19: severe disease, long COVID-19 and pediatric characteristics",2021,,Eleni Gavriilaki; Ioannis Eftychidis; Ioannis Papassotiriou,COVID-19; endothelial dysfunction; long COVID-19; pediatric; SARS-COV-2; thrombosis
028-854-414-893-546,Long-Covid: Symptomfragebogen,2022,Germany,,
029-300-366-940-441,Living with the Virus: An Autoethnography of Long COVID as Multilayered Traumatisation,2025,,Vivienne Matthies-Boon,
029-405-019-844-43X,Stellate ganglion block reduces symptoms of Long COVID: A case series.,2021,Netherlands,Luke D Liu; Deborah L Duricka,Cerebral blood flow; Dysautonomia; Long COVID/PASC; Myalgic encephalitis/chronic fatigue syndrome (ME/CFS); Postural orthopedic tachycardia syndrome (POTS); Stellate ganglion block; Postural orthostatic tachycardia syndrome (POTS)
029-412-576-702-579,Long COVID-19 Syndrome and its Effects on Various Systems: A Narrative Review,2023,India,Naved Bhurani; Roshan Umate; Seema Umate,
029-435-106-728-637,The Impact of Gut Microbiota on Long COVID: Insights and Challenges.,2024,,Irami Araujo-Filho; Amália Cinthia Meneses do Rêgo,
029-486-628-040-805,Rehabilitation Capacity for Long COVID Care in British Columbia,2025,,Pat Camp; Débora Melissa Petry Moecke; Sonya Cressman; Evan Kwong; Jennifer Yao; Chiara Singh; Carolyn Taylor,
029-784-926-983-524,Do Long COVID and COVID Vaccine Side Effects Share Pathophysiological Picture and Biochemical Pathways?,2025,Switzerland,Jean-François Lesgards; Dominique Cerdan; Christian Perronne,COVID vaccine side effects; complement pathway; immuno-inflammatory pathways; kininogen-kinin-kallikrein system; long COVID pathophysiology; long COVID predictors; oxidative stress; renin angiotensin pathway
029-789-832-075-261,The value of COVID-19 vaccination in the context of Long-COVID,2022,Germany,Stilla Bauernfeind; Barbara Schmidt,Breakthrough infection; COVID-19 vaccination; Long COVID/prevention; Long COVID/therapy; „Severe acute respiratory syndrome coronavirus type 2“ (SARS-CoV-2); Long-COVID-Prävention; Long-COVID-Therapie; COVID-19-Impfung; Durchbruchsinfektion
029-816-167-740-92X,What is really 'Long COVID'?,2023,Switzerland,Sandor Szabo; Oksana Zayachkivska; Alamdar Hussain; Veronika Muller,COVID-19; Clinical manifestations; Definitions; Long COVID; Pathogenesis
029-835-292-531-303,Extracting Long COVID Knowledge from LitCovid: A Glossary-Based Approach,2024,,Atsuko Yamaguchi; Reo Takeda; Yuka Tataeisi,
030-102-493-476-221,Leveraging on Rehabilitation in Long Covid Management,2021,,null Babatunde G Ogundunmade,Pneumonia; COVID-19; SARS-CoV-2; PHEIC; pandemic; Long COVID; leveraging; rehabilitation
030-155-636-268-34X,Fatigue at Long COVID,2021,Germany,Anna-Lena Weingärtner; Andreas Stengel,
030-162-830-424-436,THE SILENT THREAT: LONG-COVID'S CARDIAC CONSEQUENCES AND IMPLICATIONS FOR PATIENTS CARE,2023,,Dan Orga-Dumitriu,
030-231-807-149-567,Predicting Outcomes in Long COVID Patients with Spatiotemporal Attention,2023,,Degan Hao; Mohammadreza Negahdar,
030-666-357-644-247,Long COVID and fatigue,2025,,Benedita Teixeira Custódio Gonçalves Ferreira; Gonçalo Fernandes; Ana Rita Ribeiro; Catarina Sampaio; Inês Ribeiro; Cátia Saraiva; Helena Chaves Ramos; Sofia Barroso; Djamila Neves; Cláudia Guerreiro; Maria José Guimarães; Bebiana Conde; Jorge Ferreira; Marta Drummond; Lígia Pires,
030-964-075-368-526,Dampak Psikologis pada Perawat yang Mengalami Long Covid,2023,,Nurismi Aisyah; null Veny Elita; null Riri Novayelinda,
031-093-653-228-345,Hospital-Based Models of Care for Long COVID,2025,,Steven Faux; Louis Irving; Nada Hamad; Joanne Wrench,
031-255-255-915-544,Living with long Covid: some reflections 14 months down the line,2021,United Kingdom,Alison Twycross,
031-306-453-259-645,Long Covid: Untangling the Complex Syndrome and the Search for Therapeutics.,2022,Switzerland,Azizul Haque; Anudeep B Pant,Long Covid; autoimmunity; biomarkers; inflammation; therapeutics
031-307-829-878-466,,2021,,,
031-418-831-186-102,Vital Measurements of Hospitalized COVID-19 Patients as a Predictor of Long COVID: An EHR-based Cohort Study from the RECOVER Program in N3C,2022,,Sihang Jiang; Johanna Loomba; Suchetha Sharma; Donald Brown,
031-508-795-904-638,Long COVID,2026,France,Marie-Lise Gougeon; Dominique Salmon,
031-625-725-987-514,Introduction,2025,,Danielle Hitch; Joanne Wrench; Elyse McInerney; Jessica Lee; Karen Felder,
031-703-592-043-018,"Long COVID: new guide to recognition, support, and recovery",2022,,Sammie Mcfarland,
031-927-602-305-820,Candida and Long Covid,2024,,Patrick Chambers,
032-257-105-944-10X,Altered tryptophan absorption and metabolism could underlie long-term symptoms in survivors of coronavirus disease 2019 (COVID-19).,2021,Netherlands,Imdat Eroglu; Burcu Çelik Eroğlu; Gulay Sain Guven,Altered; Covid-19; Long-covid; Malabsorption; Metabolism; Tryptophan
032-325-213-797-508,Long Covid and Employment,2025,,Gary V. Engelhardt,
032-476-940-032-147,"Design, validation and implementation of the post-acute (long) COVID-19 quality of life (PAC-19QoL) instrument.",2021,United Kingdom,Ravi Jandhyala,COVID-19; Public health; Quality of life; Research methods; Statistics
032-690-549-548-746,"Development and validation of the long covid symptom and impact tools, a set of patient-reported instruments constructed from patients' lived experience",2021,,Viet-Thi Tran; Carolina Riveros; Berangere Clepier; Moïse Desvarieux; Camille Collet; Youri Yordanov; Philippe Ravaud,patient-reported outcome; COVID-19; long-covid
032-820-235-135-407,Long COVID and the development of new-onset uveitis: a large database study,2025,,Qais A. Dihan; Nayef Alshammari; Abdelrahman M. Elhusseiny; Kaersti L. Rickels; Ahmed F. Shakarchi; Muhammad Z. Chauhan; Ahmed B. Sallam,
033-082-627-026-693,Long-COVID following mild SARS CoV-2 infection: characteristic T cell alterations and response to antihistamines,2021,,Paul Glynne; Natasha Tahmasebi; Vanya A. Gant; Rajeev Gupta,
033-315-073-795-953,Long-Haul COVID.,2020,United States,Avindra Nath,
033-634-832-718-907,The Long COVID Conundrum.,2021,United States,Adam Gaffney,
033-867-640-775-20X,COVID-19: long covid and its societal consequences.,2021,United Kingdom,Harald Brüssow; Kenneth N. Timmis,
033-919-020-228-522,"Unpacking ""long COVID"".",2021,Canada,Terry Murray,
034-089-673-326-580,"Covid-19: One in eight adults develops long covid symptoms, study suggests.",2022,United Kingdom,Elisabeth Mahase,
034-305-854-221-423,Patient-Led Research Collaborative: embedding patients in the Long COVID narrative,2021,United States,Lisa McCorkell; Gina S. Assaf; Hannah E. Davis; Hannah Wei; Athena Akrami,COVID-19; Long COVID; Long haulers; Patient-centered; Patient-centric; Patient-led research; Post COVID-19 syndrome; Post-acute sequelae of SARS-CoV-2 infection
034-745-846-327-745,Risk factors and clinical presentations of long COVID in Africa: A scoping review.,2023,Netherlands,Enos Moyo; Munashe Chimene; Perseverance Moyo; Godfrey Musuka; Derek Mangoya; Grant Murewanhema; Tafadzwa Dzinamarira,Africa; COVID-19; Clinical presentations; Long COVID; Risk factors
034-998-404-872-143,"State Health Department Communication about Long COVID in the United States on Facebook: Risks, Prevention, and Support.",2022,Switzerland,Linnea I Laestadius; Jeanine P D Guidry; Andrea Bishop; Celeste Campos-Castillo,COVID-19; Facebook; health communication; health departments; long COVID; social media; social networks
035-357-772-326-978,Unlocking the Mysteries of Long COVID in Children and Young People: Insights from a Policy Review and Social Media Analysis in the UK,2023,,Noémie Déom; Ahmad Firas Khalid; Sam Martin; Macarena Chepo; Cecilia Vindrola-Padros,
036-218-534-707-106,Długi Covid — patofizjologia i leczenie,2021,,Justyna Szrajda,
036-284-684-358-613,Symptoms and management of long COVID: A scoping review.,2021,United Kingdom,Chiyoung Cha; Gumhee Baek,long COVID; management; scoping review; symptoms
036-751-681-493-182,"Cortical Grey Matter Volume Loss links to Neurological Sequelae in post COVID-19 ""Long Haulers""",2022,,Ted L. Rothstein,
036-849-978-809-550,"Long COVID: And the fire rages on"".""",2021,India,Awatansh Kumar Rajkumar Tripathi; Lancelot Pinto,Long COVID; long hauler; post-COVID complications; post-COVID fibrosis; post-COVID sequelae; post-COVID syndrome
037-114-343-777-558,Coronavirus: Long Covid,2021,,Carl Baker; Esme Kirk-Wade; Sarah Barber; Tom Powell,
037-223-252-206-023,"Covid and Long Covid, In the Search for Answers",2021,,Richard Aguirre,
037-557-663-976-639,Assessing the Effects of Long-COVID on Mental Health in the United States: A Population Based Study,2024,,Anusua Datta,
037-651-387-110-142,The Long Covid pandemic,2021,United States,Gemma Alderton,
037-751-528-322-826,Caring for Long Covid patients in Belgian primary care.,2023,Netherlands,Sarah Moreels; Sherihane Bensemmane; Robrecht De Schreye,
038-262-659-266-165,Research priorities for Long Covid: refined through an international multi-stakeholder forum.,2021,United Kingdom,Gail Carson,Coronavirus research; GloPID-R; ISARIC; Long Covid; Long Covid Support Group; WHO R&D COVID-19 Research Agenda
038-397-110-484-972,"Does the Collaborative Consensus Guidance Statement put the exercise cart"" before the pacing and pharmacological ""horses"" in long COVID/PASC?""",2021,United States,Simon Décary; Darren A. Brown; Todd E. Davenport; Etienne Ngeh,
038-666-464-978-518,Long-COVID Headache.,2021,Switzerland,Paolo Martelletti; Enrico Bentivegna; Valerio Spuntarelli; Michelangelo Luciani,Classification; Long-Covid-19; Neurological sequalae; Pain; Peristent headache
038-674-878-600-064,Paxlovid as a potential treatment for long COVID.,2023,United Kingdom,Matthew W McCarthy,Long COVID; SARS-CoV-2; nirmatrelvir; paxlovid; ritonavir
038-837-820-805-060,Long COVID and the Biopolitics of Pandemic Timings and Endings,2025,,Mark D. M. Davis,
038-862-007-717-978,Long-COVID and Mental Health,2025,,Heather L. Rogers; Christos Lionis,
038-906-680-910-534,Proposing Bromo-Epi-Androsterone for Neurologic Long-COVID,2024,,Coad Thomas Dow,
038-984-947-409-41X,"The impact of long COVID on menstrual health, ovarian reserve, and pregnancy outcomes: A prospective matched cohort study from north-east India",2025,,Ranima Deka; Shireen Mumtaz Barbhuiya,
039-016-362-678-823,Long COVID and oral health care considerations.,2021,United States,Michael Glick,COVID-19; Long COVID; medically complex dental treatment; patient treatment
039-340-022-633-658,Neurodegenerative Changes in Long COVID: Implications for Pakistan.,2024,,Bilal Ahmad,
039-527-900-887-935,"0072 Sick and Tired of COVID-19 - Genetic Risk Factors, Fatigue and Sleep Disturbances in Long COVID",2025,United States,Vilma Lammi; Long COVID Host Genetics Initiative Consortium; Hanna M Ollila,
039-735-495-210-926,"Compounding for the Treatment of COVID-19 and Long COVID, Part 4: The Legacy of Chronic COVID.",2023,United States,Mike Riepl; Joe Kaiser,
040-002-313-127-986,Metabolic Disorders,2023,,Charlotte Steenblock; Nicole Bechmann; Waldemar Kanczkowski; Nikolaos Perakakis; Stefan R. Bornstein,
040-012-448-798-620,A Significance of Endothelial Dysfunction in Long COVID-19 for The Possible Future Pandemic of Chronic Kidney Disease and Cardiovascular Disease,2024,,Hidekatsu Yanai; Hiroki Adachi; Mariko Hakoshima; Hisayuki Katsuyama; Akahito Sako,
040-264-204-773-161,Cardiovascular complications and long-haulers of COVID-19,2023,,Ruobing Zhao,
040-365-014-751-650,Incidence and risk factors of long COVID in the UK: a single-centre observational study.,2021,United Kingdom,Arvind Nune; Victor Durkowski; Andrew Titman; Latika Gupta; Marin Hadzhiivanov; Ashar Ahmed; Cristina Musat; Hem R Sapkota,COVID-19; coronavirus; long COVID; pandemics; post COVID-19 syndrome
040-536-178-267-519,HYPERTENSION AS A MANIFESTATION OF COVID-19 PNEUMONIA,2021,,Makhabbat S. Bekbossynova; Ainur T. Tauekelova,coronavirus infection; COVID-19 pneumonia; initial manifestation; arterial hypertension ACE2 receptors; post viral in ammatory complications; long-covid syndrome
040-754-249-502-762,"Long covid-mechanisms, risk factors, and management.",2021,United Kingdom,Harry Crook; Sanara Raza; Joseph Nowell; Megan Young; Paul Edison,
040-911-987-189-276,Historical Insight into Infections and Disorders Associated with Neurological and Psychiatric Sequelae Similar to Long COVID.,2021,Poland,George B. Stefano,COVID-19; Diphtheria; Encephalomyelitis; Fatigue Syndrome  Chronic; Severe Acute Respiratory Syndrome Coronavirus 2
041-245-934-683-304,"Review of: ""COVID-19 Vaccine Effectiveness Against Long-COVID-19 Condition in Pakistan""",2024,,Shaharior Rahman Razu,
041-321-880-208-453,The teachings of Long COVID,2021,England,Nisreen A Alwan,Epidemiology; Health services; Signs and symptoms
042-698-305-184-682,Histopathological Impact of Long COVID on Organ Tissues Study the long-term tissue-level effects of post-acute COVID syndrome.,2025,,Md Azahar; Pooja Choubey; Sanjeev Ahirwar; Ritu Kolhe,
042-810-786-998-296,Vaccine Effectiveness Against Long COVID in Children: A Report from the RECOVER EHR Cohort.,2023,United States,Hanieh Razzaghi; Christopher B Forrest; Kathryn Hirabayashi; Qiong Wu; Andrea Allen; Suchitra Rao; Yong Chen; H Timothy Bunnell; Elizabeth A Chrischilles; Lindsay G Cowell; Mollie R Cummins; David A Hanauer; Miranda Higginbotham; Benjamin D Horne; Carol R Horowitz; Ravi Jhaveri; Susan Kim; Aaron Mishkin; Jennifer A Muszynski; Susanna Naggie; Nathan M Pajor; Anuradha Paranjape; Hayden T Schwenk; Marion R Sills; Yacob G Tedla; David A Williams; Charles Bailey,
042-877-757-386-932,Long-coronavirus disease among people living with HIV in western India: An observational study.,2021,England,Sanjay Pujari; Sunil Gaikwad; Abhishek Chitalikar; Digamber Dabhade; Kedar Joshi; Vivek Bele,HIV; India; long-COVID; prevalence; risk factors; long‐COVID
043-017-409-038-33X,Long COVID: Sufferers can take heart.,2024,Australia,Robert Tindle,
043-129-547-800-309,"Long COVID Treatment No Silver Bullets, Only a Few Bronze BBs",2026,,Robert  L Martin,
043-401-587-246-613,A Mixed-Methods Evaluation of a Virtual Rehabilitation Program for Self-Management in Post-COVID-19 Syndrome (Long COVID).,2022,Switzerland,Thuvia Flannery; Hannah Brady-Sawant; Rachel Tarrant; Jennifer Davison; Jenna Shardha; Stephen Halpin; Manoj Sivan; Denise Ross,Multi-Disciplinary Team; SARS-CoV-2 virus; Template Analysis; digital technology; post-acute sequalae of COVID-19; virtual course
043-441-507-311-697,Abstract We0034: Long COVID is Associated with Higher Incidences of Adverse Cardiovascular but not Renal Outcomes: A Global Retrospective Study,2025,United States,Akash Pradeep; Srija Manchkanti; Sanjana Dayal,
043-463-415-697-737,Exploring Online Peer Support Groups for Adults Experiencing Long COVID in the United Kingdom: Qualitative Interview Study.,2022,Canada,Hannah L S Day,COVID-19; digital health; digital peer support; internet; interview; long COVID; online health; online health communities; patient experience; peer support; post-COVID-19 syndrome; qualitative; self-help groups
043-479-478-662-562,Risk Factors and Management of Long COVID,2022,,Xiangmin Dong,Long COVID; Risk Factors; Managements
043-511-500-684-766,Recognition of Long-COVID-19 Patients in a Canadian Tertiary Hospital Setting: A Retrospective Analysis of Their Clinical and Laboratory Characteristics,2021,Switzerland,Robert A. Kozak; Susan M Armstrong; Elsa Salvant; Claudia Ritzker; Jordan J. Feld; Mia J. Biondi; Hubert Tsui,SARS-CoV-2; disease biomarkers; long-COVID; long-haulers; retrospective analysis
044-013-420-432-141,Therapies for Long COVID,2021,,Shamil Haroon; Melanie Calvert,
044-037-009-784-936,Colchicine use in post-covid syndrome (Long COVID),2026,,M.M. Yusupalieva; N.S. Burtsev,
044-112-287-882-250,Effect of Epipharyngeal Abrasive Therapy on Long COVID with Chronic Epipharyngitis,2022,,Hirobumi Ito,long COVID; EAT; EAT score; bleeding score; heart rate variability analysis PVFS: Post Viral Fatigue Syndrome; LC: long COVID; ME/CFS: Myalgic Encephalomyelitis/Chronic Fatigue
044-228-309-555-715,Long Covid collection,2022,,Robert Leaman,
044-338-416-831-719,Long Covid in the workplace,2023,,Adam Bernstein,
044-361-342-703-903,Prevalence and Correlates of Probable Anxiety and Depression among U.S. Individuals with Long COVID.,2025,Italy,Lanlan Chu; Isabel Honzay,
045-154-700-164-095,Long covid and disability,2024,Spain,D Suárez; E Pascual; J R Soravilla,Covid persistente; Disability; Disability scales; Discapacidad; Escalas de discapacidad; Long covid
045-628-094-389-607,"Long COVID Discourse in Canada, the United States, and Europe: Topic Modeling and Sentiment Analysis of Twitter Data (Preprint)",2024,,Ahmed Ghassan Tawfiq AbuRaed; Emil Azuma Prikryl; Giuseppe Carenini; Naveed Zafar Janjua,
045-832-225-333-848,AN EXPLORATORY FACTOR ANALYSIS OF LONG COVID,2023,,Joseph A. Dorri; Leonard A. Jason,Long COVID; Exploratory factor analysis; DSQ-COVID; Scale reliability; Case definition
045-929-872-500-017,"""PROSPECTIVE OBSERVATIONAL STUDY TO DETERMINE VARIOUS CLINICOBIOCHEMICAL PARAMETERS IN DEVELOPMENT OF LONG COVID""",2023,,Harikrishnan S; Rahul Sud,
046-247-154-918-863,"Long COVID: Current Status, Challenges and Future Directions",2024,,Liling Huang; Tingting Huang; Yongqian Liao; Shaoling He; Yanling Hu; Jiannan Lv; Yuluan Zhang; Chengqiong Xu,
046-314-491-697-35X,'Long COVID' syndrome.,2021,United Kingdom,Priyal Taribagil; Dean Creer; Hasan Tahir,COVID-19; respiratory medicine
046-354-169-859-222,"Psychologists' experiences and perspectives of adults with long-Covid and neurodiversity, including intellectual disabilities",2023,,Gregg H. Rawlings; Nigel Beail,
046-420-157-549-14X,Risk Factors and Clinical Presentations of Long COVID: A Retrospective Observational Propensity Score Matching Study,2025,,Lanre Peter Daodu; Yogini Raste; Francesca I.F. Arrigoni; Judith E. Allgrove; Reem Kayyali,
046-720-405-985-472,Inflammatory Modulation of Interleukin-17 and -23 in Long COVID Diabetic Patients,2024,,Esra Hassan,
046-845-346-973-971,The Conundrum of 'Long-COVID-19': A Narrative Review,2021,New Zealand,Mandeep Garg; Muniraju Maralakunte; Suruchi Garg; Sahajal Dhooria; Inderpaul Singh Sehgal; Ashu Seith Bhalla; Rajesh Vijayvergiya; Sandeep Grover; Vikas Bhatia; Priya Jagia; Ashish Bhalla; Vikas Suri; Manoj Kumar Goyal; Ritesh Agarwal; Goverdhan Dutt Puri; Manavjit Singh Sandhu,Long-COVID; Long-COVID-19; chronic COVID; ongoing symptomatic COVID-19; post-COVID; post-COVID-19 syndrome
047-076-004-025-587,Plasma cytokine levels reveal deficiencies in IL-8 and gamma interferon in Long-COVID.,2022,United States,Elizabeth S C P Williams; Thomas B Martins; Harry R Hill; Mayte Coiras; Kevin S Shah; Vicente Planelles; Adam M Spivak,Long-COVID; PASC; IL-8; IFNγ; Immune Exhaustion; SARS-CoV-2
047-109-550-057-859,Long COVID - One Year On.,2022,United States,Timothy Meagher,COVID-19; Long COVID; epidemiology; long term disability; pathophysiology; post COVID-19 condition; post-COVID syndrome; post-acute sequelae of SARS-CoV-2 infection; risk factors.
047-139-586-891-869,The history of chronic fatigue syndromes including ME/CFS and Long Covid,2025,,Gavin Spickett,
047-608-348-878-641,Long COVID and the kidney.,2025,United Kingdom,Vanja Ivković; Urmila Anandh; Samira Bell; Andreas Kronbichler; Maria Jose Soler; Annette Bruchfeld,
047-800-790-039-939,"Reassessment of persistent symptoms, self-reported COVID-19 infection and SARS-CoV-2 serology in the SAPRIS-SERO cohort: identifying possible sub-syndromes of Long Covid",2022,,Nicola Spiers,
047-986-473-670-741,Effects of Long Covid in Daily Life,2022,,Natalie Cohen,Long Covid; Sick leave; Daily life ;
048-234-636-508-955,Long COVID: long-term effects?,2021,United Kingdom,Alessandro Di Toro; Antonio Bozzani; Guido Tavazzi; Mario Urtis; Lorenzo Giuliani; Roberto Pizzoccheri; Flaminia Aliberti; Viola Fergnani; Eloisa Arbustini,COVID 19; Cardiovascular; Long COVID; Post-COVID SARS-CoV-2
048-743-281-869-764,The role of myocardial perfusion imaging in predicting myocardial ischemia in patients diagnosed with long COVID.,2023,Netherlands,Mustafa Erol; Hüseyin Tezcan; Mustafa Duran; Turgut Uygun; Ercan Kurtipek; Hasan Önner,COVID-19; Left ventricular function; Long COVID; Myocardial perfusion imaging
048-942-238-084-314,Stakeholder perceptions of Long COVID care in communities with less access to healthcare including FQHCs: a qualitative study,2025,,Cati Brown-Johnson; Cassandra Bragdon; Amogha Paleru; Tom Quach; Anna Sophia Lessios; Samantha Kling; Linda Geng,
049-234-103-736-302,Long COVID-19,2024,,Athar Memon,
049-426-916-993-10X,Long COVID in children.,2022,Canada,Ran D Goldman,
049-590-139-329-427,"Long COVID: Epidemiology, post-COVID-19 manifestations, possible mechanisms, treatment, and prevention strategies – A review",2024,,Robert C. Sizemore,
049-768-040-795-466,"Functional impact of long COVID among healthcare workers with comorbidities in Quebec, Canada",2025,,Sabine Isangwe; Denis Talbot; Marie-France Coutu; Elisabeth Canitrot; Simon Décary; Emilia Liana Falcone; Manale Ouakki; Philippe Latouche; Alain Piché; Marc Simard; Marianne Balem; Gaston De Serres; Sara Carazo,
049-824-993-961-324,Comparison of Balance Confidence in Older Adults With and Without Long-Haul COVID-19.,2025,United States,Mariel Relyea; Harsh H Buddhadev; Gordon R Chalmers; Steve Bennett,fall risk; long COVID-19; postacute COVID-19 syndrome
049-992-878-928-871,Long COVID: An overview.,2021,Netherlands,A.V. Raveendran; Rajeev Jayadevan; S. Sashidharan,Long COVID”; “Long haulers”; “Post COVID syndrome”
050-025-249-729-089,"The Association Between Self-Reported Long COVID Symptoms and COVID-19 Conspiracy Theories in Jordan, Kuwait, among Other Arab Countries",2024,,Malik Sallam; Kholoud Al-Mahzoum; Moudhi Ahmad Alenezi; Maryam Alsaeed; Fatmah Alsaeed; Noor Albayati; Sarah Alkhaldi; Rawan J. Obeidat; Muna Barakat,
050-432-551-863-420,Long Covid im logopädischen Alltag: Das Thema Long Covid wird für Praxen zunehmend relevant,2021,,Cordula Winterholler,
050-453-426-404-164,Defining the Subtypes of Long COVID and Risk Factors for Prolonged Disease: Population-Based Case-Crossover Study (Preprint),2023,,Skyler Resendez; Steven H Brown; Hugo Sebastian Ruiz Ayala; Prahalad Rangan; Jonathan Nebeker; Diane Montella; Peter L Elkin,
050-491-226-217-492,"Respiratory Manifestations in COVID-19 and ‘Long Covid’: The Morbidity, Complications and Sequelae",2021,,Vinod Nikhra,Long Covid; Long Haulers; Ground Glass Opacities; Covid Pneumonia; ARDS; Pulmonary Fibrosis; Covid Pulmonary Clinics; Heart Failure; Pulmonary Care Continuum; Holistic Care
051-029-333-400-547,Long COVID: Diagnosis and Treatment of Respiratory Syndrome in Post COVID-19 Conditions,2022,,Erlina Burhan,
051-107-251-351-973,Cognitive impairment in long-COVID.,2024,Hungary,Tozkir Julide; Turkmen Cigdem; Topcular Baris,COVID-19; brain fog; cognition; cognitive impairment; long-Covid
051-202-394-666-900,The Influence of SARS-CoV-2 Variants on Long COVID Symptoms and Recovery,2024,,Dr. Ethan Clarke; Dr. Ethan White,
051-744-435-065-551,Participants' Perspectives and Feedback on a Feasibility Trial of Acupuncture for Long COVID,2025,,Rachel Geyer; Aiko Bailey; Dan Cherkin; Jing Zhang; Janna Friedly; Nicole Gentile,
051-940-786-406-993,"ВОЗМОЖНЫЕ ПРИЧИНЫ РЕЗИДУАЛЬНЫХ ПСИХОНЕВРОЛОГИЧЕСКИХ НАРУШЕНИЙ ВСЛЕДСТВИЕ ПЕРЕНЕСЕННОЙ ИНФЕКЦИИ COVID-19 («LONG COVID», «LONG HAULERS COVID»), И ИХ КОРРЕКЦИЯ",2024,,И.М. Улюкин; А.А. Сечин; Е.С. Орлова,
051-948-150-435-154,5.O. Scientific session: Exploring incidence and access to care for migrants and ethnic minorities with long-COVID,2024,United Kingdom,Charles Agyemang Chair persons: Marie Nørredam,
052-204-671-625-230,The Effects of COVID-19 on Anxiety and Depressive Symptoms Among Chinese College Students: Chain Mediation of Three Long COVID-19 Symptoms.,2024,United States,Yuanyuan Deng; Yifan Tong; Yao Zhang; Mingfan Liu,Anxiety; depression; psychometrics; wellness
052-204-832-969-748,Cancer as a prospective sequela of long COVID-19.,2021,United States,Geetanjali Saini; Ritu Aneja,COVID-19 sequelae; SARS-CoV-2; cancer; health disparities; long COVID-19
052-680-071-793-895,Why the Patient-Made Term 'Long Covid' is needed [version 1;peer review: awaiting peer review],2020,,Elisa Perego; Felicity Callard; Laurie Stras; Barbara Melville-Jóhannesson; Rachel Pope; Nisreen A Alwan,
053-158-782-522-930,The rationale for the treatment of long-Covid symptoms - A cardiologist's view.,2022,Switzerland,Elisabeth Schieffer; Bernhard Schieffer,HDL - cholesterol; cholesterol; histamin challenge; kalkrein-kinin system; lipid – hybrid nanoparticles; long-Covid syndrome; renin-angiotensin system
053-305-355-726-645,Clinical and laboratory predictors of long-COVID in children: a single center retrospective study.,2022,Italy,D Güven; A D Buluş,
053-683-185-238-11X,Long COVID - An Early Perspective.,2021,United States,Timothy Meagher,COVID-19; long COVID; long haulers.; long term disability; post-COVID syndrome; long haulers
053-857-054-982-528,Pregnancy in a Post-Pandemic World: Long Covid and Post-Covid in Pregnancy,2025,,Najimudeen M; Hana W. Jun Chen; Myo Hla Myint; Winson S. M; Thavamani R. M; Anisah J; Myint Myint Maw,
053-895-825-620-451,Breakthrough Symptomatic COVID-19 Infections Leading to Long Covid: Report from Long Covid Facebook Group Poll,2021,,Daisy Massey; Diana Berrent; Harlan M. Krumholz,
054-023-663-728-408,Long-COVID syndrome and the lung.,2022,United Kingdom,Seamas C Donnelly,
054-122-389-460-157,Long-Term Manifestations of COVID-19: A Review.,2025,United States,Brianna Castellano; Courteney Castellano; Alexandria Sobczak; Deepesh Khanna,ace-2 receptors; cardiovascular manifestations of covid-19; coronavirus disease; covid-19; covid-19 symptoms; gastrointestinal manifestations of covid-19; long covid syndrome; long-term manifestation of covid-19; neurological manifestations of covid-19; respiratory manifestations of covid-19
054-130-245-584-820,"Race, Socioeconomic Status, and Long COVID",2023,,Patricia Louie; Cary Wu,
054-205-775-690-501,Long Covid.,2024,Netherlands,Asiya Kamber Zaidi; Puya Dehgani-Mobaraki,Long Covid; Long haulers; PASC; SARS-CoV-2 persistence
054-214-977-732-583,1.D. Workshop: Long COVID: A Myth or a reality?,2023,United Kingdom,EUPHA-PHMR Organised by: EUPHA-CHR; Nienke Schutte Chair persons: Sarah Cuschieri,
054-435-451-523-559,Molecular and Immunological Signatures of Long COVID: Implications for Diagnosis and Personalized Treatment Strategies,2025,,Jorine KN Hammink; Tim R van Elst,
054-493-953-493-703,P-1607. Long COVID and Cardiovascular Diseases Among US Adults: A Survey Study,2026,United States,Geoffrey Zhang; John Lin; Dang Nguyen; Madison S McCarthy; Thomas P Giordano,
054-988-084-077-410,Long COVID-19 Symptoms Remedied by Anti-Viral Treatment in Neurosurgical Patients,2023,United States,Robert Michael Beatty,
055-035-342-636-937,"Prevalence of symptoms, comorbidities, fibrin amyloid microclots and platelet pathology in individuals with Long COVID/ Post-Acute Sequelae of COVID-19 (PASC)",2022,,Etheresia Pretorius; Chantelle Venter; Gert Jacobus Laubscher; Maritha J. Kotze; Sunday Oladejo; Liam R. Watson; Kanshu Rajaratnam; Bruce W. Watson; Douglas B. Kell,
055-092-183-556-69X,Postinfection-post Vaccination Autoimmune Neural Long COVID-19: A Review,2022,,Ibrahim M. S. Shnawa,
055-095-705-962-614,Long COVID Toolkit,2025,,Maryangela Ohanu,
055-364-110-131-355,Long Covid: is it a Fact?,2022,,Nahla AM Hamed,
056-180-491-183-318,COVID-19 Booster Vaccination Status and Long COVID in the United States: A Nationally Representative Cross-Sectional Study.,2024,Switzerland,Jamie L Romeiser; Kelsey Schoeneck,COVID-19; booster vaccination; long COVID; severe infection; vaccines
056-319-496-567-437,Long Covid,2022,,Eve Stockhammer,
056-603-646-781-913,COVID-19 und Long-COVID,2021,,,
056-678-436-824-491,The Use of Nirmatrelvir-ritonavir in a Case of Breakthrough Long COVID,2023,,Linda N. Geng; Hector F. Bonilla; Robert W. Shafer; Mitchell G. Miglis; Phillip C. Yang,Long COVID; PASC; Post-COVID; Antiviral; Paxlovid
056-994-329-700-682,"Table 2: Baseline demographics of study populations comparing between non-long COVID and long COVID cases and variables associated with the risk of long COVID status (
                      <i>n</i>
                       = 247).",,,,
057-135-685-958-162,"Long covid: ""Holistic"" approach is best, given range of symptoms, say researchers.",2022,United Kingdom,Gareth Iacobucci,
057-302-228-896-184,"Long-Haul COVID-19: Putative Pathophysiology, Risk Factors, and Treatments",2020,,Shin Jie Yong,
057-483-857-485-113,"Persisting Shadows: Unraveling the Impact of Long COVID-19 on Respiratory, Cardiovascular, and Nervous Systems.",2023,Italy,Christina-Michailia Sideratou; Christos Papaneophytou,ACE-2; COVID-19; SARS-CoV-2; cytokine storm; long-COVID; post-COVID
057-586-733-664-509,Long COVID in Hospitalized COVID-19 Patients: A Retrospective Cohort Study.,2022,Iran,Nese Yaksi; Ayse Gulsen Teker; Ayfer Imre,COVID-19; Hospital; Long COVID; Symptom; Turkey
057-610-742-111-946,"Breathless, without strength, forgetful: Long Covid, the pandemic within the pandemic.",2024,Italy,Dagmar Rinnenburger,
057-951-322-465-911,Brain fog as a Long-term Sequela of COVID-19.,2022,Switzerland,Ali Nouraeinejad,Brain fog; COVID-19; Cognitive impairment; Long COVID; Pathophysiology; SARS-CoV-2; Systemic inflammation; Virus infection
058-260-089-463-461,Long COVID and rehabilitation.,2023,Hong Kong,Hung-Jui Chuang; Chia-Wei Lin; Ming-Yen Hsiao; Tyng-Guey Wang; Huey-Wen Liang,Activities of daily living; COVID-19; Long COVID; Rehabilitation
058-481-572-069-877,"Review of: ""Candida and Long Covid""",2024,,Julio-Alberto Diaz-Ramos,
058-484-946-490-599,"Empowering Recovery: Knowledge, Attitude, and Experience among the Physiotherapy Fraternity for Long COVID Rehabilitation: A Cross-sectional Study",2024,,Amal Saeed Alshaali; Ramprasad Muthukrishnan; Watson Arulsingh D.R; Nada Alnuaimi,
058-490-376-985-565,Generalization of Long COVID,2023,,,
058-535-149-672-653,The prevalence and nature of communication and swallowing difficulties among adults with long-COVID,2023,,Órla Gilheaney; Aoife McIntyre; Kathleen McTiernan,
058-595-834-455-029,Supporting patients with long COVID return to work.,2021,United Kingdom,Ira Madan; Tracy A Briggs; Carolyn Chew-Graham,
058-771-776-558-512,Sleep and long COVID.,2025,United States,Amnuay Kleebayoon; Viroj Wiwanitkit,
058-783-831-078-545,"Two months follow-up of patients with non-critical COVID-19 in Cape Town, South Africa.",2022,South Africa,Andrea S Mendelsohn; Nikhil Nath; Angela De Sá; Klaus B Von Pressentin,South Africa; long COVID; mild COVID-19; primary health care; rehabilitation
058-816-217-032-633,Antioxidants and Long Covid,2022,,Patrick Chambers,Warburg e ect; oxidative stress; magnesuria; in ammasome; butyrate
058-828-865-992-104,Long COVID and the Brain: A Retrospective Study of the Neuropsychological Manifestations of Long COVID,2025,,Alexandria N. Plant; Ameer Z. Rasheed; Mira Hasan,
059-062-608-450-38X,Quantifying the ongoing epidemic of disability after covid-19 in the UK population aged under 35 years; secondary analysis of the ONS Infection Survey,2021,,Nicola Spiers,
059-341-090-609-203,Incidence of Long COVID Diagnoses in 3.6 Million U.S. Medicare Beneficiaries With COVID-19.,2025,United States,Yasin Abul; Daniel A Harris; Preeti Chachlani; Kaleen N Hayes; Andrew R Zullo; Vincent Mor; Stefan Gravenstein,COVID-19; COVID-19 vaccines; Long COVID; Medicare; Older Adults
059-348-406-120-837,"Long COVID Treatment No Silver Bullets, Only a Few Bronze BBs",2025,,Robert Martin,
059-368-102-746-812,"Long Covid active case finding study protocol: A co-produced community-based pilot within the STIMULATE-ICP study (Symptoms, Trajectory, Inequalities and Management: Understanding Long-COVID to Address and Transform Existing Integrated Care Pathways).",2023,United States,Nisreen A Alwan; Donna Clutterbuck; Marija Pantelic; Jasmine Hayer; Lere Fisher; Lyth Hishmeh; Melissa Heightman; Gail Allsopp; Dan Wootton; Asad Khan; Claire Hastie; Monique Jackson; Clare Rayner; Darren Brown; Emily Parrett; Geraint Jones; Kerry Smith; Rowan Clarke; Sammie Mcfarland; Mark Gabbay; Amitava Banerjee; null null,
059-450-439-967-066,Genetic Risk Factors for Severe and Fatigue Dominant Long COVID and Commonalities with ME/CFS Identified by Combinatorial Analysis,2023,,Krystyna Taylor; Matthew Pearson; Sayoni Das; Jason Sardell; Karolina Chocian; Stephen Gardner,
059-548-972-852-254,Chronic COVID Syndrome: Need for an appropriate medical terminology for Long-COVID and COVID Long-Haulers.,2021,United States,Abdul Mannan Baig,
059-619-398-893-398,"The Effects of Probiotics, Prebiotics, and Synbiotics on Gut Microbiota Composition in Long COVID: A Systematic Review and Meta-Analysis",2025,,Alifa Sya'bani,
059-706-168-218-798,The long covid dividend,2022,United States,,
059-716-651-378-213,"Long COVID in Children: United States, 2022.",2023,United States,Anjel Vahratian; Dzifa Adjaye-Gbewonyo; Jin-Mann S Lin; Sharon Saydah,
059-861-268-945-773,Long-COVID symptom risk among COVID-19 patients and its relationship to COVID-19 vaccination; a prospective cohort study,2022,,Bayan Abu Hamdah; Zaher Nazzal,
059-886-518-662-233,Penalized regression with negative-unlabeled data: an approach to developing a Long COVID research index.,2025,United Kingdom,Harrison T Reeder; Tanayott Thaweethai; Andrea S Foulkes,COVID-19; Feature selection; Long COVID; Negative-unlabeled data; Penalized regression; SARS-CoV-2
059-897-679-008-711,Preliminary Report on Residual Lung Damage in Long COVID-19 Using AD-cSVF In Clinical Trial NCT# 04326036,2023,,Robert Alexander,
059-930-601-445-112,Meridian Palpation Treatment for COVID-19 and Long COVID Conditions,2023,,,
059-992-589-663-283,Long-COVID-19 Symptoms after Infection in COVID Long-Haulers,2021,,Stefania Pellino; Margherita Luciano; Rosamaria Luciano; Erika Mancini; Maria Concetta Conte; Gennaro Volpe; Tommaso Zerella,COVID-19; Long-COVID; Long-Haulers
060-062-180-575-573,Understanding the #longCOVID and #longhaulers Conversation on Twitter: Multimethod Study (Preprint),2021,,Sara Santarossa; Ashley Rapp; Saily Sardinas; Janine Hussein; Alex Ramirez; Andrea E Cassidy-Bushrow; Philip Cheng; Eunice Yu,
060-291-388-470-235,Long COVID-19,2023,,Leonor Chacin Bonilla,
060-332-790-839-908,Long COVID syndrome – general aspects,2021,,Adriana Ticărău; Bucureşti Universitatea de Medicină şi Farmacie „Carol Davila“; Mihaela Adela Iancu; Dumitru Matei; Bucureşti Institutul Naţional pentru Sănătatea Mamei şi Copilului „Alessandrescu-Rusescu“,SARS-CoV-2; COVID-19; long COVID syndrome SARS-CoV-2; COVID-19; sindromul Long COVID
060-507-686-142-168,"Long covid could be four different syndromes, review suggests",2020,United Kingdom,Elisabeth Mahase,
060-534-990-293-634,A Review of Long COVID With a Special Focus on Its Cardiovascular Manifestations.,2022,United States,Elamein Yousif; Sarah Premraj,cardio vascular disease; covid-19; long term sequelae; long-covid; post-acute sequelae of covid-19
060-959-504-334-984,Longitudinal and socio-demographic trends in Long COVID and associated activity limitations: Results from the New York City Community Health Survey 2021 – 2023,2025,,Samuel E. Packard; Amanda Lans; Yang Shi; Shadi Chamany,
061-196-991-534-249,The Impact of COVID-19 Vaccines on Long COVID Symptoms: A Multinomial Propensity Score Weighting Analysis,2025,,Lanre Peter Daodu; Yogini Raste; Judith E. Allgrove; Francesca I.F. Arrigoni; Reem Kayyali,
061-903-771-270-86X,Post-COVID-19 Syndrome or Long COVID: From Patient Symptoms to Current Pathophysiological Hypotheses,2021,,Anna Maria Peluso; Oriana Infante; Ersilia Arvonio; Emanuele Durante-Mangoni,Post-COVID-19 syndrome; Long COVID; SARS-CoV-2
062-011-923-374-004,Long Covid Defined.,2024,United States,E Wesley Ely; Lisa M Brown; Harvey V Fineberg; null null,
062-075-749-718-299,Long COVID: What is it? Who has it? What Are Treatment Resources in Missouri?,2025,United States,Abby L Cheng; Ryan Barker; David von Nordheim; Amy McQueen,Long COVID; Postacute sequelae of COVID (PASC); SARS-CoV-2; assessment; management
062-113-493-594-070,A population data-driven approach to identifying 'Long COVID' cases in support of diagnosis and treatment.,2022,,Jennifer Enns; Alan Katz; Marina Yogendran; Marcelo Urquia; Saman Muthukumarana; Surani Matharaarachchi; Alexander Singer; Nathan Nickel; Leona Star; Teresa Cavett; Yoav Keynan; Lisa Lix; Diana Sanchez-Ramirez,
062-130-921-255-847,The Social Aspects and Impacts of Long COVID,2025,,Deborah Lupton,
062-268-502-709-21X,The effect of COVID-19 on long memory in returns and volatility of cryptocurrency and stock markets,2021,United Kingdom,Salim Lahmiri; Stelios Bekiros,COVID-19; Cryptocurrency; Long-memory; Pandemic; Returns; Stock market; Volatility
062-389-687-034-95X,IMPACT OF COVID-19 PANDEMIC ON QUALITY OF LIFE AND EFFECTING FACTORS AMONG ADULTS WITH LONG COVID: FAMILY HEALTH CENTERS BASED STUDY,2024,,GÜLAY YILMAZEL; Emre KELES,
063-589-830-957-590,A nationwide study of risk factors for long COVID and its economic and mental health consequences in the United States.,2025,England,Daniel Kim,Epidemiology; Public health
063-637-165-603-04X,Inclusion of Long Covid patients in the care trajectory post-Covid-19: evidence from Belgium,2024,United Kingdom,S Moreels; R De Schreye; S Bensemmane,
063-872-419-300-613,Latest Research in Post-COVID (Long COVID),2025,,,
064-062-573-064-067,A Cytokine-based model for the pathophysiology of Long COVID symptoms,2020,,Russell N Low; Ryan J Low; Athena Akrami,COVID-19; Cytokines; Long COVID; Long Hauler; Neuroinflammation
064-191-369-103-381,Long COVID Perspectives,2026,,Elisa Perego,
064-248-218-416-14X,"The pivotal role of central sensitization in long COVID, fibromyalgia and myalgic encephalomyelitis/chronic fatigue syndrome.",2025,United Kingdom,Don L Goldenberg,Long COVID; brain imaging; central sensitization; chronic; fibromyalgia; myalgic encephalomyelitis/chronic fatigue syndrome; widespread pain
064-568-302-104-627,Acupoint stimulation for long COVID: A promising intervention:.,2023,Netherlands,Bo-Wen Feng; Pei-Jing Rong,Acupoint stimulation; Long COVID; SARS-CoV-2; Sequelae; novel coronavirus pneumonia
064-732-935-732-940,Characterizing Long COVID: Deep Phenotype of a Complex Condition [preprint],2021,,Rachel R Deer; Feifan Liu; Melissa Haendel; Peter N. Robinson,
064-809-685-048-750,Assessing the Continuing Impacts of Long COVID: 2023 AARP Focus Groups Among Adults Ages 40 and Older,2024,,Laura Mehegan,
064-853-904-037-217,Do vaccination is an effective therapeutic option for long COVID?,2022,,Jonnalagadda Vihari; Neerukonda Sriteja; Brijeshraj Swain; Adurty Aditya,
065-448-591-397-955,Employers must provide better support to workers with long covid.,2023,United Kingdom,S Thompson,
065-452-028-816-147,The Effect of Long-Haul COVID Towards Domains of The Health Related Quality of Life Among Recovered Hospitalized Patients,2022,,Indang Trihandini; Manendra Muhtar; Dea Allan Karunia Sakti; Chintya Putri Erlianti,Long-Haul COVID; WHOQOL-BREF Domains; Health-Related Quality of Life (HRQOL)
065-543-501-457-420,Acute COVID-19 Syndrome Predicts Severe Long COVID-19: An Observational Study.,2022,United States,Antonio S Menezes; Silvia M Botelho; Luciana R Santos; Aline L Rezende,laboratory findings; long covid-19; observational study; predictors; sars-cov-2.
065-701-545-287-321,"""The idea of rehabilitation will have to be completely rethought for this illness"" - Qualitative results of an online survey on patients' experiences with inpatient rehabilitation for post COVID-19 condition (long COVID)",2024,Netherlands,Sabine Hammer; Julia Schmidt; Annett Conrad; Carmen Nos; Corinna Gellert; Claudia Ellert; Ute Nuding; Ilse Pochaba,Long COVID; Medical rehabilitation; Medizinische Rehabilitation; Patient perspectives; Patientenperspektiven; Post-COVID syndrome; Post-COVID-Syndrom; Qualitative Forschung; Qualitative research; Reha-Erfolg; Rehabilitation success
065-823-836-586-183,Komorbid Diabetes Melitus Bukan Merupakan Faktor Risiko Long COVID-19,2023,,Muhamad Rizky Pratama Kurniawan Rizky; Lelly Yuniarti Lelly; Umar Islami Umar,
065-869-708-867-128,Characteristics of frailty in perimenopausal women with Long COVID-19 syndrome,2023,,Laura Lopez Lopez; Alba Navas Otero; Araceli Ortiz Rubio; Andrés Calvache Mateo; Irene Cabrera Martos; Irene Torres Sánchez; Marie Carmen Valenza,
066-507-582-213-169,A practical framework for Long COVID treatment in primary care.,2024,Netherlands,W Michael Brode; Esther Melamed,Long COVID; Long COVID treatment; PASC; Primary care
066-615-173-350-128,"Long COVID: the facts, evidence, and the underlying mechanisms",2025,,Shijie Qin; Yanhua Li; Chunxiang Fan; Jian'an Wang; Xiaopeng Ma; George F. Gao,
067-123-117-368-134,"Long COVID: Clinical Findings, Pathology, and Endothelial Molecular Mechanisms.",2023,United States,H Bradford Hawley,Complement; Endotheliopathy; Long COVID; Microthrombosis
067-181-816-291-741,8.H. Scientific session: Coordinated actions to improve our response to Long COVID at EU and national levels,2024,United Kingdom,NIVEL Organised by: DG SANTE European Commission; Johan Hansen Chair persons: Stefan Schreck,
067-253-894-668-479,"""I'm in Hell …"": Experiences of Unmet Health Care Needs Among People with Pre-Existing Disability and Long COVID.",2025,United States,Darcy L Sullivan; Kelsey Goddard; Noelle K Kurth; Jean P Hall,
067-408-525-556-141,Long COVID,2025,United Kingdom,Neda Akhtar Hasan; Rachael Rogers; Emma Tucker; Emily Fraser,
068-465-625-499-313,Long-COVID-19,2022,,Christian Gerloff,
068-837-841-619-089,The UK government needs to expand covid-19 vaccination this winter.,2023,United Kingdom,,
068-849-751-591-674,"Conclusion: Long COVID, long racism",2023,,Vini Lander; Kavyta Kay; Tiffany R. Holloman,
068-861-161-661-814,SPL07 LONG COVID IMPACT ON WORKERS AND ITS MONITORING IN OCCUPATIONAL HEALTH,2024,United Kingdom,Jorge A Morales-Camino,
068-953-769-917-476,Long COVID: a consequence of chronic post-infectious inflammation!,2024,United Kingdom,Joseph M Blondeau,COVID-19; antiviral; inflammation; long COVID; vaccination
069-013-443-438-180,Living with ‘Long COVID-19’: The long-term complications and sequelae,2021,,Vinod Nikhra,COVID-19; Long COVID; Long haulers; Post-COVID myocarditis; Pulmonary fi brosis; Brain fog; Chronic fatigue syndrome; Holistic care
069-093-298-152-700,The Role of Acupuncture for Long COVID: Mechanisms and Models.,2022,United States,James E Williams; Jacques Moramarco,COVID-19; Long COVID; SARS-CoV-2; acupuncture; auricular acupuncture; long-haulers
069-282-596-651-922,Long COVID and Myalgic Encephalomyelitis/Chronic Fatigue Syndrome (ME/CFS)-A Systemic Review and Comparison of Clinical Presentation and Symptomatology.,2021,Lithuania,Timothy L. Wong; Danielle Weitzer,COVID-19; ME/CFS; chronic fatigue syndrome; long-haul COVID-19; myalgic encephalomyelitis; systemic review
069-711-616-729-348,Long COVID: Public Education,2024,,Exon Publications,
069-824-943-147-530,Nourishing the Path to Recovery,2025,,Jane Willcox; Mary Mangos; Paige van der Pligt; Leigh Seidel-Marks,
070-319-412-875-369,Long COVID or post COVID-19 syndrome.,2021,United States,Jeanette Lechner-Scott; Michael J. Levy; Christopher Hawkes; A Yeh; Gavin Giovannoni,Cognitive impairment; Fatigue; Long COVID; Post COVID-19
070-514-224-867-728,Long COVID and lung thromboembolism in young adults,2024,,Irami Araujo-Filho; Amália Cinthia Meneses do Rêgo,
070-603-218-725-066,Long COVID promotes brain network integration and reduces segregation during the acute phase,2025,,Xuan Niu; Gengchen Ye,
070-768-260-664-987,Long covid as a long term condition.,2025,England,Manoj Sivan; Darren Charles C Greenwood; Tracey Smith,
070-849-864-566-725,"Long COVID or post-COVID-19 syndrome: putative pathophysiology, risk factors, and treatments.",2021,United Kingdom,Shin Jie Yong,Long-haul COVID-19; drug repurposing; long COVID; pathophysiology; post-COVID-19 syndrome; risk factors
070-926-964-919-715,"Long COVID - Long COVID: Deutliche Auswirkungen auf Produktivität und
                    informelle Pflege",2025,Germany,,
070-931-805-559-309,Emergence of Long COVID: Threat to Humanity Persists!,2024,,Kaushik Bharati,
071-111-798-815-820,Long Vax is delayed onset Long COVID,2025,United States,Thomas Bunker,
071-614-508-363-817,A Case Report of Long COVID or Post-COVID-19 Symptoms and Characteristics.,2024,United States,Marika Mdivnishvili; Darejan Mdinaradze; Ketino Virkovi; George Gogashvili,covid-19 prevention; long covid syndrome treatment; long-covid syndrome; long-covid-19; sars-cov-2 and covid-19
072-121-256-009-782,The Psychosocial Impact of Long Covid in Children and Adolescents: A Systematic Review,2025,,Kate Vallely; Rebecca Newell; Sammie McFarland; Marija Pantelic,
072-152-358-271-804,Living with long COVID,2021,United Kingdom,Debbie Louise Duncan,
072-270-090-765-885,Long COVID: tackling a multifaceted condition requires a multidisciplinary approach.,2021,United Kingdom,Alice Norton; Piero Olliaro; Louise Sigfrid; Gail Carson; Giuseppe Paparella; Claire E. Hastie; Charu Kaushic; Geneviève Boily-Larouche; Jake Suett; Margaret E O’Hara,
072-632-910-852-526,Long-term complications of COVID-19; an updated mini-review to the current knowledge,2021,,Fatemeh Shafieyeh; Mahsa Heydari,COVID-19; Post-COVID Syndrome; Extreme fatigue; Pulmonary injury; Cardiac injury
073-106-483-661-958,Long COVID-19 Syndrome: A Comprehensive Review of Its Effect on Various Organ Systems and Recommendation on Rehabilitation Plans,2021,Switzerland,Zhipeng Yan; Ming Yang; Ching-Lung Lai,Long COVID-19 Syndrome; Post COVID-19 Syndrome; recovery; rehabilitations
073-306-493-415-204,A Multidisciplinary Rehabilitation Approach to Chronic Pain Patients in the Post-COVID-19 Era.,2023,United States,Annu Navani,
073-465-354-116-464,"Cardiac Manifestations of ""Long COVID"" (Post–COVID-19 Conditions)",2022,,Stephen L. Demeter,
073-620-305-561-884,Impact of COVID-19 vaccination on long COVID: a systematic review and meta-analysis,2022,,Oyungerel Byambasuren; Paulina Stehlik; Justin Clark; Kylie Alcorn; Paul Glasziou,COVID-19; SARS-CoV-2; vaccination; long COVID; post-acute COVID sequalae; post-acute COVID-19 syndrome
073-768-784-310-759,Prevalence and characteristics of long COVID in elderly patients: An observational cohort study of over 2 million adults in the US.,2023,United States,Kin Wah Fung; Fitsum Baye; Seo H Baik; Zhaonian Zheng; Clement J McDonald,
073-788-970-902-967,Course of long COVID symptoms over time in the ComPaRe long COVID prospective e-cohort,2021,,Viet-Thi Tran; Raphael Porcher; Isabelle Pane; Philippe Ravaud,prospective cohort  long COVID  patient-reported outcome measures  quality of life prospective cohort; long COVID; patient-reported outcome measures; quality of life
073-798-788-626-459,"Risk Factors Associated with Long COVID Among Hospitalized Adults in Several Hospitals in Palembang City, Indonesia",2025,,,
073-908-751-022-429,The spectre of long covid,2021,United States,Adam Vaughan,
074-069-010-263-008,"Long COVID symptoms, pathophysiology and possible mechanisms: Still, we are learning!",2023,,null Shital Patil; null Sanika Narkar; null Jayashree Dahiphale; null Vipul Raka; null Shubham Choudhari; null Gajanan Gondhali,
074-525-576-383-136,Social Stigma in Children with Long COVID.,2023,Switzerland,Danilo Buonsenso; Anna Camporesi; Rosa Morello; Cristina De Rose; Matteo Fracasso; Daniela Pia Rosaria Chieffo; Piero Valentini,COVID-19; children; long COVID; social stigma
074-641-369-077-53X,Examining the Mental Health Impact: Investigating the Association between Suicide and Long Covid Syndrome,2024,,Nicole Ann Villa; Gina Maria Fiore; Eduardo Espiridion,
074-908-914-731-518,Data_Sheet_1.docx,,,,COVID-19; long COVID-19 syndrome; endothelial function; microcirculation; endothelium
075-458-791-534-24X,Physical Rehabilitation Techniques for Long COVID,2025,,Jennifer Mepham; Angela Maxwell-McRae; Lynette Hodges,
075-857-939-846-96X,"Long COVID in children and adolescents: prevalence, clinical manifestations, and management strategies.",2023,Korea (South),Eun Kyo Ha; Ju Hee Kim; Man Yong Han,COVID-19; Long COVID; Post COVID syndrome
076-046-451-831-788,A Mixed Methods Analysis of Long COVID Symptoms in Black Americans: Examining Physical and Mental Health Outcomes.,2024,United States,Janelle R Goodwill; Tiwaloluwa A Ajibewa,Black/African Americans; COVID-19; Long COVID; Mental Health; Physical Health; Post-acute Sequelae of COVID-19 (PASC); Suicidal Ideaiton; Suicide
076-406-663-144-169,Persistent clotting protein pathology in Long COVID/ Post-Acute Sequelae of COVID-19 (PASC) is accompanied by increased levels of antiplasmin,2021,,Etheresia Pretorius; Maré Vlok; Chantelle Venter; Johannes A. Bezuidenhout; Gert Jacobus Laubscher; Janami Steenkamp; Douglas B. Kell,COVID-19; Long COVID/PASC; Fibrin(ogen); Microclot; Proteomics; Antiplasmin; Serum
076-500-078-086-78X,The Illness Experience of Long COVID Patients: A Qualitative Study Based on the Online Q&A Community Zhihu.,2022,Switzerland,Yi Wang; Sheng Bao; Yubing Chen,illness experience; long COVID patients; stigma
076-649-001-600-31X,Long COVID,2021,,Diego Castanares-Zapatero; Laurence Kohn; Marie Dauvrin; Jens Detollenaere; Charline Maertens de Noordhout; Célia Primus-de Jong; Irina Cleemput; Koen Van Den Heede,
076-837-913-263-123,Demographic And Clinical Factors Associated With Long COVID.,2023,United States,Zirui Song; Mia Giuriato,
077-007-702-600-015,"Long COVID, Disability, and the Workplace.",2023,United States,Neil J Nusbaum,coronavirus disease 2019 (COVID-19); disability; discrimination; employment
077-057-834-445-77X,Long COVID,2022,,Eduardo López M.,
077-256-278-142-728,Registered clinical trials investigating treatment of long COVID: a scoping review and recommendations for research,2022,,Felicia Ceban; Alexia Leber; Muhammad Youshay Jawad; Mathew Yu; Leanna M. W. Lui; Mehala Subramaniapillai; Joshua D. Di Vincenzo; Hartej Gill; Nelson B. Rodrigues; Bing Cao; Yena Lee; Kangguang Lin; Rodrigo B. Mansur; Roger Ho; Matthew J. Burke; Joshua D. Rosenblat; Roger S. McIntyre,
077-587-424-067-807,"Association of Long COVID with housing insecurity in the United States, 2022-2023.",2023,United States,Samuel E Packard; Ezra Susser,COVID-19; Housing; Housing Insecurity; Long COVID; Post-Acute COVID-19 Syndrome
077-608-319-199-568,P107 Health-related quality of life in long covid (post-COVID-19 syndrome) service users in Wales is much worse than the general population,2023,,Brendan Collins; Mark Humphrys; Rob Orford; Rachel Ford; Joanna Charles,
078-016-656-308-048,The Microbiota in Long COVID.,2024,Switzerland,Carmen Álvarez-Santacruz; Sylwia D Tyrkalska; Sergio Candel,COVID-19; SARS-CoV-2; dysbiosis; long COVID; microbiota
078-071-962-278-264,The evolving picture of long COVID.,2022,Canada,Diana Duong,
078-400-275-328-228,"Lange Arbeitsunfähigkeitszeiten
                    wegen Long/Post
                    COVID",2022,Germany,,
078-409-799-603-500,TCM Treatment of Long COVID,2023,,,
078-415-331-424-655,Psychological consequences of long COVID: comparing trajectories of depressive and anxiety symptoms before and after contracting SARS-CoV-2 between matched long- and short-COVID groups.,2022,United Kingdom,Daisy Fancourt; Andrew Steptoe; Feifei Bu,Long COVID; anxiety; depression; mental health; pandemic
078-440-080-900-622,Long COVID Fatigue,2025,,Thorsten Rudroff,
078-500-254-353-334,"Long COVID Treatment No Silver Bullets, Only a Few Bronze BBs",2026,,Robert  L Martin,
078-778-462-293-555,A Mechanistic Model for Long COVID Dynamics.,2023,Switzerland,Jacob Derrick; Ben Patterson; Jie Bai; Jin Wang,92D30; COVID-19; long COVID; mathematical modeling; numerical simulation
078-867-086-622-072,"""Research Study to Evaluate the Clinical Effectiveness of the Nutritional Supplement VITAMIC BIOSEN®, Combination of Curcumin, Vitamin C and Boswellia Serrata on individuals with Symptoms Consistent with LONG COVID who have Been Vaccinated Against the SARS-CoV2""",2022,,Francisco M Mera Cordero,
078-868-250-539-866,Investigation of Long COVID Prevalence and Its Relationship to Epstein-Barr Virus Reactivation,2021,Switzerland,Jeffrey E. Gold; Ramazan Azim Okyay; Warren E. Licht; David J. Hurley,COVID-19; EBV; Epstein–Barr virus; Epstein–Barr virus reactivation; PACS; SARS-CoV-2; chronic COVID syndrome; coronavirus; long COVID; post-acute COVID-19 syndrome
078-870-294-525-725,Galaninergic System Dysregulation in Long-COVID: Neural injury Associations,2024,,null Wasim Talib Mahdi Al Masoodi; null Sami Waheed Radhi; null Habiba Khdair Abdalsada; null Hussein Kadhem Al-Hakeim,
079-026-772-648-969,Candida and Long Covid,2024,,Patrick Chambers,
079-144-659-593-625,The new frontier: Clinical consequences of long COVID,2023,,Joseph A. Bellanti,
079-276-861-561-058,Long Covid (LC) is still unrecognized in Greece. A barrier to adequate treatment.,2023,,Martha-Spyridoula Katsarou; Archontoula Antonoglou; Paraskevi Katsaounou; Antonis Kontaxakis; Ioanna Kotsamidi; Vassiliki Vakouftsi; Maria Saroglou; Helen Iasonidou,
079-513-633-369-714,"Review 1: ""Risk Factors Associated with Post-Acute Sequelae of SARS-CoV-2 in an EHR Cohort: A National COVID Cohort Collaborative (N3C) Analysis as Part of the NIH RECOVER Program""",2022,,Denis Nash,
079-709-692-646-739,It's not over till it's over: a narrative review of Long COVID,2021,,Joseph V. Pergolizzi; Jo Ann LeQuang; Peter Magnusson; Dariusz Myrcik; Giustino Varrassi,COVID-19; COVID therapy; Fatigue; Immunobiography; Long COVID; Long-haul COVID; Oxidative stress; Therapy
079-778-122-512-359,"Editorial: Long COVID, or Post-COVID Syndrome, and the Global Impact on Health Care",2021,Poland,Dinah V Parums,Editorial; COVID-19; Severe Acute Respiratory Syndrome Coronavirus 2
080-338-500-662-220,Analysis of the clinical development landscape targeting long-COVID and evolution of clinical outcome assessment methods – An industry perspective,2025,,Ramesh Pandey; Saurabh Kumar,
080-809-980-357-96X,"Depression and brain fog as long-COVID mental health consequences: Difficult, complex and partially successful treatment of a 72-year-old patient-A case report.",2023,Switzerland,Maris Taube,brain fog; case report; depression; long-COVID; treatment
080-865-096-170-21X,Burden of long COVID and associated risk factors among Japanese adults: findings of the CARE Japan Study,2025,,Sabera Sultana; Yusuke Asai; Haruhiko Ishioka; Shinichiro Ikeda; Anna Ohtera; Nobuaki Matsunaga; Shinya Tsuzuki; Norio Ohmagari,
080-975-112-906-096,Long-Haulers and Labor Market Outcomes,2022,,Dasom I. Ham,
081-241-473-366-623,"Epidemiology, Symptomatology, and Risk Factors for Long COVID Symptoms: Population-Based, Multicenter Study (Preprint)",2022,,Martin Chi-Sang Wong; Junjie Huang; Yuet-Yan Wong; Grace Lai-Hung Wong; Terry Cheuk-Fung Yip; Rachel Ngan-Yin Chan; Steven Wai-Ho Chau; Siew-Chien Ng; Yun-Kwok Wing; Francis Ka-Leung Chan,
081-307-429-596-586,Characteristics and Determinants of Pulmonary Long COVID.,2024,United States,Michael John Patton; Donald Benson; Sarah W Robison; Raval Dhaval; Morgan L Locy; Kinner Patel; Scott Grumley; Emily B Levitan; Peter Morris; Matthew Might; Amit Gaggar; Nathaniel Erdmann,
081-356-214-467-34X,Navigating Health and Social Care for Long COVID in Canada: Perspectives from People with Long COVID and Providers,2026,,Marina Wasilewski; Logan Reis,
081-678-574-210-187,Neurological and systemic manifestations in Long covid: Underestimated sequel of covid's pandora!,2023,,null SHITAL PATIL; null SHUBHAM CHOUDHARI; null VIPUL RAKA; null SANIKA NARKAR; null JAYASHRI DAHIPHALE; null GAJANAN GONDHALI,
081-917-893-880-466,COVID-19 ‘long haulers’ experiencing symptoms long after virus,2020,,Simone Del Rosario,
082-026-286-635-247,The Central Role of Macrophages in Long COVID Pathophysiology,2025,,Philip McMillan; Anthony Turner; Bruce Uhal,
082-138-189-169-690,"Long COVID: health symptoms, impact on health-related quality of life and mapping to disability weights",2022,United Kingdom,J Haagsma,
082-549-721-988-489,Long COVID management: a mini review of current recommendations and underutilized modalities.,2024,Switzerland,Tiffany K Dietz; Kirsten N Brondstater,chronic COVID-19; long COVID; low-dose naltrexone; management; post COVID; post-acute sequelae of SARS-CoV-2; stellate ganglion block
082-806-204-270-529,Management of Postural Orthostatic Tachycardia Syndrome,2025,,Naomi Whyler; Raeya Bognar; Nathan Butler; Jennifer Smallridge; Emma Tippett,
082-863-933-213-955,"Pulmonary Involvement in COVID-19 and ‘Long Covid’: The Morbidity, Complications and Sequelae",2021,,Vinod Nikhra,Long COVID; Long haulers; Ground glass opacities; COVID pneumonia; ARDS; Pulmonary fi brosis; COVID pulmonary clinics; Heart failure; Pulmonary care continuum; Holistic care
082-993-057-750-077,Employers' Long Game for Long Covid.,2025,United States,Scott Conard; Mark Cunningham-Hill; Mohannad Kusti; Suresh Mukherji; Wayne Rawlins; Stan Schwartz; null null,COVID-19; accommodations; benefits; disability; employment; healthcare plan; long COVID; prevention; productivity; retention
083-167-772-635-82X,Prognosis,2025,,Gavin Spickett,
083-288-262-988-300,Understanding post-hospitalised patients' experiences of long COVID - the PELCO study.,2024,United States,Alice Milne; David Arnold; Andrew Moore,COVID-19; existential crisis; identity; long COVID; patient advocates; post-COVID syndrome; post-hospitalisation experience; psychological support; qualitative interviews; uncertainty
083-594-122-747-99X,The Long-COVID Syndrome - a New Clinical Picture after COVID-19 Infection,2021,Switzerland,Manuela Funke-Chambour; Laurence Feldmeyer; Robert Hoepner; Uyen Huynh-Do; Britta Maurer; Emrush Rexhaj; Thomas Geiser,COVID-19 sequelae; COVID-Spätfolgen; Long COVID; Nachbehandlung von COVID-19; follow-up after COVID-19
083-806-084-198-097,A Machine-Learning Approach to Finding Gene Target Treatment Options for Long COVID,2025,,Alejandro Lopez-Rincon,
083-877-076-452-583,Korean Medicine Review and Treatment Suggestions for the Main Symptoms of Long COVID,2022,,Yosun Hwang; Euna Lee; Hyungwoo Kim,
084-240-925-225-296,Integrating Zero-Shot Classification to Advance Long COVID Literature: A Systematic Social Media-Centered Review,2024,,Nirmalya Thakur,
084-311-719-302-532,One Is the Loneliest N: An Autobiographical Report of Long COVID,2024,,Angela O'Connor,
084-378-152-900-705,COVID-19 and Long COVID in Children,2025,,Christine Koterba; Kristen Hoskinson; Gray Vargas; Rowena Ng,
084-423-503-009-544,Self-Determination and Self-Management for People with Long COVID,2025,,Thomas Ponissi; Tanya Ward; Danielle Hitch,
084-738-998-771-448,Interdisciplinary Allied Health Models of Care for Long COVID,2025,,Joanne Wrench; Leigh Seidel-Marks; Karen Dickinson,
085-064-327-146-842,Long COVID-19,2021,,Francesco Sciacca; Rohit Sharma; Liz Silverstone,
085-413-631-930-976,"Ethnic inequalities in incidence, nature, determinants, and duration of long COVID among hospitalised adults in the Netherlands: A retrospective cohort study",2023,,Felix Chilunga; Brent Appelman; Michele van Vugt; Kirsten Kalverda; Patrick Smeele; Josien Van ES; W Joost Wiersinga; Mikael Rostila; Maria Prins; Karien Stronks; Marie Norredam; Charles Agyemang,
085-524-599-841-659,Long Covid & Antidepressants,2023,,Rafael Rivas Vazquez,
085-546-434-864-673,Long COVID Is Associated with Severe Cognitive Limitations Among U.S. Adults,2025,,Rolake Neba; Iman Mohamed; Theodora Iwudibia; Jahnavi Pinnamraju; Usha Sambamoorthi,
085-913-044-923-799,Long COVID's long R&D agenda.,2021,United Kingdom,Asher Mullard,
085-948-481-158-036,"Clinical features, therapeutic outcomes and recovery period of long COVID",2022,,Kazuki Takakura; Machi Suka; Mikio Kajihara; Shigeo Koido,long COVID; recovery period; persistent symptoms; multisystem disorder; herbaceous medication
086-021-202-591-420,Exploring the Prevalence of Long-Covid and its Factors among Post-Covid Survivors of Karachi,2023,,Sobia Majeed; Imran Ahmed Khan; Tahira Tariq,
086-040-352-198-740,Long COVID,2023,,Mohammed Masood; Sai Sundeep Chodisetti; Ahmed S. BaHammam,
086-334-208-787-384,Long COVID-19 and Suicide.,2024,United States,Leo Sher,Depression; Long COVID; Mental health; Public health; Suicide
086-351-684-388-119,Developing a Long COVID Case Definition: Using Machine Learning to Distinguish Long COVID Based on Symptom Presentation,2025,,Leonard A. Jason; Jacob Furst; Lauren Ruesink; Ben Z. Katz,
086-358-317-643-749,Long COVID is primarily a Spike protein Induced Thrombotic Vasculitis,2023,,Robin Kerr; Harriet A. Carroll,
086-690-104-363-537,Anti-SARS-CoV-2 Antibodies in Long-COVID-Markers of Protection or Elevated Risk? A Systematic Review.,2025,United States,Sylvia Mink; Fabian Wilhelm; Janne Cadamuro; Patrick Reimann; Peter Fraunberger,anti‐SARS‐CoV‐2 antibodies; long‐COVID; post‐COVID‐19 condition
086-777-822-554-073,Headache or Disturbed Smell and Taste During Acute COVID-19 as Predictors of Long COVID at One Year,2024,,Jane Agergaard,
087-357-700-350-692,Answering Our Call to Care: Introduction to the Special Issue on Long Covid,2025,,Todd E. Davenport,
087-359-958-900-136,Editorial: Post-Acute Sequelae of SARS-CoV-2 Infection (PASC). Updated Terminology for the Long-Term Effects of COVID-19.,2023,Poland,Dinah V Parums,COVID-19; SARS-CoV-2; Long COVID; Post-Acute Sequelae of SARS-CoV-2 Infection; PASC; Editorial
087-609-116-516-540,The Effect of the Anti-Inflammatory Diet for the Sequela of COVID-19(long COVID),2025,,Shuyang Xue,
087-771-225-425-539,"Four Years in, What Are the Research Priorities for Long COVID? A Research Priority-Setting Partnership Between People With Lived Experience, Carers, Clinicians and Researchers.",2024,United Kingdom,Aileen Grant; Emma Stage; David Blane; Helen Goss; Jane Ormerod; Stuart McIver; Edward Duncan; Gail Patel; Abi Campbell; Paul Manson; Ganesh Subramanian; Kay Cooper,Long COVID; long‐term sequalae of COVID‐19; postCOVID sequalae; postacute COVID‐19 syndrome; postacute sequalae of COVID‐19; research priorities; research priority setting
087-775-838-240-13X,The Long Haul of Long Covid.,2023,United States,,
088-190-638-101-605,Long COVID: studies reporting on long-term follow up on COVID-19,2021,,S. Collins,
088-610-409-707-433,"More than ""Brain Fog"": Cognitive Dysfunction and the Role of Occupational Therapy in Long COVID",2025,,Helen Skiffington; Ciara Breen,
088-647-916-940-650,Ivermectin IN Long-Covid Patients: A Retrospective Study,2021,,DelFranco Haroldo; Hirsch Roberto; Carvallo Hector,long COVID; Ivermectin; long haulers
088-900-276-667-110,Long COVID-19 Syndrome: Multiorgan Damage and Recommendations for Follow-Up and Rehabilitation,2022,Bulgaria,R. Cherneva; Zh. Cherneva,Long COVID-19 Syndrome; Post-COVID-19 Syndrome; rehabilitations; recovery
089-020-177-723-392,Perspectives of Rehabilitation Professionals on Long COVID Interventions to Facilitate Return-to-Work.,2025,Canada,Cassandra MacKinnon; Cassandra Castro-Barquero; Alexandra Kontis; Vanessa Patrice; Mayoore Nadarajah; Tania Janaudis-Ferreira,Aptitude au travail; COVID longue; Long COVID; Occupation; Rehabilitation; Return to work; Vocational; Work readiness; occupation; retour au travail; réadaptation professionnelle
089-068-459-737-154,"Long COVID Discourse in Canada, the United States, and Europe: Topic Modeling and Sentiment Analysis of Twitter Data.",2024,Canada,Ahmed Ghassan Tawfiq AbuRaed; Emil Azuma Prikryl; Giuseppe Carenini; Naveed Zafar Janjua,Twitter; long COVID; public health; public perception; sentiment analysis; social media analysis; topic modeling
089-487-871-223-08X,"PO10 |  Clinical and laboratory features of long-Covid syndrome: a cross-sectional study of 1,337 Covid-19 survivors",2025,,Pantep Angchaisuksiri; Wolfram Ruf; Jeffrey Weitz; Sam Schulman; Guy A. Young; Bianca Rocca; Emma C. Hansson; Milan Milojevic; Anders Jeppsson,
090-138-428-103-753,What is the current state of research on the epidemiology of long COVID-19 or post-COVID-19?,2025,,null Tripdatabase,
090-190-796-908-692,Observations on the US working definition for Long Covid as of May 2023,2023,,Elisa Perego,
090-647-922-660-77X,Comparability of Control and Comparison Groups in Studies Assessing Long COVID.,2023,United States,Alyson Haslam; Vinay Prasad,COVID-19; control arm; long COVID; long-haulers; study design
090-751-736-732-426,Long COVID: Does SARS-CoV-2 induce lingering brain lesions?,2023,United Kingdom,Jacques Hugon,COVID-19; cognitive disorders; infections; mild cognitive impairment; neurological disorders
090-827-848-270-658,Emerging Symptoms of and Institutional Support for Students with Long COVID in Higher Education,2023,United States,Katherine Aquino; Jane Jarrow; Lisa Vance,
090-896-329-571-634,The Long-COVID Syndrome,2026,,Samuel K. McGowan; Ann M. Parker; Lekshmi Santhosh,
091-217-607-407-906,Coenzyme Q-10: a potential role in alleviating long Covid-19 symptoms,2022,,Juwalita Surapsari,
091-517-427-905-072,Long COVID as a functional somatic symptom disorder caused by abnormally precise prior expectations during Bayesian perceptual processing: A new hypothesis and implications for pandemic response.,2023,United States,Ari R Joffe; April Elliott,Bayesian predictive processing; Long-COVID; functional syndrome; mass sociogenic illness; somatic symptom disorder
091-563-892-621-240,Postacute Sequelae From SARS-CoV-2 at the University of Illinois Hospital and Clinics: An Examination of the Effects of Long COVID in an Underserved Population Utilizing Manual Extraction of Electronic Health Records.,2025,United States,John Musachia; Jon Radosta; Dirin Ukwade; Shahrukh Rizvi; Romani Wahba,Chart reviews; Long COVID; Postacute Sequelae from SARS-CoV-2; underserved
091-754-117-174-189,Mid and South Essex Long COVID Service - continuous innovation through co-production and community outreach,2025,United Kingdom,P. Hancock; R. Barlow,
092-011-417-872-64X,413. Living with Long COVID: A Study on Persistent Symptoms and Vaccination Outcomes Two Years After COVID-19 Infection,2023,United States,Yoonjung Kim; Shin-Woo Kim; Sohyun Bae; Hyun-Ha Chang,
092-016-882-755-396,Long‐COVID Disease or Long‐COVID Syndrome?,2022,,Don L. Goldenberg; Marc A. Dichter,
092-219-234-149-697,The Social and Political Contexts of Long COVID,2025,,Deborah Lupton; Gemma Carey,
092-362-045-715-997,Global Trends and Research Hotspots in Long COVID: A Bibliometric Analysis.,2022,Switzerland,Hongxia Jin; Lu Lu; Haojun Fan,bibliometric analysis; long COVID; network analysis; publication; research hotspots; research trends; social network analysis
092-529-860-079-861,Human genetics implicate thromboembolism in the pathogenesis of long COVID in individuals of European ancestry.,2024,United States,Art Schuermans; Andreas Verstraete; Vilma Lammi; Tomoko Nakanishi; Maddalena Ardissino; Jef Van den Eynde; Benjamin Sun; Marios K Georgakis; Beatriz Guillen-Guio; Louise V Wain; Christopher E Brightling; null null; Johan Van Weyenbergh; Adam J Lewandowski; Betty Raman; Hugo Zeberg; Hanna M Ollila; Stephen Burgess; Pradeep Natarajan; Michael C Honigberg; Kathleen Freson; Thomas Vanassche; Peter Verhamme,
092-705-206-968-621,Applying Lessons From Rheumatology to Better Understand Long COVID.,2023,United States,Don L Goldenberg,
093-579-664-551-219,Online search interest in long-term symptoms of coronavirus disease 2019 during the COVID-19 pandemic in Japan: Infodemiology study using the most visited search engine in Japan.,2023,United States,Kosuke Ishizuka; Taiju Miyagami; Tomoya Tsuchida; Mizue Saita; Yoshiyuki Ohira; Toshio Naito,
093-966-838-005-841,Long COVID and the development of new-onset uveitis: a large database study,2025,,Qais A. Dihan; Nayef Alshammari; Abdelrahman M. Elhusseiny; Kaersti L. Rickels; Ahmed F. Shakarchi; Muhammad Z. Chauhan; Ahmed B. Sallam,
094-086-695-575-820,Long COVID Clinical Manifestations,2023,,Lantian Wei,
094-118-630-720-242,Algorithm for predicting the risk of developing long-Covid in patients with Covid-19,2023,Spain,Andrii Voliansky; Maiia Smilianska; Tetiana Didorenko,
094-327-530-017-964,The implications of long COVID for rural communities.,2022,United States,Nathan Hale; Michael Meit; Samuel Pettyjohn; Amy Wahlquist; Matthew Loos,
094-404-138-664-477,Dealing with the impact of Long COVID on college campuses,2023,,Lisa L. Vance; Katherine C. Aquino,
094-740-038-941-345,The Impact of Long COVID on Global Public Health: Long-term Consequences and Healthcare System Preparedness,2024,,Andi Wahyudi,
094-879-606-081-686,"As a doctor with long covid, I feel abandoned by the NHS.",2023,United Kingdom,null null; null null; null null,
094-950-886-483-581,Disparities by Social Determinants of Health: Links Between Long COVID and Cardiovascular Disease.,2024,Canada,Amitava Banerjee,
095-035-405-986-792,Long COVID and Disability Justice,2024,,Sarah Clark Miller,
095-132-021-701-051,Advancing the Management of Long COVID by Integrating into Health Informatics Domain: Current and Future Perspectives.,2023,Switzerland,Radha Ambalavanan; R Sterling Snead; Julia Marczika; Karina Kozinsky; Edris Aman,COVID-19; concept map for management of long COVID; health informatics; management of long COVID; post-COVID syndrome; public health
095-161-016-373-260,Unravelling Long COVID,2022,,Don Goldenberg; Marc Dichter,
095-264-225-137-741,Long Covid,2022,,Eve Stockhammer,
095-364-596-920-389,The health impact of long COVID during the 2021-2022 Omicron wave in Australia: a quantitative burden of disease study,2022,,Samantha Howe; Joshua Szanyi; Tony Blakely,
095-765-636-569-755,Lullabies for long COVID.,2022,United Kingdom,Karen O'Leary,Clinical trials; Rehabilitation; SARS-CoV-2
095-984-575-598-260,Long COVID: a long road ahead.,2025,England,Svetlana Blitshteyn,Long COVID; autonomic dysfunction; brain health; chronic fatigue syndrome/myalgic encephalomyelitis; dysautonomia; neurology; public health
096-177-380-546-669,Covid-19 inquiry: We must not ignore the long term health impacts of covid.,2024,United Kingdom,Ondine Sherwood,
096-586-894-166-775,Health behaviours the month prior to COVID-19 infection and the development of self-reported long COVID and specific long COVID symptoms: a longitudinal analysis of 1581 UK adults.,2022,United Kingdom,Elise Paul; Daisy Fancourt,COVID-19; Health behaviours; Long COVID
096-819-485-440-141,The Long Shadow of COVID: The Impact of the COVID-19 & Long Covid on Oregon Workers,2022,,Robert Parker; Benjamin Y. Clark,
097-119-764-603-977,Long Covid collection,2022,,Robert Leaman,
097-148-793-233-189,Long COVID-19 Neurological and Psychological Claims: Assessment Guidelines,2022,,Joseph Hirsch; Steven Mandel; Les Kertay; James B. Talmage; Greg Vanickachorn; Kurt Hegmann; James Underhill; John Meyers; Christopher R. Brigham,
097-150-017-852-887,Functional disabilities and adverse well-being by COVID-19 and Long COVID history and employment status: 2022 Behavioral Risk Factor Surveillance System.,2024,United States,Sharon R Silver; Jia Li; Nicole D Ford; Sharon H Saydah,COVID‐19; Long COVID; employment status; functional disability; well‐being; COVID-19; employment; unemployment; disability; wellbeing
097-276-178-683-870,The Challenge of Long COVID: Is the Pandemic Really Over?,2025,Netherlands,Jeff Levin; Matt Bradshaw,COVID-19; SARS-CoV-2; infection; long COVID; pandemic
097-418-085-693-122,A Blood Supply Pathophysiological Microcirculatory Mechanism for the Long COVID,2024,,Aristotle G. Koutsiaris,
097-472-345-358-062,Long COVID,2022,,Luis del Carpio-Orantes,
097-595-577-403-571,Associations Of Long Covid With Aerobic And Muscle-strengthening Physical Activity: The Role Of ME And Fatigue,2025,United States,Zoe Sirotiak; Elizabeth C. Lefferts; Jacob T. Gallagher; Marian L. Kohut,
097-715-866-310-914,FAKTOR-FAKTOR YANG BERHUBUNGAN DENGAN KEJADIAN LONG COVID PADA PENINTAS COVID-19,2022,,Yudha Asy'ari,
097-744-922-406-308,The Importance of Including Long COVID Outcomes When Developing Novel Treatments for Acute COVID-19.,2024,United States,Chloe Connor; Holly A Taylor,COVID-19; clinical trials; long COVID; novel treatments; trial outcomes
097-897-647-413-26X,APPLICATION OF DATA MINING FOR PREDICTION OF LONG COVID ON COVID-19 SURVIVAL WITH FEATURE SELECTION AND NAÏVE BAYES METHOD,2022,,Siti Rokhmah; Nendy Akbar Rozaq Rais,Data Clasification; Data mining; Featture Selection; Long covid; naïve bayes Long covid; data mining; Feature selection; klasifikasi data; naïve bayes
098-513-987-048-036,Beyond the acute illness: Exploring long COVID and its impact on multiple organ systems.,2023,Hungary,Nandini Bhattacharjee; Parantap Sarkar; Tania Sarkar,SARS-CoV-2; long COVID; multiple organ systems; pandemic; post-COVID-19 conditions
098-724-682-352-395,Viewpoint | linking long Covid and AD(H)D through neuroimmune dysfunction: A translational framework proposal for precision medicine.,2025,United States,Martin Spanoghe; Tomaso Antonacci; Nicole Schneider; Thomas H J Molmans,Attention-Deficit/Hyperactivity Disorder; Brain fog; Cognitive impairments; Covid-19; Dopaminergic dysfunction; Immunopsychiatry; Kynurenine pathway; Noradrenergic dysfunction; Pathophysiological mechanisms; SARS-CoV-2
098-803-036-624-646,Long COVID Responses,2023,,Melanie Ehrlich,
098-898-710-573-719,Psychiatric and neurological complications of long COVID.,2022,United Kingdom,Jolanta B Zawilska; Katarzyna Kuczyńska,Anxiety; Cognitive deficits; Depression; Long COVID; Mental health; Post-traumatic stress disorder
098-905-426-799-908,Caring for youth in foster care: A trauma-informed practice guide.,2025,United States,,COVID-19; health practitioners; long COVID; management; postacute sequelae of SARS-CoV-2 infection; postacute COVID syndrome; risk factor; SARS-CoV-2; vaccine
099-199-817-898-234,Evaluation of virologic suppression rates during the COVID- 19 pandemic with outpatient interdisciplinary HIV care,2021,United States,Maria Sorbera; Briann Fischetti; Rebecca Khaimova; Mateusz Niewinski; Kelly Wen,adherence; collaborative practice; medication management; telehealth
099-389-227-777-181,Neurological Aspects of Long COVID-19: A Review,2021,,David Giffard Kawi Junior; Ilsa Hunaifi,Long COVID; Neurological Symptoms; COVID-19; SARS-CoV-2
099-406-260-668-907,Contextualizing Long COVID.,2025,United States,Allison N O'Donnell,infection associated chronic condition; long COVID; office of long COVID research and practice
100-185-549-987-252,Long COVID Citizen Scientists – Developing a needs-based research agenda by persons affected by Long COVID,2021,,Sarah Ziegler; Alessia Raineri; Vasileios Nittas; Natalie Rangelov; Fabian Vollrath; Chantal Britt; Milo A Puhan,
100-644-116-842-592,"Knowledge, Attitudes and Practices regarding Long-Term Complications of COVID-19 among a Sub-Urban Population in Sri Lanka",2021,,Chamindri Witharana; Kithmini Siridewa; Manuj Weerasinghe; Indika Karunathilake,long COVID; COVID 19 vaccination; COVID awareness
100-856-004-867-52X,Lower functional connectivity in areas of reduced cerebrovascular reactivity in elderly patients with long COVID,2023,,Alexander Cohen; Laura Umfleet; Malgorzata Franczak; Sara Swanson; Jessica Pommy; Mohit Agarwal; Baolian Yang; Suchandrima Banerjee; Yang Wang,
101-048-345-166-394,Long COVID,2022,,Board on Health Care Services; Health and Medicine Division; Engineering National Academies of Sciences,
101-109-984-480-028,Case Study – Fully Recovered After 3.5 Years of Long COVID,2024,,Helga Gielen,
101-358-940-205-929,"Functional Limitations and Illness-Related Absenteeism among School-Aged Children with and without Long COVID, United States, 2022-2023.",2025,United States,Nicole D Ford; Regina M Simeone; Caroline Pratt; Sharon Saydah,COVID-19; SARS; SARS-CoV-2; United States; absenteeism; children; coronavirus; coronavirus disease; disability; functional limitations; long COVID; pediatric; respiratory infections; severe acute respiratory syndrome coronavirus 2; viruses
101-534-728-155-864,"Understanding Long COVID Diagnosis, Management, and Collaboration Between Primary and Specialty Care in Colorado",2025,,Donald Nease; Elena Broaddus; Kristen Curcija; Sarah Jolley; Jodi Summers Holtrop,
101-659-630-239-970,ASHA Voices: What We're Learning About Long COVID,2022,,J.D. Gray,
101-834-177-077-824,"Long Covid: quantitative and qualitative analyses of online Long Haulers’ experiences, emotions and practices in the UK",2020,,Sam Martin; Miyake E,
102-144-365-478-439,Long COVID in children.,2022,England,Deepti Gurdasani; Athena Akrami; Valerie C Bradley; Anthony Costello; Trisha Greenhalgh; Seth Flaxman; Martin McKee; Susan Michie; Christina Pagel; Sarah Rasmussen; Gabriel Scally; Christian Yates; Hisham Ziauddeen,
102-713-033-780-460,The Effect Of Long Covid On The Relationship Between Physical Activity And Perceived Health,2024,United States,Zoe Sirotiak,
102-821-719-453-139,Corona With Lyme: A Long COVID Case Study.,2023,United States,Danielle C Thor; Sergio Suarez,covid long haul syndrome; covid-19; dysautonomia; long covid; lyme disease; me/cfs; pacs; post-covid syndrome; post-viral illness; pots
102-971-684-208-478,NEUROSTIMULATING COMPLEXES OF PHYSICAL EXERCISES TO NEUTRALIZE LONG COVID,2021,,Olga Postol; Irina Shchadilova,long COVID; alternative therapy; exercise; students Słowa kluczowe: long COVID; terapia niekonwencjonalna; ćwiczenia; studenci
103-028-752-993-80X,"A bit of a cough, tired, not very resilient – is that already Long-COVID? Perceptions and experiences of GPs with Long COVID in year three of the pandemic. A qualitative study in Austria.",2024,,Silvia Wojczewski; Mira Mayrhofer; Nathalie Szabo; Kathryn Hoffmann,Post-COVID-19 syndrome; postacute sequelae of SARS-CoV-2 infection; PACS; postinfectious disease; primary health care; semistructured interviews; post-COVID condition; family physician; family medicine
103-231-703-819-905,Latest Research in Post-COVID (Long COVID): Pathological and Treatment Studies of Sequelae and Complications,2024,,César Fernández-de-las-Peñas,
103-455-034-035-507,A clinical case of multiple predictors long-COVID-19,2022,,Olga N. Sivyakova; Elena S. Skripkina; Olga V. Voronova,
103-682-780-144-019,"Post-COVID-19 Syndrome Mechanisms, Prevention and Management.",2023,"Iran, Islamic Republic of",Majed B Najafi; Shaghayegh H Javanmard,Chronic COVID syndrome; long COVID; long haul COVID; long hauler COVID; post-acute COVID syndrome; post-acute COVID-19 syndrome
103-952-592-261-071,3.D. Workshop: An urgent need to fully understand Long Covid-19 and its sequela,2022,United Kingdom,Organised by: EUPHA-CHR; Julian Mamo Chair persons: Sarah Cuschieri,
104-053-127-559-101,Using Logistic Regression to Predict Long COVID Conditions in Chronic Patients.,2022,Netherlands,Adnan Kulenovic; Azra Lagumdzija-Kulenovic,EMR; Long COVID; chronic diseases; logistic regression; prediction
104-227-081-414-149,"Long COVID Treatment No Silver Bullets, Only a Few Bronze BBs",2026,,Robert  L Martin,
104-283-784-622-418,The Costs of Long COVID.,2022,United States,David M Cutler,
104-286-130-194-462,The cost of primary care consultations associated with long COVID in non-hospitalised adults: a retrospective cohort study using UK primary care data,2023,,Jake Tufts; Naijie Guan; Dawit Zemedikun; Anuradhaa Subramanian; Krishna Gokhale; Puja Myles; Tim Williams; Tom Marshall; Melanie Calvert; Karen Matthews; Krishnarajah Nirantharakumar; Louise Jackson; Shamil Haroon,
104-466-874-148-555,,2021,,,
104-496-490-143-613,Supporting Evidence For Pulmonary Rehabilitation in the Treatment of Long COVID.,2024,United States,Dave M Burnett,
104-598-098-461-593,"ASHA Voices: 5 Years After COVID-19 Hit, Patients With Long COVID Feel 'Left in the Dust'",2025,,J.D. Gray,
104-891-392-219-290,Genetic risk factors for severe and fatigue dominant long COVID and commonalities with ME/CFS identified by combinatorial analysis.,2023,United Kingdom,Krystyna Taylor; Matthew Pearson; Sayoni Das; Jason Sardell; Karolina Chocian; Steve Gardner,Combinatorial analytics; Long COVID; ME/CFS; PASC; POTS; Patient stratification; Post-Covid; Post-acute COVID syndrome; Post-acute sequelae of COVID-19
104-910-211-780-689,Long COVID: An approach to clinical assessment and management in primary care.,2023,South Africa,Rubeshan Perumal; Letitia Shunmugam; Kogieleum Naidoo,COVID-19; Long COVID; SARS-CoV-2.; long-haul COVID; post-acute sequelae of SARS-CoV-2; SARS-CoV-2
105-107-403-561-556,Long COVID: Assessment of Neuropsychiatric Symptoms in Children and Adolescents - A Clinical Data Analysis,2021,,Jan Froelich; Tobias Banaschewski; Annabelle Ulmer,
105-577-157-305-739,Effect of Vaccination on Long-COVID: A Comprehensive Review and Approach,2023,,Frank (D.C.) H,
105-580-436-587-393,"Review 1: ""Blood Transcriptomics Reveal Persistent SARS-CoV-2 RNA and Candidate Biomarkers in Long COVID Patients""",2024,,Slim Fourati,
105-924-108-259-32X,Experiences of people with long COVID with COVID-19 vaccination and rehabilitation - results of a qualitative study with 48 participants from Germany,2023,,Tim Schmachtenberg; Gloria Königs; Sascha Roder; Frank Müller; Christina Müllenmeister; Dominik Schröder; Iman El-Sayed,
106-004-862-022-02X,Gender and Long COVID,2025,,Kristy Riley; Sara Holton; Rebecca Corva; Krishna Vakil; Elle Def??????in; Catherine M. Bennett; Danielle Hitch,
106-154-176-281-674,Symptoms and options in rehabilitation of post-COVID-19 syndrome (long-COVID),2024,Hungary,Tünde Rita Kupovits,COVID–19; COVID–19 vaccines; COVID–19-oltások; SARS-CoV-2; long-COVID; post-COVID–19 syndrome; poszt-COVID–19-szindróma; rehabilitation; rehabilitáció
106-360-963-211-816,"Covid-19: Long covid symptoms among hospital inpatients show little improvement after a year, data suggest.",2021,United Kingdom,Ingrid Torjesen,
106-678-983-467-94X,PENINGKATAN PEMAHAMAN PENGGUNAAN VITAMIN DAN LONG COVID DI KOTA MATARAM DAN LOMBOK BARAT,2022,,Fitri Apriliany; Recta Olivia Umboro; Dedent Eka Bimmaharyanto S.,
106-970-695-387-580,The role of atherogenic index of plasma in the diagnosis long COVID,2022,,Mustafa DURAN; Ercan KURTİPEK; Mehmet Burak ÖZEN,
107-394-057-253-338,"TEKNIK LONGTAKE PADA FILM PENDEK  ""PAKET"" TERINSPIRASI DARI KEHIDUPAN MASYARAKAT DIMASA PANDEMI COVID-19",2022,,Philipus Nugroho Hari Wibowo,Long take; Pandemi Covid-19; Film Pendek; Paket Long take; Covid-19 Pandemic; Short Movie Film; Package
107-396-968-102-695,Internal tremors and vibrations in long COVID: a cross-sectional study.,2023,United States,Tianna Zhou; Mitsuaki Sawano; Adith S Arun; César Caraballo; Teresa Michelsen; Lindsay McAlpine; Bornali Bhattacharjee; Yuan Lu; Rohan Khera; Chenxi Huang; Frederick Warner; Akiko Iwasaki; Harlan M Krumholz,
107-668-298-446-718,Living with Long COVID-19: A Virtual Body Mapping Study,2025,,Sara Santarossa; Ashley Redding; Dana Murphy,
107-741-976-599-43X,"Pre-existing anxiety, depression, and neurological disability are associated with long COVID: A prospective and longitudinal cohort study of the United Kingdom Multiple Sclerosis Register",2021,,Afagh Garjani; Rodden M. Middleton; Richard Nicholas; Nikos Evangelou,
107-763-489-702-548,PD59 Review Of The International Epidemiology Of Long COVID,2024,United Kingdom,Michelle Norris; Fearghal Comaskey; Carol Mc Loughlin; Niamh Merriman; Barrie Tyner; Aislinn O'Mahony; Marie Carrigan; Patricia Harrington; Máirín Ryan; Michelle O' Neill,
107-961-881-758-156,Long COVID,2022,United States,,
108-024-675-520-112,"Post-Acute COVID 19 Syndrome, 'Long COVID'.",2023,United States,Louise C O'Keefe,COVID; COVID and employment; COVID symptoms; long COVID; workers
108-280-370-273-15X,Prevalence and characteristics in long COVID among adults with asthma in the United States.,2024,United States,Chun-Tse Hung; Yu-Chien Hung; Chi-Won Suk,COVID-19; National Health Interview Survey; asthma; long COVID; post COVID-19 condition
108-283-518-854-182,Bringing It All Together,2025,,Melanie Broadley; Sara Holton; Danielle Hitch,
109-714-430-341-831,Brain and Nervous System,2023,,Sudhir Mehta; Gaurav Jain; Varun Jain,
109-947-073-193-873,Determinants of COVID-19-Related Length of Hospital Stays and Long COVID in Ghana: A Cross-Sectional Analysis.,2022,Switzerland,Shirley Crankson; Subhash Pokhrel; Nana Kwame Anokye,COVID-19; Ghana; determinants; hospitalisation; long COVID
110-023-972-544-134,"Long COVID, Cognitive Impairment, and the Stalled Decline in Disability Rates",2022,,Brendan M. Price,
110-028-932-123-952,Can longitudinal electronic health record data identify patients at higher risk of developing long COVID?,2024,,Priya Shanmugam; Molly Bair; Emma Pendl-Robinson; Xindi C. Hu,
110-227-797-431-101,Long COVID in children.,2022,England,Sammie Mcfarland; Sara Citrenbaum; Ondine Sherwood; Vicky van der Togt; Jeremy S Rossman,
110-488-827-903-92X,Autonomic Disorders,2023,,Sławomir Kujawski; Agnieszka Kujawska; Paweł Zalewski,
110-515-189-325-424,COVID-19 booster vaccine uptake and reduced risks for long-COVID: A cross-sectional study of a U.S. adult population.,2024,Netherlands,Zhigang Xie; Sericea Stallings-Smith; Shraddha Patel; Stuart Case; Young-Rock Hong,COVID-19 boost vaccine; Comorbidity; Long-COVID
110-617-417-598-49X,US Government cuts funding for long COVID research.,2025,England,Priya Venkatesan,
110-951-235-723-329,The impact of Long COVID for disability service providers in higher education,2023,,Lisa Vance; Katherine C. Aquino,
110-963-920-603-817,Long COVID and lung thromboembolism in young adults,2024,,null Amália Cinthia Meneses do Rêgo; null Irami Araújo-Filho,
111-013-826-104-277,What Is Long Covid?,2023,,Melissa Smallwood,
111-233-642-298-729,"Design, validation and implementation of the Post-Acute (long) COVID-19 Quality of Life (PAC-19QoL) instrument in the PAC-19QoLReg patient registry",2021,,Ravi Jandhyala,COVID-19; Public Health; Quality of Life; Statistics & Research Methods
111-285-423-127-182,Editor's evaluation: Long COVID in cancer patients: preponderance of symptoms in majority of patients over long time period,2022,,Jameel Iqbal,
111-422-439-306-554,COVID-19 Vaccine Effectiveness Against Long-COVID-19 Condition in Pakistan,2024,,Asma Sabir Ali; Fraz Ahmed Baig; Siraj Ahmed Channa; Sooraj Kumar; FNU Adnan; Amna Ashraf; Ali Najam; Waheed Akhtar; Jahanzeb Malik,
111-526-437-376-272,A Longitudinal Examination of Post-COVID-19 Mortality in Residents in Long-Term Care Homes.,2024,United States,Gordana Rajlic; Janice M Sorensen; Akber Mithani,long-term care; mortality; nursing homes; post-COVID-19; survival analysis
111-626-670-988-150,Vaccines and long COVID,2025,United Kingdom,Sanjeet Bagcchi,
111-899-575-005-834,Persistent Brainstem Dysfunction in Long-COVID: A Hypothesis.,2021,United States,Shin Jie Yong,Long-COVID; brain autopsy; brainstem; coronavirus; nervous system; tropism
112-087-169-355-700,Long COVID among people with MS: A prospective and longitudinal observational study of the UK MS Register,2021,United States,Afagh Garjani; Rod Middleton; Richard Nicholas; Nikos Evangelou,
112-273-124-830-378,"Peer Review #1 of ""Long COVID active case detection initiative among COVID-19 patients in Port Dickson, Malaysia: a retrospective study on the positive outcomes, the proportion of patients with long COVID and its associated factors (v0.1)""",2023,,,
112-723-295-833-958,"Risk of long COVID in migrants and the contribution of vaccinations, disease severity, social inequalities and preexisting health: A nationwide register study in Sweden",2024,United Kingdom,A Cederstrom; M Rostila,
113-496-439-491-192,Covid-19: WHO urges action as 17 million long covid cases are estimated in Europe.,2022,United Kingdom,Jacqui Wise,
113-622-289-496-696,Long COVID brain fog and muscle pain are associated with longer time to clearance of SARS-CoV-2 RNA from the upper respiratory tract during acute infection.,2023,United States,Annukka A R Antar; Tong Yu; Zoe O Demko; Chen Hu; Jeffrey A Tornheim; Paul W Blair; David L Thomas; Yukari C Manabe; null null,COVID-19; Long COVID; Post-Acute COVID-19 Syndrome; Post-Acute Sequelae of SARS-CoV-2 infection; Brain fog; Cognitive Dysfunction; Pain; Reservoir
113-676-278-762-93X,Decision letter: Long COVID in cancer patients: preponderance of symptoms in majority of patients over long time period,2022,,Nawale Hajjaji,
114-121-292-285-807,The Way Forward,2022,,Don L. Goldenberg; Marc A. Dichter,
114-237-223-938-418,Breaking through the noise: how to unveil the cognitive impact of long COVID on pre-existing conditions with executive dysfunctions?,2024,Switzerland,Caroline Jose,Patient-oriented Research; cognitive sequelae; executive dysfunctions; long COVID; neurodevelopmental conditions; pre-existing cognitive impairment
114-886-846-389-072,"Covid-19: Vaccinated people are less likely to get long covid, review finds.",2022,United Kingdom,Elisabeth Mahase,
114-975-212-520-109,Long COVID and Perimenopause,2024,India,Savita Somalwar; Prabhat Agrawal; Prashant Gupta; Ruchika Garg,
115-015-219-807-338,PENYULUHAN TENTANG GEJALA LONG COVID BAGI PETUGAS KESEHATAN DI KLINIK ATLANTIS KOMPLEKS MMTC DELI SERDANG,2021,,Saiful Batubara; Julahir Hotmatua Siregar,
115-057-056-024-755,Predicting Outcomes in Long COVID Patients with Spatiotemporal Attention,2023,,Degan Hao; Mohammadreza Negahdar,
115-425-910-274-726,Unveiling the Link between long COVID-19 and Fibromyalgia,2025,,Sidrah Parvez; Ghizal Fatima,
115-546-692-254-612,Exploring the Emotional and Mental Well-Being of Individuals with Long COVID Through Twitter Analysis,2023,,Guocheng Feng; Huaiyu Cai; Wei Quan,
115-941-741-249-837,Association between Long-COVID and Migraine: Insights From a Global Health Network Database,2026,,Nicole Lulkin; Thomas Chelimsky; Patrick Shi; Patricia Kinser; Le Kang; Gisela Chelimsky,
115-960-986-908-312,Searching for Etiopathophysiological Links for 'Long Covid',2021,,Nikhra V,
116-218-606-071-064,Is the vaccine for COVID-19 effective in preventing and treating long COVID?,2022,,Stephen Kim; Hyun Kang,
116-311-880-447-032,"The contested meaning of “long COVID” – Patients, doctors, and the politics of subjective evidence",2021,United Kingdom,Phillip H. Roth; Gadebusch Bondio Mariacarla,COVID-19; Chronic fatigue syndrome; Co-production; Illness experience; Patient knowledge; Social media; Social movements; Subjective evidence
116-373-211-264-689,Long Covid: a long story,2026,France,Ilana Löwy,
116-557-119-699-803,Developing services for long Covid: lessons from a study of wounded healers,2020,,Emma Ladds; Alex Rushforth; Sietse Wieringa; Stephanie Taylor; Clare Rayner; Laiba Husain; Trisha Greenhalgh,Post-acute Covid-19; Chronic Covid-19; long Covid; qualitative study; new service model; quality standards
117-054-998-252-523,Long COVID and cognition.,2023,United Kingdom,François Chollet; Jean-Marc Leger,cognition; cognitive deficits; long COVID
117-371-857-880-816,Consider emerging law and policy issues on Long COVID and disability,2022,,Joan Hope,
117-897-573-681-838,A glimpse into Long COVID characteristics and the mental health impact within a highly vaccinated population: a Malta observational study.,2023,Italy,Sarah Cuschieri; Stephan Grech; Victor Grech,
117-926-106-940-052,The impacts of long COVID across OECD countries,2024,,Ana Belén Espinosa-González; Elina Suzuki,
118-252-159-824-168,Immunological dysfunction and mast cell activation syndrome in long COVID.,2023,Netherlands,Stevent Sumantri; Iris Rengganis,COVID-19; Long COVID; MCAS; Mast cells
118-393-712-800-831,Autoantibodies in long COVID: a systematic review.,2025,United Kingdom,Fabian Wilhelm; Janne Cadamuro; Sylvia Mink,
118-618-531-887-231,Cognitive-Linguistic Difficulties in Adults with Long Covid,2022,,Louise Cummings,
118-725-283-891-971,"US Survey: About 7% of Adults, 1% of Children Have Had Long COVID.",2023,United States,Emily Harris,
119-021-769-998-868,Long COVID risk and severity after COVID-19 infections and reinfections in Quebec healthcare workers,2025,,Sara Carazo; Manale Ouakki; Nektaria Nicolakakis; Emilia Liana Falcone; Danuta M Skowronski; Marie-José Durand; Marie-France Coutu; Simon Décary; Isaora Z Dialahy; Olivia Drescher; Elisabeth Canitrot; Carrie Anna McGinn; Philippe Latouche; Robert Laforce; Clemence Dallaire; Geoffroy Denis; Alain Piché; Gaston De Serres,
119-049-307-761-828,HUBUNGAN LONG COVID-19 DENGAN KEJADIAN KECEMASAN DI BANYUMAS,2022,,Fauziyyah Shofura Yasmin; Hilma Paramita; Nurlaela Nurlaela,
119-141-406-404-852,Antidepressant treatment initiation among children and adolescents with acute versus long COVID: a large retrospective cohort study.,2024,United Kingdom,Phuong Tm Tran; Alejandro Amill-Rosario; Susan dosReis,Antidepressant medications; COVID-19; Child and adolescent; Mental health; Mood; Post-acute COVID-19 syndrome; Psychopharmacology
119-239-260-440-134,"Citizen Science and Scientific Communication: What, When, Where and How to inform and Who should communicate about Long COVID",2025,,Jennifer García Carrizo; Manuel Gertrudix,
119-485-279-502-669,We Will Not Be Silent: The Australia Long COVID Community Speak Out About the Role of Epistemic Injustice in Erasing Evidence of Long COVID in Australia,2025,,Robin Austin; Kirsty Yeates; Su Mon Kyaw-Myint; Ruth Newport; Pippa Yeoman,
119-714-494-544-489,Long COVID symptoms: Basic aspects of cardio-pulmonary and neurological pathways!,2023,,null Shital Patil; null Jayashree Dahiphale; null Shubham Choudhari; null Sanika Narkar; null Vipul Raka; null Devashish Ruikar,
119-738-716-078-054,The Examination of the Effects of Long-term COVID-19 Impacts on Patients with Neurological Disabilities Using a Neuromachine Learning Model,2023,,A. Vaniprabha; J. Logeshwaran; T. Kiruthiga; Krishna Bikram Shah,
119-871-409-570-930,Understanding Long COVID: Clinical insights and lessons,2025,,Francisco Mera-Cordero,
119-954-275-517-395,Exploring the perceptions and experiences of community rehabilitation for Long COVID from the perspectives of Scottish General Practitioners' and people living with Long COVID: a qualitative study,2023,,Kay Cooper; Edward Duncan; Erin Hart-Winks; Julie Cowie; Joanna Shim; Emma Stage; Tricia Tooman; Lyndsay Alexander; Alison Love; Jacqui Morris; Jane Ormerod; Jenny Preston; Paul Alan Swinton,
120-164-367-358-765,"General practitioners' knowledge, perception and experience on Long Covid: a cross-sectional study in Belgium and Malta",2023,United Kingdom,S Moreels; S Bensemmane; R De Schreye; S Cuschieri,
120-260-056-428-519,Long-COVID-Betroffene werden gesund aber es braucht Zeit,2022,,Martina Huber,
120-427-875-948-536,Harnessing the Benefits of Telehealth in Long COVID Service Provision.,2024,Israel,Naomi Whyler; Liz Atkins; Prue Hogg; Amanda Leong; Julie Metcalfe; Michelle Scoullar; Emma Tippett,care model; equity; long COVID; post COVID-19 condition; telehealth
120-468-645-700-034,How young people experienced Long COVID services: a qualitative analysis,2024,,Olivia Taylor; Georgia Treneman-Evans; Madeleine Riley; Joanne Bond-Kendall; Katharine Pike,
121-036-288-540-964,Long-Term Effects of COVID-19 on Adolescents,2021,,Merve Işeri Nepesov; Ozge Avsar; Erdal Sari; Rabia Gönül Sezer Yamanel,adolescent; coronavirus; long COVID-19; pandemic; Turkey koronavirüs; uzun COVID-19; adölesan; pandemi
121-147-497-721-093,Long COVID-19 and diabetes mellitus: a short review,2023,,Saula Vigili de Kreutzenberg,Post-COVID; diabetes mellitus; long Covid-19 pathophysiological mechanisms
121-386-945-174-969,Barriers to healthcare access and experiences of stigma: Findings from a coproduced Long Covid case-finding study.,2024,United Kingdom,Donna Clutterbuck; Mel Ramasawmy; Marija Pantelic; Jasmine Hayer; Fauzia Begum; Mark Faghy; Nayab Nasir; Barry Causer; Melissa Heightman; Gail Allsopp; Dan Wootton; M Asad Khan; Claire Hastie; Monique Jackson; Clare Rayner; Darren Brown; Emily Parrett; Geraint Jones; Rowan Clarke; Sammie Mcfarland; Mark Gabbay; Amitava Banerjee; Nisreen A Alwan; null null,Long Covid; epistemic injustice; health inequalities; stigma
121-715-505-882-106,Phenotyping long COVID,2022,,Robert Naeije; Caravita Sergio,
121-724-931-719-373,The Treatment of Long COVID with Chinese Medicine: A Case Report,2021,,Candace Jania,
121-812-575-433-749,The Neurological Symptoms of ‘Long’ COVID-19: A Comparison with other Neurological Conditions and Implications for Healthcare Services,2020,,Tamar Wildwing; Nicole Holt,COVID-19; Long Covid; Functional Neurological Disorder; Chronic Fatigue Syndrome; Neurological Services
122-229-788-707-676,Long COVID Update,2022,,Adam Kovac,
122-244-887-630-710,Recent update on long COVID syndrome: Immunopathogenesis and clinical consequences,2024,,Gatot Soegiarto; Kenneth Martino Djajapranata,
123-281-940-026-213,Long-COVID: Impfung und frühe antivirale Therapie senken das Risiko,2023,,Stefan Krüger,
123-504-061-941-189,The Roles and Responsibilities of Allied Health Professionals in Long COVID,2025,,Emily Alexander; Joanne Wrench; Raeya Bognar; Sarah Booth; Kerrie Clarke; Fy Dunford; Danielle Hitch; Victoria Lai; Jennifer Mepham; Chantal C. Mitvalsky; Leigh Seidel-Marks; Charissa J. Zaga,
123-741-000-454-941,Long COVID,2022,,Sara Toth Stub,
123-778-041-530-209,Association of glycemic control with Long COVID in patients with type 2 diabetes: findings from the National COVID Cohort Collaborative (N3C),2025,,Samuel Soff; Yun Jae Yoo; Carolyn T. Bramante; Jane E.B. Reusch; Jared D. Huling; Margaret A Hall; M. Daniel Brannock; Til Stürmer‎; Zachary Butzin-Dozier; Rachel Wong; Richard A. Moffitt; The N C Consortium,
123-933-116-030-792,Long COVID.,2025,Spain,Anabel Franco-Moreno; Juan Torres-Macho,
124-062-793-776-933,Psychosocial Support and Interventions for Long COVID,2025,,Alex Holmes; Kerrie Clarke; Jessica Lee,
124-258-133-468-921,Long COVID-19,2021,,Yulia G. Belotserkovskaya; Anna G. Romanovskikh; Igor P. Smirnov; Alexander I. Sinopalnikov,
124-409-670-547-348,Association of Cognitive Deficits with Sociodemographic Characteristics among Adults with Post-COVID Conditions: Findings from the United States Household Pulse Survey,2023,,Daniel J Wu; Nianjun Liu,
125-331-390-162-119,The Lingering Shadow of a Pandemic: A Comprehensive Literature Review on Long COVID,2025,,Naeem Hamza,
125-802-263-877-929,"Covid-19: Metformin reduces the risk of developing long term symptoms by 40%, study finds.",2023,United Kingdom,Jacqui Wise,
125-887-071-683-412,"Peer Review Report For: Prevalence and Predictors of Long COVID During the Omicron Variant Dominant Epidemic at 3 and 6 Months in Thailand [version 1; peer review: 1 approved, 1 approved with reservations]",2026,,Bashir Bello,
125-995-219-363-481,Resources page.,2022,United Kingdom,Roberta Heale,COVID-19; nurses- community health
126-139-737-955-625,The Ongoing Story of COVID and Long COVID Among Black Adults Age 50 and Older,2023,,Laura Mehegan,
126-372-952-754-704,Family history of cancer as a risk factor for Long COVID among United States adults,2025,,Hannah L. Wilkey; Biplab Kumar Datta,
126-497-022-214-321,Long COVID in patients with systemic lupus erythematosus: A case-control study.,2025,United States,Chris Ching Lam Cheung; Chi Chiu Mok,Long COVID; SARS-CoV2; infection; lupus
126-752-818-222-533,Bibliometric Analysis on Potential Biomarkers for Long COVID,2025,,Liu Xiangyu; Chaokai Wu; Suematsu Takafumi; Lkhagvasuren Battuvshin; Sudo Nobuyuki,
126-982-359-764-758,Autoimmunity in long COVID.,2025,United States,Shubha Talwar; James A Harker; Peter J M Openshaw; Ryan S Thwaites,B-cell dysregulation; Long COVID; autoantibodies; autoimmunity
127-211-160-778-299,Long COVID and its associated factors among COVID survivors in the community from a middle-income country – an online cross-sectional study,2022,,Foong Ming Moy; Noran Naqiah Hairi; Eugene Ri Jian Lim; Awang Bulgiba,
127-858-904-478-254,Prevalence and characteristics of long COVID-19 in Jordan: A cross sectional survey.,2024,United States,Marya Obeidat; Abdulmalek Abu Zahra; Farah Alsattari,
127-869-194-401-597,The long COVID syndrome: A conundrum for the allergist/immunologist.,2022,United States,Joseph A Bellanti,
128-106-740-177-563,Long COVID,2024,,,
128-126-690-703-18X,Acupuncture Treatment of Long-COVID: A Narrative Review of Selected Case Studies and Review Articles,2022,,James E. Williams,
128-132-012-439-421,"6.X.1. Disentangling Long-COVID: prevalence, risk factors and impact",2024,United Kingdom,Saverio Stranges Chair persons: Tatjana Makovski,
128-305-667-643-637,"Examination of the validity and reliability of the Perceive, Recall, Plan, and Perform-long COVID (PRPP-Long COVID) self-report assessment for Thai adults with long COVID",2026,,Sutinun Juntorn; Peeradech Thichanpiang; Pawared Ontong; Thitiya Wangkawan; Peeraya Munkhetvit,
128-312-532-391-706,"LONG COVID"": an insight.""",2021,Italy,Mohammad Shakil Ahmad; Riyaz Ahamed Shaik; R K Ahmad; M Yusuf; Manas Khan; Abdulaziz Almutairi; W K Z Alghuyaythat; S B Almutairi,
128-317-719-497-183,A prospective cohort study assessing the relationship between long-COVID symptom incidence in COVID-19 patients and COVID-19 vaccination.,2023,United Kingdom,Bayan Abu Hamdh; Zaher Nazzal,Infectious diseases; Diseases; Health care; Risk factors
128-426-693-463-681,A Cross-Sectional Comparative Analysis of Long Covid Symptoms in a Primary Care Population,2023,,Lenard Lesser; Jennifer Temple,
128-788-068-257-709,"Covid-19: Two million people in the UK are estimated to be experiencing long covid, says ONS.",2022,United Kingdom,Jacqui Wise,
129-079-787-044-237,Therapeutic Management of Residents of Long-term Care Homes with COVID-19,2022,,Ontario COVID-19 Congregate Care Working Group and LTC+,
129-193-662-753-864,"Long-COVID and the Autonomic Nervous System: The journey from Dysautonomia to Therapeutic Neuro-Modulation, Analysis of 152 Patient Retrospectives",2022,,J Colombo,
129-335-054-942-291,Prediction and prevention of complications of long COVID in COPD and asthma,2025,,Serghei Pisarenco; Larisa Procopisin,
129-939-128-254-22X,Assessment of Long COVID in Medical Rehabilitation,2023,Germany,Stefan Schüring; Teresia Widera,
130-016-818-314-787,Symptoms of Long-COVID and their impact on primary care patients' livelihoods – Part 2 of 3,2024,United States,Elena Gardner; Kirsten Stoesser; Dominik Ose; Bernadette Kiraly,
130-217-865-520-12X,Long-term Care and COVID-19,2026,,Department of Health and Human Services. Centers for Disease Control and Prevention; Center for Health Statistics,
130-311-904-832-216,Long COVID Revisited,2022,,Richard Simoneaux; Steven L. Shafer,
130-394-857-825-158,Long COVID puzzle pieces are falling into place – the picture is unsettling,2024,,Ziyad Al-Aly,
131-829-792-356-763,"1372. Impact of Age, Gender, Ethnicity, Comorbidities, and Vaccination Status on Long COVID in a Brooklyn Community",2023,United States,Calvin Ta,
132-404-058-759-384,"Prevalence of COVID-19 and long COVID - Results from the 2022 Behavioral Risk Factor Surveillance System, 50 states",2023,,Mary L. Adams; Joseph Grandpre,
132-455-878-447-394,Analisis Tanda Dan Gejala Long Covid-19 Berbasis Imunopatologi Klinis,2023,,Nur Iszakiyah; Taufiqur Rahman; Nindawi Nindawi; Faisal Amir,
132-536-173-660-624,"Long COVID-19 and primary care: Challenges, management and recommendations.",2024,Spain,S Ahmed; E Ahmad; B Ahmad; M H Arif; H M A Ilyas; N Hashmi; S Ahmad,COVID de larga duración; COVID prolongada en atención primaria; Diagnóstico de la COVID prolongada; Gestión prolongada de la COVID; Long COVID diagnosis; Long COVID in primary care; Long COVID management; Long-term COVID
132-679-279-968-940,Long COVID: Is there a kidney link?,2023,Switzerland,Raymond E Garrett; Carlos H Palacio; David Bar-Or,SARS-CoV-2 (COVID 19); arginine-glycine-amidinotransferase (AGAT); creatine phosphate (CP); glomerular reclamation; kynurenine (KYN); long COVID; proximal tubule cell
133-403-962-633-255,The gendered impacts of long COVID on access and equity,2025,,Ilana R. Stouffer,
133-664-494-913-605,,2023,,,
133-704-424-697-680,Communication-Related Quality of Life in Adults with Long COVID,2022,,Louise Cummings,
133-757-829-387-903,The Network of Expertise on Long COVID as a means to synthesise intelligence and improve our response to long COVID at EU level,2024,United Kingdom,I Van Der Heide,
133-849-365-293-13X,"The Interplay of Microbiota, Long COVID, and Musculoskeletal Pain: A Narrative Review",2024,,Leila Simorgh; Rozita Hedayati; Mina Sadat Mirshoja; Masoomeh Salmani,
133-928-254-183-160,Neurostimulation in Long COVID,2026,,Nathan Fernandez; K. Jayasankara Reddy; Yogesh Kanna Sathyamoorthy,
134-134-772-545-549,Long COVID and Society,2025,,,
134-665-017-649-89X,"The importance of diagnosis from the perspectives of young people with Long COVID, their parents, and healthcare professionals",2025,United Kingdom,Alice Faux-Nightingale; Benjamin Saunders; Claire Burton; Carolyn A Chew-Graham; Glenys Somayajula; Helen Twohig; Victoria Welsh,
135-071-304-724-627,68 Metformin prevents the diagnosis of Long Covid in phase 3 trial of early treatment.,2023,,Carolyn Bramante; Esteban Wirtz; John Buse; David Boulware; Jacinda Nicklas; David Odde; Ken Cohen; Michael Puskarich; Christopher Tignanelli; Nichole Klatt; David Leibovitz; Hrishikesh Belani,
135-103-875-991-212,Post-COVID Conditions,2026,,Department of Health and Human Services. Centers for Disease Control and Prevention; Center for Health Statistics,
135-132-561-592-545,Intravenous immunoglobulin as a potential treatment for long COVID.,2023,United Kingdom,Matthew W McCarthy,COVID-19; IVIG; Immunoglobulin; RECOVER; SARS-CoV-2; long COVID
135-344-076-127-003,Health Economics and the Broader Healthcare System for Long COVID,2025,,Mary Rose Angeles; Karen Dickinson; Danielle Hitch; Martin Hensher,
135-710-737-960-56X,Long COVID Syndrome Prevalence in 2025 in an Integral Healthcare Consortium: Persistent and Transient Symptoms,2025,,Antonio Arévalo-Genicio; Carmen García-Arqué; Marta Gragea-Nocete; Maria Llistosella; Vanesa Moro-Casasola; Cristina Pérez-Díaz; Anna Puigdellívol-Sánchez; Ramon Roca-Puig,
135-765-882-107-985,Long COVID and the Increased Risk of Food Insecurity Among Participants in Arizona CoVHORT: A matched cohort study,2025,,Chidera M Ejike; Laura P Falk; Kristen Pogreba-Brown; Kacey Ernst,
135-817-692-210-932,THE ROLE OF PHYSICAL MEDICINE AND REHABILITATION IN LONG COVID-19 MANAGEMENT,2022,,Burhan Fatih Koçyiğit,long COVID; post-acute COVID syndrome; persistent COVID-19; rehabilitation; physical therapy; physiotherapy; exercise
136-006-751-899-31X,Long COVID - neurological or somatoform disease?,2024,Hungary,Dalma Tényi; Tamás Tényi; József Janszky,COVID-19; chronic fatigue syndrome; long Covid; psychoneuroimmunology; somatization disorder
136-142-791-992-611,Long COVID: a review and proposed visualization of the complexity of long COVID.,2023,Switzerland,Rubeshan Perumal; Letitia Shunmugam; Kogieleum Naidoo; Salim S Abdool Karim; Dave Wilkins; Alfredo Garzino-Demo; Christian Brechot; Sairam Parthasarathy; Anders Vahlne; Janko Ž Nikolich,COVID-19; SARS-CoV-2; long COVID; long-haul COVID; post-acute sequelae of SARS-CoV-2
136-229-763-336-897,Integrative Genome-Wide Association Studies of COVID-19 Susceptibility and Hospitalization Reveal Risk Loci for Long COVID,2025,,Zhongshan Cheng,
136-288-527-907-782,Long Covid at the crossroads: Comparisons and lessons from the treatment of patients with myalgic encephalomyelitis/chronic fatigue syndrome (ME/CFS).,2022,United States,Joanne Hunt; Charlotte Blease; Keith J Geraghty,Long Covid; chronic fatigue syndrome; health care; health inequities; myalgic encephalomyelitis
136-552-082-563-904,The impact of COVID-19 and long COVID on sexual function in cisgender women.,2023,United States,Martin Seehuus; Madison Fertig; Ariel B Handy; Jessica Clifton; Amelia M Stanton,COVID-19; long COVID; sexual function; women
136-568-929-925-234,Modeling long COVID dynamics: Impact of underlying health conditions.,2023,United States,Jie Bai; Jin Wang,COVID-19; Chronic conditions; Long COVID; Mathematical modeling
137-185-357-796-446,Antioxidants and Long Covid,2022,,Patrick Chambers,Warburg Effect; Oxidative Stress; Magnesuria; Inflammasome; Butyrate
137-315-161-018-370,"Long COVID in Adults: United States, 2022.",2023,United States,Dzifa Adjaye-Gbewonyo; Anjel Vahratian; Cria G Perrine; Jeanne Bertolli,
137-343-055-206-843,Persistent Clotting Protein Pathology in Long COVID/ Post-Acute Sequelae of COVID-19 (PASC) is Accompanied by Increased Levels of Antiplasmin,2021,,Etheresia Pretorius; Maré Vlok; Chantelle Venter; Jandre A Bezuidenhout; Jaco Laubscher; Janami Steenkamp; Douglas B. Kell,
137-349-838-980-20X,LONG-COVID-19 syndrome and allergy (literature review),2022,,Rafail Iosifovich Rosenson,
137-538-716-939-789,Long COVID Case Study,2023,,,
137-616-067-143-051,Long COVID: a new word for naming fibromyalgia?,2024,United Kingdom,Xavier Mariette,Covid-19; Epidemiology; Fibromyalgia
137-752-346-181-081,The Impact of Long-COVID on Mental Health: A Systematic Review,2024,,Xuan Chen; Longjun Zhou,
137-771-272-827-524,Exploring the perceptions and experiences of community rehabilitation for Long COVID from the perspectives of Scottish general practitioners' and people living with Long COVID: a qualitative study.,2024,United Kingdom,Kay Cooper; Edward Duncan; Erin Hart-Winks; Julie Cowie; Joanna Shim; Emma Stage; Tricia Tooman; Lyndsay Alexander; Alison Love; Jacqui H Morris; Jane Ormerod; Jenny Preston; Paul Swinton,patient-centered care; post-acute COVID-19 syndrome; primary health care; qualitative research; rehabilitation medicine
137-996-663-663-069,Optimizing Long COVID Outcomes: An Interdisciplinary Survey of U.S. Rehabilitation Providers,2024,,Malachy J. Clancy; Robert L. Dekerlegand,
138-326-924-451-421,Biden Administration Outlines Strategy to Tackle Long COVID.,2022,United States,Joan Stephenson,
138-332-047-524-537,Tracking the SARS-CoV-2 variants associated with long-COVID in the United States using infodemiology,2024,,Akshaya Bhagavathula; Jagdish Khubchandani; Elizabeth England-Kennedy; Ayana Pai; Sushil Sharma,
138-421-368-007-658,Otorhinolaryngologic Manifestations  of Long COVID-19 Infection Among Patients  at the Quezon City General Hospital,2024,,Ma. Nina Kristine Sison; Emmanuel Tadeus Cruz,
138-747-863-361-945,Effects of Long-Haul COVID on the Health-Related Quality of Life Among Recovered Hospitalized Patients,2022,,Indang Trihandini; Manendra Muhtar; Dea Allan Karunia Sakti; Chintya Putri Erlianti,Long-Haul COVID 19; Domains of Quality of Life; Good Health and Wellbeing
139-103-109-512-310,LONG COVID SYMPTOMATOLOGY: A CASE SERIES FROM ARUNACHAL PRADESH,2022,,Hibu Habung,
139-111-269-327-552,"Leitlinie ""Post-COVID/Long-COVID""",2021,Germany,,
139-146-501-611-225,Long COVID headache.,2022,Germany,Claudio Tana; Enrico Bentivegna; Soo-Jin Cho; Andrea M Harriott; David García-Azorín; Alejandro Labastida-Ramirez; Raffaele Ornello; Bianca Raffaelli; Eloísa Rubio Beltrán; Ruth Ruscheweyh; Paolo Martelletti,Coronavirus disease-19; Diagnosis; Headache; Migraine; Morbidity; Pain; SARS-CoV-2
139-776-784-136-175,พฤติกรรมการใช้สมุนไพรในการดูแลภาวะ Long COVID ของประชาชนในตำบลอ่างศิลา อำเภอเมือง จังหวัดชลบุรี,2024,,สุรัสวดี สินวัต; กรานธิดา แจ้งเจริญ; กิตติ กุนะ,
139-976-119-441-686,"Health behaviours the month prior to COVID-19 infection and the development of self-reported long COVID and specific long COVID symptoms: A longitudinal analysis of 1,811 UK adults",2022,,Elise Paul; Daisy Fancourt,
140-533-877-096-01X,How Long Is Long COVID? Evaluation of Long-Term Health Status in Individuals Discharged from a Specialist Community Long COVID Service.,2024,Switzerland,Rochelle Bodey; Jennifer Grimaldi; Hannah Tait; Belinda Godfrey; Sharon Witton; Jenna Shardha; Rachel Tarrant; Manoj Sivan,COVID-19; post-COVID-19 condition; post-COVID-19 syndrome; post-acute infection syndrome (PAIS)
141-003-375-782-157,Long Covid-19: The Postsymptom Onset and its Association with the Antibody Body Titre,2023,,Shakeel Ahmed,
142-164-951-482-632,Long COVID as a Patient Identified Disease Entity,2025,,Elisa Perego; Elyse McInerney; Julie Taylor; Tara Barton; Ali Harrington; Danielle Hitch,
142-350-723-393-645,Exploring the Inflammatory Basis of Fibromyalgia and Long-COVID: Insights from Human and Animal Studies,2025,,Sofia Leonardo; Felipe Fregni,
142-742-346-401-680,A Long COVID Definition,2024,,Board on Health Sciences Policy; Board on Global Health; Health and Medicine Division; Engineering National Academies of Sciences,
142-795-335-744-943,Long COVID: G Protein-Coupled Receptors (GPCRs) Associated Genes and Pathways as a Promising Therapeutic Potential Through Computational Analysis,2024,,Dhanyashri Guruparan; Suresh Kumar,
142-813-261-605-989,"""LONG COVID"" - DEFINITION, SYMPTOMS, WHAT TO LOOK FOR AND HOW TO TREAT?",2021,,D. Dimov; T. Atanasov,Long COVID; SARS-CoV-2; Post COVID
142-837-714-863-590,13 Rethinking Tourism for the Long-Term: Covid-19 and the Paradoxes of Tourism Recovery in Australia,2023,,Phoebe Everingham,
143-149-843-839-543,Challenges and Futures of Long-Term Care Industry after COVID-19 Pandemic,2023,,Jia Yu,
143-720-192-982-062,Understanding the clinical characteristics and timeliness of diagnosis for patients diagnosed with Long COVID: A retrospective observational cohort study from North West London,2024,,Denys Prociuk; Jonathan Clarke; Nikki Smith; Ruairidh Milne; Cassie Lee; Simon de Lusignan; Ghazala Mir; Johannes De Kock; Erik Mayer; Brendan C Delaney,
144-026-904-467-904,Symptoms burden of long COVID on the individual with pre-existing depression: A longitudinal cohort study,2024,,Xiaona He; Wei Gao,
144-192-211-651-606,"A Composite Study on Influence Factors of the ""Long Covid"" Patients' Willingness to Pay of Digital Medical Platforms",2023,,Jing Yao Han; Kyong Jin Park,
144-714-274-229-192,A pain from the nose to the head: neurological commitment during long COVID.,2025,Switzerland,Laura Cardoso Corrêa-Dias; Ágata Lopes-Ribeiro; Gabriel Eduardo Ribeiro Mendes; Geovane Marques-Ferreira; Caio Wilker-Teixeira; Felipe Alves Clarindo; Victor de Melo Rocha; Maria Eduarda Martuchele-Félix; Henrique Morais Retes; Thaiza Aline Pereira Santos; Gabriela Lorrany Aparecida Azevedo; Verônica Evelyn Viana Pereira; Thais de Fátima Silva Moraes; Erik Vinicius de Sousa Reis; Letícia Gomes-de-Pontes; Lívia Frota Rabelo; Eduardo Augusto Sartori Dos Santos; Carlos Lorran Dias Pereira; Fernanda Daniela Santos Coelho; Rafael Pacheco Coelho; Raiany Araújo Santos; Gabriel Pacheco Coelho; Flávio Guimarães da Fonseca; Jordana Grazziela Alves Coelho-Dos-Reis,COVID-19; Inflammation; Long COVID; SARS-CoV-2; Virus
144-924-258-104-379,Unraveling Post-COVID-19 Immune Dysregulation Using Machine Learning-based Immunophenotyping,2023,,Maitham G. Yousif; Ghizal Fatima; Hector J. Castro; Fadhil G. Al-Amran; Salman Rawaf,
145-118-299-781-165,MEDICAL AND SOCIAL CHARACTERISTICS OF PATIENTS WITH INFERTILITY AND LONG-COVID-19,2023,,I. S. GOLOVCHAK; O. G. BOICHUK,
145-238-394-457-917,Immune Jumping in Autoimmune Long-Covid.,2024,United States,Heinz Kohler,Covid-19; Long-Covid; antiidiotype; idiotypy; immune network; immune response; regulation
145-335-447-204-96X,Defining the Subtypes of Long COVID and Risk Factors for Prolonged Disease: Population-Based Case-Crossover Study.,2024,Canada,Skyler Resendez; Steven H Brown; Hugo Sebastian Ruiz Ayala; Prahalad Rangan; Jonathan Nebeker; Diane Montella; Peter L Elkin,COVID-19; COVID-19 testing; COVID-19 treatment; PASC; United States; Veterans Affairs; clinician; diagnosis; health care support; long COVID; long COVID cause; mobile phone; pandemic; policy initiatives; postacute sequelae of COVID-19; public health; public safety
145-852-447-923-003,NHS England rolls back on guidance to consider dismissing staff with long COVID,2022,,,
146-089-968-695-878,Integrative Genome-Wide Association Studies of COVID-19 Susceptibility and Hospitalization Reveal Risk Loci for Long COVID,2025,,Zhongshan Cheng,
146-226-697-796-869,Long COVID,2021,,Diego Castanares-Zapatero; Laurence Kohn; Marie Dauvrin; Jens Detollenaere; Charline Maertens de Noordhout; Célia Primus-de Jong; Irina Cleemput; Koen Van Den Heede,
146-574-567-033-08X,Neurological Mechanisms of Long COVID,2024,,Tzu-Jiuan Hsia,
146-802-637-448-785,Novel Oro-Nasal Drainage for Long COVID: Proposed Mechanisms – Case Report,2024,,Claudia Lorenz; Roland Frankenberger,
147-085-167-190-851,DNA methylation in long COVID,2024,,Yangfan Xiao; Sten H. Vermund,
147-133-617-530-344,Comparison of periodontal disease severity in COVID-19 survivors and non-COVID-19 individuals,2024,,M. Louisa; R.A. Putranto; O.N. Komala; W. Anggraini,
147-557-467-633-194,Altered brain tissue microstructure and neurochemical profiles in long COVID and recovered COVID-19 individuals: A multimodal MRI study.,2025,United States,Kiran Thapaliya; Sonya Marshall-Gradisnik; Maira Inderyas; Leighton Barnden,COVID recovered; Diffusion tensor imaging; Long COVID; Magnetic resonance spectroscopy; Neurochemicals; Neuroimaging; T1 and T2 weighted
147-948-351-346-028,"Long-COVID, neurological and cardiovascular disorders",2023,,Oleksandr Saienko; Mykola Chemych; Vladyslav Svitailo,
148-386-798-998-65X,How young people experienced long covid services: a qualitative analysis.,2025,England,Olivia Lauryn Taylor; Georgia Treneman-Evans; Madeleine Riley; Jo Bond-Kendall; Katharine Claire Pike,Adolescent Health; COVID-19; Child Health; Qualitative research
148-881-485-814-352,Stress management and long Covid-19 considerations,2026,,Bryan Boon,
149-223-142-917-095,The association of medical and vaccination history with the development of long COVID,2024,United States,Robert Post,
149-413-742-132-635,Nyeri Kepala Long-Covid: Sebuah Tinjauan Pustaka,2024,,Putu Setiani; Rindha Dwi Sihanto; I Gusti Ngurah Purna Putra,
149-512-548-290-289,Long COVID,2022,,World Bank,
149-620-552-858-656,Navigating Long COVID,2025,,Erik P. Southard,
149-749-628-519-317,Long COVID: Accommodating a slippery fish,2022,,Eric Lyerly,
149-762-231-204-874,From brain fog to COVID toe: A head-to-toe review of long COVID,2023,,Jamie K. Stone; Sarah E. Berman; Wendy Zheng; Drake R. Wilson; Gabrielle R. Diaz,
149-803-997-284-087,"Prevalence, Symptoms, and Associated Factors of Long COVID-19: A Cross-Sectional Survey Study",2025,,Rapeephan R Maude; Siriwan Tangjitgamol; Kasem Sirithanakul; Yanisa Duangduen; Natapon Ativanichayapong,
149-913-504-895-179,Long COVID,2022,,,
149-918-638-207-75X,Long Covid-19: Post Covid Symptoms and Care,2021,,Apurva Barsainya,LOng COVID; POST COVID; COVID-19; SARS-COV-2; ThROmbOSIS AnD CyTOkIne STORm
149-927-623-900-732,Pre-assessment and management of long COVID patients requiring elective surgery: challenges and guidance.,2023,United States,Sophie Boles; Sundar Raj Ashok,Assessment; COVID-19; Functional capacity; Guidelines; Long COVID; Perioperative; Postoperative; Preoperative
150-491-323-441-686,Peer Review Report For: PHARM-LC: What role can Community Pharmacy play in supporting people with long Covid? Protocol for a mixed methods study [version 1; peer review: 1 approved],2024,,Shubashini Gnanasan,
150-562-164-768-74X,Assessment of Brainstem volume in Myalgic Encephalomyelitis/Chronic fatigue syndrome and long-COVID patients,2024,,KIRAN THAPALIYA; Sonya Marshall-Gradisnik; Markus Barth; Natalie Eaton-Fitch; Leighton Barnden,
150-725-046-495-684,Machine learning identifies long COVID patterns from electronic health records.,2023,United Kingdom,,Viral infection; Outcomes research
150-990-033-215-118,Long-term covid outcomes and cardiovascular health: New pandemic after the pandemic?,2025,,null Anastasiia Hovornyan; null Tetiana Ilashchuk,
151-389-761-877-696,Comparing personality traits of healthcare workers with and without long COVID: Cross-sectional study.,2024,Australia,Keiko Sakai; Seiichiro Tarutani; Takehiko Okamura; Hiroshi Yoneda; Tatsuhito Kawasaki; Masatoshi Takeda,COVID‐19; healthcare workers; long COVID; mental health; personality traits
151-850-044-476-606,Long-term psychological consequences of long Covid: a propensity score matching analysis comparing trajectories of depression and anxiety symptoms before and after contracting long Covid vs short Covid,2022,,Daisy Fancourt; Andrew Steptoe; Feifei Bu,long Covid; pandemic; mental health; depression; anxiety
152-407-398-570-368,People with a connective tissue disorder may be especially vulnerable to the endothelial damage that characterizes long COVID due to the fragility of their vasculature and slow wound healing.,2024,Netherlands,Jeffrey Lubell,Connective tissue disorders; Long COVID; Post-COVID syndrome; Postacute sequelae of SARS-CoV-2
152-553-181-563-189,Cognitive strategies and metacognition in occupational therapy for a long COVID-19 patient: a single case report,2023,,Sancler Andrade,
152-941-098-046-265,Long Covid Sentiment Analysis of Twitter Posts to understand public concerns,2022,,Harshee Pitroda,
153-269-218-293-847,When to suspect ME/CFS or Long Covid,2025,,Gavin Spickett,
153-773-022-896-34X,Listening to Long COVID: Epistemic Injustice and COVID-19 morbidity,2021,,Vivian V. Altiery De Jesus; Nisreen A Alwan; Felicity Callard; Zackary Berger,Long COVID; COVID-19; Epistemic Injustice; Testimonial Injustice; Social disability model
154-078-617-230-08X,Clinical characteristics and long term consequences of COVID-19 patients in dedicated COVID unit of a tertiary care hospital: an 8-month follow-up study,2022,,Utshab Roy; Najeeb Mahiyuddin; Syeda Kalam; Tarek Ahmed,
154-390-002-085-695,The definition of long COVID used in interventional studies.,2023,United Kingdom,Alyson Haslam; Timothée Olivier; Vinay Prasad,COVID long-haulers; long COVID; persistent COVID; randomized studies
154-646-729-283-410,The Long COVID Conundrum,2025,,Wen-Ta Chiu; Jonathan Wu,
154-844-377-106-548,"Health behaviours the month prior to COVID-19 infection and the development of self-reported long COVID and specific long COVID symptoms: A longitudinal analysis of 1,811 UK adults",2022,,Elise Paul; Daisy Fancourt,COVID-19; long COVID; health behaviours
155-283-978-034-868,Hubungan Komorbid Hipertensi dengan Gejala Long Covid-19,2023,,Althaafvashti Trixie Niadi; Lelly Yuniarti; null Abdul Hadi Hassan,
155-672-979-645-416,Long COVID,2025,,Anabel Franco-Moreno; Juan Torres-Macho,
155-820-546-401-661,"Review of: ""Fluoxetine plus lithium for treatment of mental health impairment in Long Covid""",2022,,Jeyasakthy Saniasiaya,
156-405-210-836-82X,"Mapping Long COVID across the EU: definitions, guidelines and surveillance systems in EU Member States",2024,United Kingdom,I Van Der Heide; J Hansen,
156-864-146-207-764,Long COVID: An unpredicted multisystem syndrome of COVID-19 disease,2023,,null SHITAL VISHNU PATIL; null NEEL TANDEL; null GAJANAN GODHALI,
157-047-166-571-367,Is 'Long Covid' similar to 'Long SARS'?,2022,England,John Patcai,"""Long Covid""; ""post acute sequelae of COVID-19 -PASC""; ""Long SARS""; ""post acute sequelae of SARS""; ""Covid""; SARS"
157-103-769-435-659,Hosszú Covid – Tartós Covid  • Long Covid – Protracted Covid,2022,,István Kenesei,
157-411-260-158-462,Immunometabolic rewiring in long COVID patients with chronic headache.,2023,United States,Suan-Sin Foo; Weiqiang Chen; Kyle L Jung; Tamiris Azamor; Un Yung Choi; Pengfei Zhang; Suzy Aa Comhair; Serpil C Erzurum; Lara Jehi; Jae U Jung,
157-791-263-268-904,A Case Definition of a New Disease: A Review of the US Working Definition (USG) and 2024 NASEM Definition for Long COVID,2025,,Elisa Perego,
157-796-401-261-536,Long-COVID improves in 50% of patients after a year in a Midwestern cohort.,2024,United States,Grant Stalker; Rosarie Tudas; Alpana Garg; Lauren Graham; Andrew L Thurman; R Todd Wiblin; Nabeel Hamzeh; Robert J Blount; Raul Villacreses; Joseph Zabner; Alejandro Comellas; Josalyn L Cho; Alejandro Pezzulo,
158-182-743-670-460,Long COVID in Children.,2022,United States,Anita Slomski,
158-785-772-912-775,Long Covid and Rehabilitation,2021,,Shamama Athar,
158-810-969-537-173,A long journey to long COVID.,2023,United Kingdom,Munyaradzi Makoni,
158-911-304-094-956,"Differences in clinical presentation with long covid following community and hospital infection, and associations with all-cause mortality: English sentinel network database study (Preprint)",2022,,Bernardo Meza-Torres; Gayathri Delanerolle; Cecilia Okusi; Nikhil Mayer; Sneha Anand; Jack McCartney; Piers Gatenby; Ben Glampson; Martin Chapman; Vasa Curcin; Erik Mayer; Mark Joy; Trisha Greenhalgh; Brendan Delaney; Simon de Lusignan,
159-096-311-363-294,Long COVID in Brain Health Research: A Call to Action.,2024,Switzerland,Thorsten Rudroff,brain stimulation; cognitive function; fatigue; long COVID; neuroimaging
159-135-725-598-99X,Gastrointestinal manifestations of long COVID.,2024,Netherlands,Louise R King,COVID-19; Clinical; Gastrointestinal; Long COVID; Microbiome; Post COVID
159-295-265-127-961,Covid-19: US studies show racial and ethnic disparities in long covid.,2023,United Kingdom,Janice Hopkins Tanne,
159-797-319-495-242,"A Qualitative Analysis of Lived Experiences, Mental Health Treatment Needs, and Psychotherapeutic Applications Among Veterans with Long COVID",2024,,Caroline Boucher; Sofie Glatt; Chana Silver; Lakshmi Chennapragada; Sarah Sullivan; Ariana Dichiara; Yosef Sokol; Sapana Patel; Marianne Goodman,
160-089-965-488-993,"""There is no one who helps you with it."" Experiences of people with long COVID regarding medical care, therapeutic measures, and barriers in the German healthcare system: results of a qualitative study with four focus groups",2023,,Tim Schmachtenberg; Gloria Königs; Anita Dragaqina; Sascha Roder; Frank Müller; Christina Müllenmeister; Dominik Schröder; Alexandra Dopfer-Jablonka; Katharina Vieth; Iman El-Sayed,
160-339-237-194-515,The multi-professional care team to guide the rehabilitation of Covid long patients,2022,France,Carine Bret; Carole Aziza,Covid long; HDJ; SSR; rehabilitation; reintegration; réadaptation; réinsertion
160-740-540-546-393,Long COVID,2021,,The Editor in Chief,
161-195-869-398-15X,Quantitative susceptibility changes in white matter and subcortical gray matter in long-COVID,2025,,Alexander Cohen; Kevin Koch; Brad Swearingen; Andrew Nencka; Vincent Mathews; Yang Wang,
161-639-767-088-147,A clinical review of long-COVID with a focus on the respiratory system.,2022,United States,Luke Daines; Bang Zheng; Paul Pfeffer; John R Hurst; Aziz Sheikh,COVID-19; long-COVID; respiratory; breathlessness
161-777-692-363-92X,Reduced Incidence of Long-COVID Symptoms Related to Administration of COVID-19 Vaccines Both Before COVID-19 Diagnosis and Up to 12 Weeks After,2021,,Michael A. Simon; Ryan D. Luginbuhl; Richard A Parker,
161-862-025-316-35X,Clues to long COVID.,2022,United States,Jennifer Couzin-Frankel,
161-964-991-976-113,Strategic Inhibition of CHRM Autoantibodies: Molecular Insights and Therapeutic Potentials in Long COVID.,2025,United States,Abdul Mannan Baig; Sandy Rosko; Beate Jaeger; Joachim Gerlach,
162-461-200-500-998,Metabolic Profile of Patients With Long Covid: a Cross-sectional Study,2022,,Daniel Menezes; Patrícia Lima; Igor Lima; Juliana Uesugi; Pedro Vasconcelos; Juarez Quaresma; Luiz Falcão,Long COVID; Cardiometabolic Risk Factors; Laboratory Markers
162-479-327-841-162,Post-exertional malaise among people with long COVID compared to myalgic encephalomyelitis/chronic fatigue syndrome (ME/CFS).,2023,Netherlands,Suzanne D Vernon; Megan Hartle; Karen Sullivan; Jennifer Bell; Saeed Abbaszadeh; Derya Unutmaz; Lucinda Bateman,Post-acute COVID-19 syndrome; exertional intolerance; fatigue; long haul COVID; post-viral fatigue syndrome
162-549-001-203-110,Long-COVID is associated with increased absenteeism from work.,2025,United States,Jaewhan Kim; Sanghoon Lee; Peter Weir,
163-542-600-624-181,Long COVID dan Sistem Kardiovaskular,2024,,null Muhadi; Ivan M. Laksmana,
163-555-639-820-182,Treatment with Minocycline and Kampo Medicine (Kami-Kihi-To and Saiko-Keishi-To) for COVID-19 and Long COVID,2025,,Masashi Ohe,
164-042-005-203-96X,Perceptions and experiences of different Long COVID community rehabilitation service models from the perspectives of people living with Long COVID and healthcare professionals,2023,,Edward Duncan; Lyndsay Alexander; Julie Cowie; Alison Love; Jacqui Morris; Rachel Moss; Jane Ormerod; Jenny Preston; Joanna Shim; Emma Stage; Tricia Tooman; Kay Cooper,
164-096-976-551-688,Promotion of non-evidence-based therapeutics within patient-led Long COVID support groups.,2021,United Kingdom,Vicky van der Togt; Sammie Mcfarland; Marta Esperti; Elizabeth Semper; Sara Citrenbaum; Jeremy S Rossman,
165-074-797-652-749,Post-COVID–Long COVID—What More?,2022,,Sashi B Gupta; M Subramanyam; S Preeti; Suganya PP Krishna Pillai; Garapati N Sowmya; M Chandrashekar,Coping strategies; Lockdown; Long COVID-19 syndrome
165-282-456-719-614,Long-COVID neurological symptoms are associated with D-dimer levels in COVID-19 patients,2022,,Diah Kurnia Mirawati; Pepi Budianto; Rivan Danuaji; Subandi Subandi; Ira Ristinawati; Hanindia Riani Prabaningtyas,
165-466-820-510-435,Long COVID and autism spectrum disorders – a narrative review,2023,,Anna Zalewska,
165-611-154-790-268,Long COVID and its associated factors among COVID survivors in the community from a middle-income country-An online cross-sectional study.,2022,United States,Foong Ming Moy; Noran Naqiah Hairi; Eugene Ri Jian Lim; Awang Bulgiba,
165-623-360-167-782,Long COVID,2026,,William J.M. Kinnear; Lukas Kalinke; James H. Hull,
165-644-632-847-603,"Chronic SARS-CoV-2, a Cause of Post-acute COVID-19 Sequelae (Long-COVID)?",2021,Switzerland,Jake S. O’Donnell; Keith J. Chappell,COVID-19; Long-COVID-syndrome; chronic; gut flora; immunology
165-915-898-856-242,"Long COVID: Complications, Underlying Mechanisms, and Treatment Strategies.",2023,United States,Farigol Hakem Zadeh; Daniel R Wilson; Devendra K Agrawal,Anxiety; Brain fog; Chronic fatigue syndrome; Cognitive dysfunction; Covid-19; Depression; Long Covid; Post Covid-19 syndrome; Post SARS-CoV2; Postural orthostatic tachycardia syndrome; Pulmonary fibrosis
166-865-002-944-957,Potential of Black Seeds (Nigella sativa) in the Management of Long COVID or Post-acute Sequelae of COVID-19 (PASC) and Persistent COVID-19 Symptoms - An Insight.,2023,United Arab Emirates,Naina Mohamed Pakkir Maideen; Abdurazak Hassan Jumale; Ibrahim Ramadan Barakat; Ayesha Khalifa Albasti,Long COVID; Nigella sativa; black seeds; chronic COVID; kalonji; long-haul COVID; long-term effects of COVID; post-COVID conditions (PCC); post-acute COVID-19; postacute sequelae of SARS-CoV-2 infection (PASC); thymoquinone
166-882-672-990-404,536. Development of post acute sequelae of SARS-Cov-2 infection (long Covid) in outpatient receiving monoclonal antibodies,2023,United States,Amelia Neto; Vivek Kak,
167-070-323-955-021,Phenotyping long COVID,2022,,Robert Naeije; Caravita Sergio,
167-111-241-111-843,Long-Term Cardiovascular Disorders of COVID-19,2023,,Muhammad Hassan Khan; Richard C. Becker,
167-188-720-768-581,The long COVID haul.,2023,United Kingdom,Sian Lewis,
167-505-535-810-473,"Association of long COVID with housing insecurity in the United States, 2022-2023.",2023,United Kingdom,Samuel E Packard; Ezra Susser,COVID-19; Housing; Housing insecurity; Long COVID; Post-acute COVID-19 syndrome
167-734-074-943-634,Long-COVID in immunocompromised children.,2022,Germany,Karolina Kuczborska; Piotr Buda; Janusz Książyk,Immunodeficiency; Long-COVID; Pediatric population; SARS-CoV-2
168-469-787-615-800,Long covid pulmonary rehabilitation,2025,France,H Ouksel,Covid long; Education thérapeutique du patient; Long-term Covid; PACING; Post-Covid Sequelae; Pulmonary réadaptation; Réadaptation respiratoire; Séquelles post Covid; Therapeutic Patient Education
168-568-339-022-255,Descriptive and Narrative Study of Long Covid Cases in General Practice and Diagnostic Value of Single Photon Emission Computed Tomography (SPECT scan),2022,,Marc Jamoulle; Gisèle Kazeneza-Mugisha; Ayoub Zayane,Long Covid; Family Medicine; Narrative Medicine; Single Photon Emission Computed Tomography (SPECT CT); Mixed Research
168-672-671-776-630,"P-273 COVID-19, LONG-COVID AND RETURN-TO-WORK: RESULTS OF A SURVEY FOR OCCUPATIONAL PHYSICIANS FROM AN ITALIAN REGION",2024,United Kingdom,Alberto Modenese; Fabriziomaria Gobba,
169-274-962-093-752,Post-Concussion Assessment as a diagnostic and mechanistic framework for treating patients with Long COVID,2022,,Bradley S. Davidson; Lily Noteboom; Hannah Pierro; Cayce Kantor; Daniel Stoot; Fred Stoot; Daniel Linseman; Troy Hale; Kim Gorgens,
169-299-640-059-894,Physical and psychological symptom burden from long Covid and correlation with clinico-radiological and biochemical profile of hospitalized patients with acute COVID-19 due to Delta variant of SARS-CoV-2,2023,India,Jayamol Revendran; Meenakshi Narasimhan,
169-440-541-727-148,2020 Citizen Science Event Book: #LongCovid,2023,,Andrea Huang,
169-512-700-961-610,"Long COVID Treatment No Silver Bullets, Only a Few Bronze BBs",2025,,Robert Martin,
169-603-539-987-470,Immediate and delayed immune and inflammatory responses to COVID-19,2024,,Felicity Liew,
169-615-881-005-741,Prevalence and risk factors associated with long COVID in children and adolescents: A systematic review and meta-analysis,2023,,Aiyu Guo,
169-722-364-929-632,is Long COVID-19?,2022,,Lin Zhang; J. Paulo Moreira; Yan Xi,
169-842-374-965-561,Preparations for the Assessment of COVID-19 Infection and Long-Term Cardiovascular Risk.,2022,South Korea,Jaehun Jung,COVID-19; COVID-19 vaccination; Cardiovascular risk; Long-COVID
169-875-243-783-320,PERSISTENT OR POST-ACUTE COVID-19: IVERMECTIN TREATMENT FOR PATIENTS WITH PERSISTENT SYMPTOMS,,,Gustavo Aguirre Chang,Long hauler; Long COVID; COVID Long term; Persistent Symptoms; Long Term COVID; Persistent COVID-19; Post-acute COVID-19; Prolonged COVID-19; Subacute COVID-19; Chronic COVID-19; Post-COVID Syndrome; Post-Viral Fatigue; Ivermectin
169-879-336-839-571,The Impact of Long COVID-19 Symptoms on Adolescent Mental Health,2024,,Kaneeka Chakraborty; Lee Conrad,
169-940-752-009-673,Spectrum of COVID-19: From Asymptomatic Organ Damage to Long COVID Syndrome,2024,,Andrew Ewing; Špela Šalamon; Etheresia Pretorius; David Joffe; Greta Fox; Stephane Bilodeau; Yaneer Bar-Yam,
169-989-901-943-177,The Effect of Long-Haul COVID-19 Towards Domains of The Health Related Quality of Life Among Recovered Hospitalized Patients,2022,,Indang Trihandini; Manendra Muhtar; Dea Allan Karunia Sakti; Chintya Putri Erlianti,Long-Haul COVID 19; WHOQOL-BREF Domains; Health-Related Quality of Life (HRQOL)
170-179-793-069-996,A call to action to enhance understanding of long COVID in long-term care home residents.,2022,United Kingdom,Janice M Sorensen; Valorie A Crooks; Shannon Freeman; Simon Carroll; Karen M Davison; Maura MacPhee; Annette Berndt; Jennifer Walls; Akber Mithani,
171-498-007-151-576,Advancing the Management of Long COVID by Integrating into Health Informatics Domain: Current and Future Perspectives,2023,,Radha Ambalavanan; R Sterling Snead; Julia Marczika; Karina Kozinsky; Edris Aman,
171-561-725-165-525,Long COVID and menstruation: bidirectional associations and potential mechanisms.,2025,,Jacqueline Maybin; Catherine Walker; Marianne Watters; Natalie Homer; Joanna Simpson; Cara Robb; Hilary O.D. Critchley; Gabriella Kountourides; Zuzanna Olszewska; Alexandra Alvergne,
172-128-045-024-154,Discovering long COVID symptom patterns: Association rule mining and sentiment analysis in social media tweets (Preprint),2022,,Surani Matharaarachchi; Mike Domaratzki; Alan Katz; Saman Muthukumarana,
172-288-692-587-298,Anti-interferon α-antibodies in pediatric patients with COVID-19 and long COVID.,2025,Poland,Oksana Boyarchuk; Vita Perestiuk; Tetiana Kosovska; Liubov Volianska,COVID-19; anti-interferon-α antibodies; long COVID; type I interferons
172-521-574-849-566,Prevalence of COVID-19 and Long COVID in Collegiate Student Athletes from Spring 2020 to Fall 2021: A Retrospective Survey,2023,,Daisy Massey; Sharon Saydah; Blythe Adamson; Andrew Lincoln; Douglas F. Aukerman; Ethan M. Berke; Robby Sikka; Harlan M. Krumholz,
172-549-843-518-955,Investigating Self-Reporting of Long COVID on Twitter: Findings from Sentiment Analysis,2023,,Nirmalya Thakur,
172-766-974-766-626,Exercise Is the Most Important Medicine for COVID-19.,2023,United States,Harriet A Carroll; Naomi Harvey,
173-067-697-893-590,Supplementary Long COVID,2023,,Nina Dwi Putri,
173-682-442-033-315,Long-COVID in immunocompromised children,2022,,Karolina Kuczborska; Piotr Buda; Janusz Książyk,
173-801-407-895-402,How COVID-19 Brought Medical Gaslighting to the Forefront and Made Invisible Illness Visible: Lessons from the BIPOC Long COVID Study,2023,,Margot Gage Witvliet,
173-922-339-465-857,Potential Biomarkers for Predicting the Risk of Developing Into Long COVID After COVID-19 Infection.,2025,England,Zhiyong Hou; Yu Ming; Jun Liu; Zhong Wang,COVID‐19; immune cell infiltration; long COVID; machine learning algorithms; modular pharmacology platform
173-960-658-278-984,Role of 1-minute sit-to-stand in the diagnosis of Long COVID,2022,,N Faria; T Oliveira; P Pinto; V Almeida; M J Fernandes; R Carvalho; M Sucena; J Gomes,
173-979-624-054-78X,Pharmacotherapy from pre-COVID to post-COVID: longitudinal trends and predictive indicators for long COVID symptoms,2024,,Nadia Baalbaki; Sien Verbeek; Harm Jan Bogaard; Jelle Blankestijn; Vera van den Brink; Merel Cornelissen; Jos Twisk; Korneliusz Golebski; Anke Hilse Maitland-Van der Zee,
174-030-000-522-907,Long COVID or Post-Acute Sequelae of SARS-CoV-2 Infection (PASC) and the Urgent Need to Identify Diagnostic Biomarkers and Risk Factors.,2024,Poland,Dinah V Parums,Long COVID; PASC; SARS-CoV-2; Biomarkers; Risk Factors; Review
174-144-514-834-102,Prediction of Long COVID Based on Severity of Initial COVID-19 Infection: Differences in predictive feature sets between hospitalized versus non-hospitalized index infections,2023,,Damien Socia; Dale Larie; Sol Feuerwerker; Gary An; Chase Cockrell,
174-899-888-988-558,System and Method to Determine ME/CFS and Long COVID Disease Severity Using a Wearable Sensor,2024,,Yifei Sun; Suzanne D. Vernon; Shad Roundy,
175-111-785-055-536,D109. THE LONG AND THE SHORT OF LONG COVID,2023,,,
175-126-690-502-884,Prediction of Long COVID Based on Severity of Initial COVID-19 Infection: Differences in predictive feature sets between hospitalized versus non-hospitalized index infections.,2023,United States,Damien Socia; Dale Larie; Sol Feuerwerker; Gary An; Chase Cockrell,COVID; Long COVID; Machine Learning; Plant Hardiness Zones; SARS-COV2
175-195-472-354-982,Investigation of hippocampal subfield volumes in long COVID and ME/CFS using 7T MRI,2024,,Kiran Thapaliya; Sonya Marshall-Gradisnik; Natalie Eaton-Fitch; Markus Barth; Maira Inderyas; Leighton Barnden,
175-211-501-110-707,Long COVID: An Emerging Puzzle: Long COVID,2021,,Antonis S. Manolis; Theodora A Manolis,
175-240-932-948-90X,The impact of Long COVID on the UK workforce,2022,United Kingdom,Darja Reuschke; Donald Houston,
175-257-413-451-820,Millions of US Children Experience Range of Long COVID Effects.,2024,United States,Emily Harris,
175-375-203-276-216,Long COVID in Elderly Patients: An Epidemiologic Exploration Using a Medicare Cohort,2023,,Kin Wah Fung; Fitsum Baye; Seo H Baik; Zhaonian Zheng; Clement J McDonald,
175-565-390-370-976,Determining the Symptoms of Long-COVID-19 Infection in COVID Long-Haulers,2023,,Stefania Pellino; Margherita Luciano; Rosamaria Luciano; Erika Mancini; Maria Concetta Conte; Gennaro Volpe; Tommaso Zerella,
175-602-323-740-375,"Conclusion: Long COVID, long racism",2023,,,
175-616-612-407-613,Long COVID risk and pre-COVID vaccination in an EHR-based cohort study from the RECOVER program,2023,,M. Daniel Brannock; Robert F. Chew; Alexander Preiss; Emily Hadley; Signe Redfield; Julie A. McMurry; Peter Leese; Andrew T. Girvin; Miles Crosskey; Andrea Zhou; Richard A. Moffitt; Michele Jönsson Funk; Emily Pfaff; Melissa Haendel; Christopher G. Chute,
176-403-437-556-730,Variant connective tissue as a risk factor for long COVID: a case-control study of data from a retrospective online survey of adults in the USA and UK.,2025,England,Regina A Torok; Jeffrey Lubell; Rena M Rudy; Jessica Eccles; Lisa Quadt,COVID-19; Prevalence; Public Health; SARS-CoV-2
176-441-032-688-011,LONG COVID,2022,,Eline Hofman,
176-706-292-731-865,Unified Protocol Application in Patients with Long COVID-19 Condition,2023,,"Verónica Martínez-Borba; Óscar Peris-Baquero; Laura Martínez-García,; Jorge Osma; Esther del Corral-Beamonte",
176-814-295-048-824,When you can't find the words: Using body mapping to communicate patients' experiences of Long Covid.,2024,Netherlands,Maaret Jokela-Pansini; Beth Greenhough; Oonagh Cousins; Jo Dainow,Body mapping; Chronic Illness; Long Covid  COVID-19; Patient communication; Patient support
176-995-648-992-497,"1302-P: Long-COVID in Type 1 and Type 2 Diabetes—Prevalence, Clinical Outcomes, and Inflammatory Marker Responses",2024,United States,EMER O'DOHERTY; ATIF ADAM; ALMOG SHALIT; HETAL SHAH; GEORGE L. KING; ROELAND J.W. MIDDELBEEK,
177-017-388-473-226,Post/Long-COVID,2024,,Eva-Maria Skoda; Hannah Dinse,
177-165-228-686-50X,P-316 Awareness and practices regarding 'long COVID' among employees of selected electronics industries in South India,2023,,Merlyn Joseph; Bobby Joseph,
177-288-860-524-23X,Long COVID,2021,,Disease Ontology,
177-292-457-132-174,"""The dream is that there's one place you go"": a qualitative study of women's experiences seeking care from Long COVID clinics in the USA.",2024,United Kingdom,Linnea I Laestadius; Jeanine P D Guidry; Megan M Wahl; Paul B Perrin; Kellie E Carlyle; Xiaobei Dong; Raouf Gharbo; Celeste Campos-Castillo,Access to care; Long COVID; Post COVID; Qualitative; Quality of care; Women
177-620-669-942-240,Long COVID as a Disability,2025,,Charles Allan McCoy,
178-097-738-397-331,"How ""long covid"" is shedding light on postviral syndromes.",2022,United Kingdom,Brian Owens,
178-346-146-080-781,LONG COVID: A LONG RACE TO WIN,2023,United States,SARANG PATIL,
178-452-078-730-795,Long COVID from rheumatology perspective - a narrative review,2021,Germany,Hem Raj Sapkota; Arvind Nune,
178-597-819-377-747,Generation COVID-19 Long Haulers,,,Julia M. Puaschunder,COVID-19; Crisis; Debilitation; Emotional impairment; Fatigue; Headaches; Memory fog; Generation COVID-19 Long Haulers; Healthcare; Medication; Preventive care; Respiratory symptoms; Self-measurement; Vaccination
178-868-091-831-389,Long COVID.,2022,Poland,Katarzyna Guziejko; Jarosław Tałałaj; Piotr Czupryna; Anna Moniuszko-Malinowska,COVID-19; long COVID; long-term health consequences; pandemic
179-139-350-309-090,Long COVID as a chronic illness: giving credibility to support students,2023,,Katherine C. Aquino; Jane Jarrow; Lisa Vance; Ametrine Elizabeth Rei‐Skoff,
179-320-168-774-312,Correlation between immune system activity and the susceptibility to Long COVID symptoms,2023,,Dylan Nguyen,
179-358-444-834-291,Long COVID in children,2023,,Joseph L. Mathew; Kamal Kumar Singhal,
179-392-014-056-097,Long COVID Mimicking Interstitial Lung Disease: A Case Series.,2021,Romania,Nitin Goel; Nitesh Goyal; Raj Kumar,COVID-19 RT-PCR Testing; COVID19; IgG; Interstitial Lung Disease; SARS-CoV-2
179-639-543-196-679,How long-Haul COVID Impacts the Ability to Work and Manage Social and Physical Activities?,2021,,Benjamin Clarke,
179-645-701-014-174,Long-COVID-19,2024,,Robert Bals,
179-984-166-144-060,What Risk Factors to Cause Long COVID and Its Impact on Patient Survival Outcomes when Combined with the Effect from Organ Transplantation in the Acute COVID,2023,,Jianghu Dong,
180-198-725-599-916,What is causing the 'long-hauler' phenomenon after COVID-19?,2021,United States,Leonard H. Sigal,
180-396-955-171-058,Exploring the Heart Failure Connection in Long COVID Patients: A Narrative Review.,2024,United States,Emmanuel Olumuyide; Chibuike C Agwuegbo; Eman N Ahmed,2019-ncov; cardiac complications; cardiovascular/cardio and vascular/blood vessel disease; covid-19; heart failure; long covid; sars-cov-2; wuhan coronavirus
180-498-155-800-036,"Are COVID and Long COVID ""Legitimate"" Diagnoses? Not Everyone Thinks So",2023,,Laura Mehegan,
181-303-178-435-696,Patient-Led Research for COVID-19: Embedding Patients in the Long COVID Narrative,2020,,Lisa McCorkell; Gina Assaf; Hannah Davis; Hannah Wei; Athena Akrami,
181-423-707-462-697,Long COVID risk factors and outcomes among solid organ transplant recipients: a retrospective cohort study.,2025,Switzerland,Micaela N Sandoval; Linda W Moore; Howard J Huang; Edward A Graviss,COVID-19; epidemiology; infectious diseases; long COVID; solid organ transplant (SOT)
181-466-937-358-182,"Covid-19, Long Covid, and Psychosomatic Manifestations: A Possible Burden on Existing Rheumatology Facilities",2022,,Md Abu Bakar Siddiq; Johannes Jacobus Rasker,
181-830-984-927-585,"The Ongoing Story of COVID and Long COVID: A Survey of Adults Age 50-Plus - Report, October 2022",2023,,Laura Mehegan,
182-846-552-485-78X,A Meta-Meta-Analysis of Post-COVID Symptoms: Unveiling the Persistent Burden of Long COVID,2025,,Sumith Chandra Uppala,
182-858-730-583-066,Long-Term Effects of COVID-19: A Systemic Review,2022,,Hassan Naji,COVID-19; chronic COVID-19; long-haul COVID-19; long COVID-19; ongoing COVID-19 symptoms; persistent COVID-19; post COVID-19 condition; post COVID-19 manifestations; post COVID-19 syndrome; post-acute COVID-19; post-acute sequalae of SARS-CoV-2
182-886-850-523-162,A Blood Supply Pathophysiological Microcirculatory Mechanism for Long COVID.,2024,Switzerland,Aristotle G Koutsiaris,blood supply; case–control studies; diffusion; hemodynamics; long COVID; mechanism; microcirculation; microthrombosis; microvascular loss; pathophysiology
183-236-933-829-492,S234 COVID-19 Long COVID and Gut Dysbiosis,2024,Germany,Adriana Vidal; Brad Barrows; Guanhui Bao; Amelia Goudzwaard; Andreas Papoutsis; Sabine Hazan,
183-250-612-717-976,Evaluation of Patients Monitored Due to SARS-CoV-2 Infection in Terms of Long-COVID-19 Syndrome,2024,,Sezin Hoşgel Sevdimbaş; Ayşe Seza İnal; Ferit Kuşcu; Behice Kurtaran; Aslıhan Candevir; Yeşim Taşova; Süheyla Kömür,
183-333-558-766-120,Emergency department utilization among children with Long COVID symptoms: a COVID-19 research consortium study.,2024,United Kingdom,Pranav Bhimani; Adina Scheinfeld; Mangala Rajan,COVID-19 Research Database; Emergency use; Long COVID; Symptoms
183-538-840-971-506,The role of immune activation and antigen persistence in acute and long COVID.,2023,Canada,Skye Opsteen; Jacob K Files; Tim Fram; Nathan Erdmann,COVID-19; inflammation
183-870-693-273-429,Association of Long COVID With Vision Difficulties Among Adults in the United States,2025,United States,Mona Pathak; Sophie Mitra; Chan Shen; Hao Wang; Patricia A. Findley; R. Constance Wiener; Usha Sambamoorthi,
184-210-940-921-757,Long COVID Incidence in a Large US Ambulatory Electronic Health Record System.,2023,United Kingdom,Robert Sedgley; Jessamine Winer-Jones; Machaon Bonafede,COVID-19; SARS-CoV-2; United States; coronavirus disease 2019; long COVID; postacute sequalae; post–COVID-19 conditions; severe acute respiratory syndrome coronavirus 2
184-540-495-875-538,Why the threat of psychosocial reductionism to patients in psychiatry and medicine is rather ignored.,2025,United Kingdom,Thomas H J Molmans,
184-715-753-980-261,What is the current state of research on the epidemiology of long COVID-19 or post-COVID-19?,2025,,null Tripdatabase,
184-869-076-678-947,"COVID-19: no longer a global health emergency, now a long term challenge.",2023,Australia,Virginia Barbour,
184-902-016-410-510,Advances in Research on the Diagnosis and Treatment of Long COVID-19,2024,,Huiqi Sun; Jiuxi Liu,
185-105-245-850-565,"Stress, anxiety, and depression severity among individuals with no history, previous history, or current history of long COVID.",2023,Netherlands,Zoe Sirotiak; Emily B K Thomas; Angelique G Brellenthin,Anxiety; Depression; Long COVID; Post-acute sequalae of COVID-19; Post-viral syndrome; Psychological stress
185-180-882-871-756,Multilevel Determinants of Long COVID and Potential for Telehealth Intervention.,2024,United States,Molly Jacobs; Charles Ellis; Irene Estores,COVID-19; Income; Long COVID; Race; Social Determinants of Health; Telehealth
185-515-863-778-777,"Anticoagulant vs. antiviral therapy, recovery and neurodamage in Long COVID: a real-world prospective cohort study",2025,,Marc Jamoulle; Margaux Mignolet; Isabelle Meyts; Aurélie Ladang; Charles Nicaise; Johan Van Weyenbergh,
186-361-943-172-940,Long COVID Models of Care,2024,,Roger Chou; Tracy Dana; Azrah Y. Ahmed; Leah Williams; Eric Herman; Jordan Anderson; Ilya Ivlev; Shelley Selph,
187-158-217-558-796,"Characteristics of Long COVID Symptoms of People Affected by COVID-19 living at Dhaka Division, Bangladesh",2024,,Tamzid Hossain; Mohammad Anwar Hossain*; Farjana Sharmin; Md Ershad Ali; Md. Shafiqul Islam; Kulsum Akter; Shahid Afridi; Amina Akter; Luthfor Rahman; Rubaya Sultana,
187-166-078-875-029,Impacts of Long COVID: 2022 AARP Focus Groups Among Adults Ages 40 t0 55,2023,,Laura Mehegan,
187-962-656-439-26X,Who Gets Long COVID and Suffers its Mental Health and Socioeconomic Consequences in the United States? Preliminary Findings from a Large Nationwide Study,2023,,Daniel Kim,
188-145-837-589-597,Post-COVID or long-COVID? That is the question.,2023,Poland,Salvatore Chirumbolo; Umberto Tirelli,
188-348-325-497-728,Long COVID-19: A Systematic Review.,2023,India,Subrahmanyam Karuturi,
188-369-712-804-532,"Editorial: Long COVID: pathogenesis, diagnosis and clinical management.",2025,Switzerland,Arch G Mainous; Shisan Bao; Michel Goldman,COVID; Long COVID; clinical management; diagnosis; mortality
188-381-809-992-762,Employment status of referrals to a regional Long COVID service in the United Kingdom.,2022,,H Shams-Khan; N Nwosu; L Watkins; G Tack,
188-518-748-051-946,Trauma and technology: understanding barriers and solutions to Long COVID care access,2024,,Laura Myerchin Sklaroff,
188-641-133-830-234,Association of Cognitive Deficits with Sociodemographic Characteristics among Adults with Post-COVID Conditions: Findings from the United States Household Pulse Survey,2023,,Daniel J. Wu; Nianjun Liu,
188-641-749-212-709,A Critical Analysis of UK Media Characterisations of Long Covid in Children and Young People,2024,,Chloe Connor; Michael Kranert; Sara Mckelvie; Donna Clutterbuck; Sammie Mcfarland; Nisreen A Alwan,
188-806-520-546-287,Postinfection Post-vaccination Autoimmune Neural Long COVID-19,2022,,Ibrahim M. S. Shnawa,Autoantibody; Auto-reacting cells; COVID-19; epitope; long COVID; tissue injury
189-273-505-325-942,"Priorities for Research, Education, Clinical Practice, and Policy From the Long COVID Physio International Forum",2024,,Kiera McDuff; Darren A. Brown; Douglas P. Gross; Mark A. Faghy; Todd E. Davenport; Jennifer Audette; Laura Bassi; Michelle Bull; Saul E. Cobbing; Simon Décary; Alison Flynn; Flic Jeyes; Cara Kaup; Malissa Martin; Etienne Ngeh; David Putrino; André Saravia; Asya Shiloff-Rogers; Helen Skiffington; Lindsay Skipper; Julia M. Vogel; Kelly K. O'Brien,
189-297-100-450-055,Neuropsychiatric aspects of long COVID: A comprehensive review.,2022,United Kingdom,Takafumi Kubota; Naoto Kuroda; Daichi Sone,COVID-19; long COVID; neurology; post COVID-19 condition; psychiatry; COVID‐19; post COVID‐19 condition
189-319-972-561-574,250. Clinical Disease in Pediatric Long Covid,2022,United States,Taylor Wells; Sarah Gillen; Bazak Sharon,
189-484-903-317-710,What Is Long COVID?,2025,,Erica Crome; Darcie Cooper; Catherine M. Bennett; Danielle Hitch,
190-033-265-908-956,Assessing the effects of long-COVID on mental health in the United States: a population based study.,2025,Switzerland,Anusua Datta,Anxiety; COVID-19; Depression; Mental health
190-231-054-859-266,Investigating care outcomes and experiences of adults with Long COVID through patient- reported indicators (PROMs and PREMs) in Belgium,2025,,Sarah Moreels; Reindert Ekelson; Pierre Smith; Niko Speybroeck; Sherihane Bensemmane; Robrecht De Schreye; Dagmar Annaert,
190-546-837-477-930,A Systematic Review on the Risk Factors of Developing Long COVID in Asia Pacific,2023,,Auni Widad Mohd Yusof; Muhammad Suffi Abdul Kadir; Fadlinda Tasnim Abdul Razak,
191-022-901-301-913,The Future of Long COVID,2024,,Melissa Smallwood,
191-209-562-015-516,An update on Long COVID,2024,,Gary Grohmann; Robert Booy,
191-401-451-112-655,Impact of long COVID on recovery in sport and exercise,2023,,Simon Haunhorst; Wilhelm Bloch; Christian Puta,
191-428-277-912-963,Long-COVID und Diabetes,2022,Germany,Stefan Bornstein,
191-746-950-040-864,Post-COVID Conditions,2026,,Department of Health and Human Services. Centers for Disease Control and Prevention; Center for Health Statistics,
192-015-035-181-417,Neuromuscular manifestations in long-COVID syndrome,2022,Germany,Helmar C Lehmann,Autonomic dysfunction; Multiorgan manifestation; Myalgia; Postural tachycardia syndrome; SARS-CoV‑2; Multiorganmanifestation; Myalgien; Autonome Dysfunktion; Posturales Tachykardiesyndrom
192-093-689-645-894,"Covid-19: Long covid risk is lower with omicron than delta, researchers find.",2022,United Kingdom,Jacqui Wise,
192-187-451-140-156,How long is long COVID.,2022,United Kingdom,Chokan Baimukhamedov,SARS-CoV-2; arthritis; long COVID; post-COVID-19 syndrome; rheumatoid arthritis
192-222-667-203-102,The Impact of Long COVID-19 on the Cardiovascular System.,2024,United States,Matthew W McMaster; Subo Dey; Tzvi Fishkin; Andy Wang; William H Frishman; Wilbert S Aronow,POTS; inappropriate sinus tachycardia; long COVID; long-haul COVID; post-COVID tachycardia syndrome; post-COVID-19 condition; postacute sequelae of SARS-CoV-2
192-361-328-535-76X,"Long COVID Treatment No Silver Bullets, Only a Few Bronze BBs",2026,,Robert  L Martin,
192-382-567-734-363,Long COVID,2022,,Luis del Carpio-Orantes,
192-787-177-115-925,"Awareness, knowledge, and management of long COVID amongst a cohort of primary care-based physiotherapists in New Zealand",2023,,Sarah Rhodes; Ella Waite,
193-037-758-526-478,Long-Haul COVID Clinics: a trip without a map.,2021,,Edoardo Cervoni,
193-279-307-698-256,Long Coronavirus Disease and Chronic Coronavirus Disease in  Health-Care Workers: A Cross-Sectional Study,2024,,Hazal Cansu Çulpan; Sümeyye Nur Aydın; Günay Can; Ayşen Kutan Fenercioğlu; Ethem Erginöz,
193-574-722-363-199,Baseline capillaroscopy provides no evidence of microvascular changes to predict long-COVID syndrome.,2024,Slovakia,Bahar Ozdemir Ulusoy; Hakan Babaoglu; Berkan Armagan Adalet Aypak; Esragul Akinci; Orhan Kucuksahin; Ahmet Omma Sukran Erten; Abdulsamet Erden,COVID-19; long-COVID post-COVID.; microangiopathy; nailfold capillaroscopy
194-137-417-866-401,Le COVID long se gurit mais cela prend du temps,2022,,Martina Huber,
194-870-209-856-374,Coping with Long-COVID Stigma: The Role of Self-Compassion and Self-Coldness,2024,,Maor Shani,
194-970-434-534-302,SSRI use during acute COVID-19 and risk of long COVID among patients with depression,2024,,Zachary Butzin-Dozier; Ji Y; Sanjeev Deshpande; Eugene S. Hurwitz; Abdolreza Sotoodeh Jahromi; Jeremy Coyle; Jianxin Shi; Andrew Mertens; van der Laan M.J; John M. Colford; Rebecca C.; Hubbard A.E.,
195-298-079-774-515,Prevalence of symptoms of post-COVID-19 condition (long COVID) in children hospitalized with COVID-19: A systematic review of observational studies.,2024,United States,Maíra Machado da Silva; Maryellen Nepomuceno Benites; Yasmin Marques Castro; Paulo Victor Moura; Linjie Zhang,COVID‐19; hospitalization; long COVID; meta‐analysis; post‐COVID‐19 condition; symptoms; systematic review
195-395-275-456-404,"Correlates of long-COVID-19: the role of demographics, chronic illness, and psychiatric diagnosis in an urban sample.",2023,United States,Talia Schulder; Sasha Rudenstine; Catherine K Ettman; Sandro Galea,Long-COVID; chronic illness; pandemic; psychiatric diagnoses
195-445-472-551-307,Statistical and Predictive Analysis to Identify Risk Factors and Effects of Post COVID-19 Syndrome,2025,,Milad Leyli-abadi; Jean-Patrick Brunet; Axel Tahmasebimoradi,
195-681-536-905-288,"Long COVID during Omicron: Patients' characteristics, vaccine uptake and healthcare resource utilisation",2025,,Jingyan Yang; Kiran Rai; Cale Harrison; Rebecca Butfield; David Gruben; Hannah Gowman; Rosie Hulme; Isabel Jimenez; Hannah R Volkman; Jennifer Nguyen,
195-786-517-775-909,[The Long-COVID Syndrome - a New Clinical Picture after COVID-19 Infection]./ Das Long-COVID-Syndrom ­ ein neues Krankheitsbild nach COVID-19-Infekt.,2021,,Manuela Funke-Chambour; Laurence Feldmeyer; Robert Hoepner; Uyen Huynh-Do; Britta Maurer; Emrush Rexhaj; Thomas Geiser,
195-851-431-624-729,The prevalence of long COVID symptoms in Indonesia: a cross-sectional study in Aceh,2023,,Maryatun Hasan; Wahyu Eka Sari; Agung Pranata,
196-026-444-595-855,Long COVID/Post-COVID-19 Syndrome - A Review,2024,,Ahmed Burooj; Ruqia Al-Ali,
196-179-036-999-524,Pediatric Long COVID,2024,,Stefan Schwarz; Veith Hümmert,
196-635-227-752-520,Assessment and Management of Long COVID.,2022,Switzerland,Rafael A Rivas-Vazquez; Gustavo Rey; Alan Quintana; Ana A Rivas-Vazquez,COVID-19; Long COVID; Long haulers; PASC
196-734-245-677-222,The NLRP3 inflammasome as a key pathway in the affective and chronic fatigue symptoms of Long COVID,2025,,Yingqian Zhang; Hussein Kadhem Al-Hakeim; Hawraa Kadhem Al-Jassas; Michael Maes,
197-673-475-565-736,Incidence of Long COVID Following Reinfection with COVID-19,2025,,M Daniel Brannock; Emily Hadley; Alexander Preiss; Megan L Fitzgerald; Nita Jain; Emily Taylor; Andrew Wylam; Yun J Yoo; Elaine Hill; Richard A Moffitt,
197-694-939-458-369,Overview of Long COVID: Navigating the Aftermath.,2025,United States,Katelyn Duenas; Won Jong Chwa; Farzana Hoque,COVID-19; Coronavirus; Long COVID; Post COVID; Post-COVID syndrome.
197-808-219-735-180,Long COVID in non-hospitalised children and young people: A national matched cohort study. (The CLoCk study),2024,,Terence Stephenson; Roz Shafran,
197-827-748-536-682,Prevalence and risk factors of Long COVID 3 months after infection during the outbreak of COVID-19 at the end of 2022 in China: A cross-sectional survey (Preprint),2024,,Wei Yan; Hui Xia; Guiju Sun; Yufei Shi; Shaokang Wang; Wang Liao; Da Pan,
197-999-338-833-896,Long COVID? What is that?,2023,United Kingdom,Jules Morgan,
198-201-914-107-368,Autoimmunity and long COVID in children.,2023,Poland,Oksana Boyarchuk; Liubov Volianska,autoimmunity; immune dysregulation; long COVID; post-COVID-19 condition
198-299-911-343-830,The Ongoing Story of COVID and Long COVID Among Latino Adults Age 50 and Older,2023,,Laura Mehegan,
198-698-182-813-019,Neurological clinical presentation of long COVID syndrome,2025,,Oxana Grosu; Cornelia Turcan; Lilia Rotaru; Stela Odobescu; Ion Moldovanu,
198-702-723-682-672,Effect of Complete COVID-19 Vaccination on Long COVID among the Nepalese Population,2025,,Bipindra Khaniya; Sanju Kharel; Pratikshya Laudari; Hari Prasad Upadhyay; Shankar Laudari,
198-782-347-728-640,Prevalence of long-COVID symptoms among non-hospitalized patients in primary care – Part 1 of 3,2024,United States,Dominik Ose; Elena Gardner; Andrew Curtin; Kirsten Stoesser; Mingyuan Zhang; Jennifer Leiser; Bernadette Kiraly,
199-234-966-928-210,Predictors of “Long COVID-19”,2021,,Anthony L. Komaroff,
199-488-262-837-361,COVID-19 – a Five-Year Update,2024,,Ahmed Burooj,
199-966-797-102-357,LONG COVID DATA SET,2022,,Paul Kuodi,
